날짜,종가,시가,고가,저가,거래량,변동 %,일간수익률,누적수익률,5일이동평균,20일이동평균,60일이동평균,연환산변동성,고점,낙폭
2000-01-03,1455.2,1469.2,1478.0,1438.4,,-0.95,,0.0,,,,,1455.2,0.0
2000-01-04,1399.4,1455.2,1455.2,1397.4,,-3.83,-0.03834524463991196,-0.03834524463991196,,,,,1455.2,-0.03834524463991196
2000-01-05,1402.1,1399.4,1413.3,1377.7,,0.19,0.001929398313562869,-0.03648982957669045,,,,,1455.2,-0.03648982957669056
2000-01-06,1403.5,1402.1,1411.9,1392.0,,0.1,0.0009985022466301174,-0.03552776250687184,,,,,1455.2,-0.03552776250687195
2000-01-07,1441.5,1403.5,1441.5,1400.5,,2.71,0.027075169219807682,-0.009414513468938845,1420.34,,,,1455.2,-0.009414513468938956
2000-01-10,1457.6,1441.5,1464.4,1441.5,,1.12,0.011168921262573628,0.0016492578339748487,1420.8200000000002,,,,1457.6,0.0
2000-01-11,1438.6,1457.6,1458.8,1434.4,,-1.3,-0.013035126234906658,-0.011407366684991538,1428.6599999999999,,,,1457.6,-0.013035126234906658
2000-01-12,1432.2,1439.1,1445.3,1427.3,,-0.44,-0.004448769637147132,-0.01580538757559069,1434.6799999999998,,,,1457.6,-0.01742590559824364
2000-01-13,1449.7,1432.2,1454.6,1432.2,,1.22,0.012218963831867047,-0.00377954920285839,1443.92,,,,1457.6,-0.005419868276619
2000-01-14,1465.2,1449.7,1473.0,1449.7,,1.07,0.01069186728288618,0.006871907641561759,1448.66,,,,1465.2,0.0
2000-01-18,1455.1,1465.2,1465.2,1451.2,,-0.69,-0.006893256893257038,-6.871907641525787e-05,1448.1599999999999,,,,1465.2,-0.006893256893257038
2000-01-19,1455.9,1455.1,1462.2,1448.7,,0.05,0.0005497903924129854,0.0004810335349096917,1451.6200000000001,,,,1465.2,-0.006347256347256303
2000-01-20,1445.6,1455.9,1465.6,1438.6,,-0.71,-0.007074661721272135,-0.006597031335898507,1454.3,,,,1465.2,-0.01337701337701347
2000-01-21,1441.4,1445.6,1452.8,1439.5,,-0.29,-0.002905368013281562,-0.009483232545354103,1452.6399999999999,,,,1465.2,-0.016243516243516165
2000-01-24,1401.5,1441.4,1454.2,1395.4,,-2.77,-0.027681420840849236,-0.03690214403518377,1439.9,,,,1465.2,-0.04347529347529355
2000-01-25,1410.0,1401.5,1414.3,1388.5,,0.61,0.0060649304316804376,-0.031061022539856542,1430.8799999999999,,,,1465.2,-0.03767403767403765
2000-01-26,1404.1,1410.0,1412.5,1400.1,,-0.42,-0.004184397163120579,-0.03511544804837774,1420.52,,,,1465.2,-0.04170079170079177
2000-01-27,1398.6,1404.1,1419.0,1380.5,,-0.39,-0.003917099921658007,-0.03889499725123646,1411.12,,,,1465.2,-0.045454545454545525
2000-01-28,1360.2,1398.6,1398.6,1356.1,,-2.75,-0.027456027456027376,-0.06528312259483182,1394.8799999999999,,,,1465.2,-0.07166257166257162
2000-01-31,1394.5,1360.2,1394.5,1350.0,,2.52,0.025216879870607167,-0.04171247938427669,1393.48,1425.595,,,1465.2,-0.04825279825279827
2000-02-01,1409.3,1394.5,1412.6,1384.8,,1.06,0.010613122983148093,-0.0315420560747659,1393.34,1423.3,,,1465.2,-0.03815178815178821
2000-02-02,1409.1,1409.3,1420.5,1403.2,,-0.01,-0.0001419144256014082,-0.031679494227597194,1394.3400000000001,1423.785,,,1465.2,-0.03828828828828834
2000-02-03,1425.0,1409.1,1425.8,1398.5,,1.13,0.011283798169044124,-0.02075316107751468,1399.6200000000001,1424.9299999999998,,,1465.2,-0.02743652743652747
2000-02-04,1424.4,1425.0,1436.0,1420.5,,-0.04,-0.0004210526315788776,-0.021165475536008338,1412.46,1425.975,,,1465.2,-0.027846027846027854
2000-02-07,1424.2,1424.4,1427.2,1413.3,,-0.01,-0.0001404099971917816,-0.02130291368883952,1418.4,1425.1100000000001,,,1465.2,-0.027982527982527983
2000-02-08,1441.7,1424.2,1442.0,1424.2,,1.23,0.012287600056171799,-0.00927707531610733,1424.8799999999999,1424.315,,,1465.2,-0.016038766038766084
2000-02-09,1411.7,1443.3,1444.4,1411.6,,-2.08,-0.020808767427342723,-0.029892798240791274,1425.4,1422.9699999999998,,,1465.2,-0.03651378651378656
2000-02-10,1416.8,1411.7,1422.0,1406.4,,0.36,0.0036126655805057695,-0.026388125343595026,1423.7599999999998,1422.2,,,1465.2,-0.033033033033033066
2000-02-11,1387.1,1416.8,1416.8,1379.2,,-2.1,-0.020962732919254656,-0.046797691039032085,1416.3,1419.0700000000002,,,1465.2,-0.05330330330330335
2000-02-14,1389.9,1387.1,1394.9,1380.5,,0.2,0.00201859995674436,-0.04487355689939487,1409.44,1415.3049999999998,,,1465.2,-0.05139230139230133
2000-02-15,1402.0,1389.9,1407.8,1376.2,,0.87,0.008705662277861625,-0.036558548653105816,1401.5,1412.65,,,1465.2,-0.04313404313404312
2000-02-16,1387.7,1402.0,1404.7,1385.6,,-1.02,-0.010199714693295281,-0.04638537658053843,1396.7,1409.24,,,1465.2,-0.052893802893802855
2000-02-17,1388.3,1387.7,1399.8,1380.1,,0.04,0.0004323701088131404,-0.04597306212204477,1391.0,1406.375,,,1465.2,-0.05248430248430258
2000-02-18,1346.1,1388.3,1388.3,1345.3,,-3.04,-0.03039688828063103,-0.07497251236943347,1382.8,1401.6100000000001,,,1465.2,-0.08128583128583133
2000-02-22,1352.2,1346.1,1358.1,1332.0,,0.45,0.004531609835822126,-0.07078064870808098,1375.26,1399.145,,,1465.2,-0.07712257712257709
2000-02-23,1360.7,1352.2,1370.1,1342.4,,0.63,0.006286052359118388,-0.06493952721275398,1367.0,1396.6799999999998,,,1465.2,-0.0713213213213213
2000-02-24,1353.4,1360.7,1364.5,1329.9,,-0.54,-0.005364885720584911,-0.06995601979109367,1360.1399999999999,1394.145,,,1465.2,-0.07630357630357631
2000-02-25,1333.4,1353.4,1362.1,1329.1,,-1.48,-0.014777597162701328,-0.0836998350742163,1349.1599999999999,1390.885,,,1465.2,-0.08995358995358993
2000-02-28,1348.0,1333.4,1360.8,1325.0,,1.09,0.010949452527373671,-0.0736668499175368,1349.5400000000002,1390.275,,,1465.2,-0.07998907998908
2000-02-29,1366.4,1348.0,1369.5,1348.0,,1.36,0.013649851632047572,-0.06102253985706396,1352.38,1388.87,,,1465.2,-0.06743106743106742
2000-03-01,1379.2,1366.4,1383.0,1366.4,,0.94,0.00936768149882905,-0.052226498075865435,1356.0800000000002,1387.365,,,1465.2,-0.058695058695058644
2000-03-02,1381.8,1379.2,1386.9,1370.3,,0.19,0.001885150812064973,-0.050439802089059516,1361.76,1386.0,,,1465.2,-0.056920556920556975
2000-03-03,1409.2,1381.8,1410.9,1381.8,,1.98,0.01982920827905632,-0.03161077515118149,1376.9199999999998,1385.21,,,1465.2,-0.038220038220038166
2000-03-06,1391.3,1409.2,1409.8,1384.8,,-1.27,-0.012702242407039543,-0.04391148982957627,1385.5800000000002,1383.5549999999998,,,1465.2,-0.050436800436800544
2000-03-07,1355.6,1391.3,1399.6,1349.6,,-2.57,-0.025659455185797486,-0.06844420010995012,1383.42,1380.125,,,1465.2,-0.0748020748020749
2000-03-08,1366.7,1355.6,1373.6,1346.5,,0.82,0.008188256122750204,-0.06081638262781697,1380.92,1376.375,,,1465.2,-0.06722631722631722
2000-03-09,1401.7,1366.7,1401.8,1357.8,,2.56,0.02560913148459787,-0.03676470588235248,1384.9,1375.875,,,1465.2,-0.04333879333879331
2000-03-10,1395.1,1401.7,1413.4,1392.1,,-0.47,-0.004708568167225646,-0.041300164925783034,1382.08,1374.7900000000002,,,1465.2,-0.04784329784329788
2000-03-13,1383.6,1395.1,1398.5,1365.3,,-0.82,-0.008243136692710151,-0.049202858713578435,1380.54,1374.615,,,1465.2,-0.05569205569205582
2000-03-14,1359.2,1383.6,1395.3,1359.1,,-1.76,-0.017635154668979358,-0.06597031335898795,1381.26,1373.0800000000002,,,1465.2,-0.07234507234507237
2000-03-15,1392.2,1359.2,1398.0,1357.0,,2.43,0.024278987639788197,-0.043293018141835615,1386.36,1372.5900000000001,,,1465.2,-0.049822549822549855
2000-03-16,1458.5,1392.2,1458.5,1392.2,,4.76,0.047622468036201626,0.0022677295217157223,1397.72,1376.13,,,1465.2,-0.004572754572754634
2000-03-17,1464.5,1458.5,1476.6,1453.2,,0.41,0.00411381556393553,0.006390874106652511,1411.6,1379.94,,,1465.2,-0.00047775047775056034
2000-03-20,1456.6,1464.5,1470.2,1448.4,,-0.54,-0.005394332536701962,0.0009620670698191613,1426.2,1385.465,,,1465.2,-0.005869505869505964
2000-03-21,1493.9,1456.6,1493.9,1446.0,,2.56,0.02560757929424695,0.02659428257284291,1453.14,1392.55,,,1493.9,0.0
2000-03-22,1500.6,1493.9,1505.0,1487.4,,0.45,0.0044849052814779355,0.031198460692688945,1474.82,1399.545,,,1500.6,0.0
2000-03-23,1527.3,1500.6,1532.1,1493.8,,1.78,0.017792882846861202,0.04954645409565761,1488.5800000000002,1408.24,,,1527.3,0.0
2000-03-24,1527.5,1527.3,1553.1,1516.8,,0.01,0.00013095004255880838,0.04968389224848879,1501.1799999999998,1417.945,,,1527.5,0.0
2000-03-27,1523.9,1527.5,1534.7,1518.6,,-0.24,-0.0023567921440261763,0.04721000549752663,1514.6399999999999,1426.74,,,1527.5,-0.0023567921440261763
2000-03-28,1507.7,1523.9,1527.2,1507.2,,-1.06,-0.01063061880700833,0.036077515118197345,1517.4,1433.805,1416.09,,1527.5,-0.01296235679214397
2000-03-29,1508.5,1507.7,1521.4,1497.3,,0.05,0.0005306095377064501,0.036627267729522295,1518.98,1440.27,1416.9783333333332,,1527.5,-0.01243862520458261
2000-03-30,1487.9,1508.5,1517.4,1474.6,,-1.37,-0.013655949618826546,0.02247113798790612,1511.1,1445.575,1418.4533333333334,,1527.5,-0.02592471358428794
2000-03-31,1498.6,1487.9,1519.8,1484.5,,0.72,0.007191343504267644,0.029824079164376682,1505.3200000000002,1450.045,1420.0616666666667,,1527.5,-0.018919803600654705
2000-04-03,1506.0,1498.6,1507.1,1487.1,,0.49,0.004937942079274116,0.03490929081913219,1501.7400000000002,1455.7800000000002,1421.77,,1527.5,-0.014075286415711985
2000-04-04,1494.7,1506.0,1526.2,1417.2,,-0.75,-0.007503320053120821,0.02714403518416786,1499.1399999999999,1462.735,1422.6566666666668,,1527.5,-0.021472995090016322
2000-04-05,1487.4,1494.7,1506.5,1478.1,,-0.49,-0.004883923195289963,0.022127542605828276,1494.92,1468.77,1423.1533333333332,,1527.5,-0.02625204582651386
2000-04-06,1501.3,1487.4,1511.8,1487.4,,0.93,0.009345166061583976,0.031679494227598415,1497.6,1473.75,1424.1983333333335,,1527.5,-0.017152209492635073
2000-04-07,1516.3,1501.3,1518.7,1501.3,,1.0,0.009991340837940399,0.04198735568994039,1501.1399999999999,1479.81,1425.6,,1527.5,-0.0073322422258592646
2000-04-10,1504.5,1516.3,1527.1,1503.0,,-0.78,-0.0077821011673151474,0.03387850467289799,1500.8400000000001,1485.855,1426.5133333333333,,1527.5,-0.015057283142389521
2000-04-11,1500.6,1504.5,1512.8,1486.8,,-0.26,-0.0025922233300100794,0.031198460692688945,1502.02,1492.925,1427.1033333333332,,1527.5,-0.01761047463175125
2000-04-12,1467.2,1500.6,1510.6,1466.2,,-2.23,-0.022257763561242094,0.008246289169874244,1497.98,1496.675,1427.3049999999998,,1527.5,-0.039476268412438564
2000-04-13,1440.5,1467.2,1477.4,1440.3,,-1.82,-0.018197928026172372,-0.010101704233094533,1485.8200000000002,1495.775,1427.0483333333332,,1527.5,-0.05695581014729956
2000-04-14,1356.6,1440.5,1440.5,1339.4,,-5.82,-0.05824366539396053,-0.06775700934579398,1453.8799999999999,1490.3799999999999,1425.5649999999998,,1527.5,-0.11188216039279875
2000-04-17,1401.4,1356.6,1401.5,1346.7,,3.3,0.03302373581011375,-0.03697086311159914,1433.2599999999998,1487.6200000000001,1424.8983333333333,,1527.5,-0.08255319148936169
2000-04-18,1441.6,1401.4,1441.6,1397.6,,2.87,0.028685600114171317,-0.009345794392522921,1421.46,1485.0049999999999,1425.5666666666666,,1527.5,-0.056235679214402645
2000-04-19,1427.5,1441.6,1447.7,1425.3,,-0.98,-0.009780799112097616,-0.019035184167124353,1413.52,1481.35,1425.8583333333333,,1527.5,-0.0654664484451718
2000-04-20,1434.5,1427.5,1435.4,1422.0,,0.49,0.004903677758318681,-0.014224848818031544,1412.3200000000002,1476.71,1426.365,,1527.5,-0.060883797054009814
2000-04-24,1429.9,1434.5,1434.5,1407.2,,-0.32,-0.00320669222725678,-0.017385926333149615,1426.98,1471.8300000000002,1426.8866666666665,,1527.5,-0.06389525368248772
2000-04-25,1477.4,1429.9,1477.7,1429.9,,3.32,0.03321910623120505,0.01525563496426674,1442.18,1469.5049999999999,1428.8400000000001,,1527.5,-0.03279869067103103
2000-04-26,1461.0,1477.4,1482.8,1457.3,,-1.11,-0.011100582103695689,0.003985706432106273,1446.06,1467.1699999999998,1429.9483333333335,,1527.5,-0.0435351882160393
2000-04-27,1464.9,1461.0,1469.1,1434.8,,0.27,0.0026694045174537884,0.006665750412315097,1453.5400000000002,1464.99,1430.875,,1527.5,-0.04098199672667757
2000-04-28,1452.4,1464.9,1473.4,1448.5,,-0.85,-0.00853300566591575,-0.0019241341396365463,1457.1200000000001,1463.2150000000001,1431.5966666666668,,1527.5,-0.049165302782324005
2000-05-01,1468.2,1452.4,1481.4,1452.4,,1.09,0.010878545855136368,0.008933479934030375,1464.7800000000002,1461.695,1432.3166666666666,,1527.5,-0.038821603927986836
2000-05-02,1446.3,1468.2,1468.2,1445.1,,-1.49,-0.014916223947691098,-0.006115997800988926,1458.56,1458.7099999999998,1432.6816666666668,,1527.5,-0.05315875613747956
2000-05-03,1415.1,1446.3,1446.3,1398.4,,-2.16,-0.021572287907073218,-0.027556349642660183,1449.3799999999999,1454.73,1432.53,,1527.5,-0.07358428805237327
2000-05-04,1409.6,1415.1,1420.5,1405.0,,-0.39,-0.0038866511200621456,-0.031335898845518906,1438.3200000000002,1450.84,1431.995,,1527.5,-0.07718494271685772
2000-05-05,1432.6,1409.6,1435.9,1405.2,,1.63,0.016316685584562896,-0.015530511269927993,1434.36,1447.4050000000002,1432.3433333333332,,1527.5,-0.0621276595744682
2000-05-08,1424.2,1432.6,1432.6,1416.9,,-0.59,-0.00586346502861923,-0.02130291368883941,1425.56,1442.8,1432.4666666666667,,1527.5,-0.06762684124386253
2000-05-09,1412.1,1424.2,1429.8,1401.9,,-0.85,-0.008495997753124707,-0.029617921935128688,1418.7199999999998,1438.18,1432.8833333333334,,1527.5,-0.07554828150572834
2000-05-10,1383.0,1412.1,1412.1,1375.2,,-2.06,-0.020607605693647724,-0.04961517317207209,1412.3,1432.3,1432.7683333333332,,1527.5,-0.0945990180032733
2000-05-11,1407.8,1383.0,1410.2,1383.0,,1.79,0.017932031814895222,-0.03257284222099999,1411.94,1429.33,1432.865,,1527.5,-0.0783633387888707
2000-05-12,1421.0,1407.8,1430.2,1407.8,,0.94,0.009376331865321719,-0.023501924134139096,1409.6200000000001,1428.355,1433.4199999999998,,1527.5,-0.06972176759410798
2000-05-15,1452.4,1421.0,1452.4,1417.0,,2.21,0.02209711470795228,-0.0019241341396364353,1415.2599999999998,1433.145,1434.4883333333332,,1527.5,-0.049165302782324005
2000-05-16,1466.0,1452.4,1470.4,1450.8,,0.94,0.009363811622142615,0.00742166025288693,1426.0400000000002,1436.375,1436.4866666666667,,1527.5,-0.04026186579378066
2000-05-17,1447.8,1466.0,1466.0,1441.6,,-1.24,-0.01241473396998638,-0.005085211654754618,1439.0,1436.685,1438.0800000000002,,1527.5,-0.05217675941080202
2000-05-18,1437.2,1447.8,1458.0,1436.7,,-0.73,-0.007321453239397591,-0.012369433754809478,1444.8799999999999,1437.17,1439.3549999999998,,1527.5,-0.05911620294599018
2000-05-19,1407.0,1437.2,1437.2,1401.7,,-2.1,-0.021013080990815558,-0.033122594832324714,1442.08,1435.795,1440.2483333333332,,1527.5,-0.07888707037643206
2000-05-22,1400.7,1407.0,1410.3,1368.6,,-0.45,-0.004477611940298498,-0.037451896646508276,1431.7400000000002,1434.3349999999998,1441.3700000000001,,1527.5,-0.08301145662847786
2000-05-23,1373.9,1400.7,1403.8,1373.4,,-1.91,-0.019133290497608257,-0.05586860912589253,1413.3200000000002,1429.16,1441.8016666666667,,1527.5,-0.10055646481178393
2000-05-24,1399.0,1373.9,1401.4,1361.2,,1.83,0.018269160783171978,-0.038620120945573655,1403.56,1426.06,1442.345,,1527.5,-0.08412438625204588
2000-05-25,1381.5,1399.0,1411.9,1374.0,,-1.25,-0.01250893495353822,-0.050645959318305955,1392.42,1421.8899999999999,1442.3833333333334,,1527.5,-0.09558101472995095
2000-05-26,1378.0,1381.5,1391.5,1369.8,,-0.25,-0.002533478103510678,-0.053051126992852415,1386.6200000000001,1418.17,1442.32,,1527.5,-0.09787234042553195
2000-05-30,1422.5,1378.0,1422.5,1377.8,,3.23,0.03229317851959368,-0.022471137987904566,1390.98,1415.885,1442.5416666666667,,1527.5,-0.06873977086743044
2000-05-31,1420.6,1422.4,1434.6,1415.4,,-0.13,-0.0013356766256591435,-0.02377680043980135,1400.3200000000002,1414.6,1443.03,,1527.5,-0.06998363338788882
2000-06-01,1448.8,1420.6,1448.8,1420.6,,1.99,0.019850767281430315,-0.004398020890598486,1410.28,1416.285,1444.5833333333333,,1527.5,-0.05152209492635029
2000-06-02,1477.3,1448.8,1483.4,1448.8,,1.97,0.019671452236333486,0.01518691588785126,1429.44,1419.67,1446.4266666666665,,1527.5,-0.03286415711947632
2000-06-05,1467.6,1477.3,1477.3,1464.7,,-0.66,-0.0065660326270899905,0.00852116547553683,1447.3600000000001,1421.4199999999998,1447.525,,1527.5,-0.03921440261865805
2000-06-06,1457.8,1467.6,1471.3,1454.8,,-0.67,-0.006677568819841939,0.0017866959868066967,1454.42,1423.1,1448.5700000000002,,1527.5,-0.04563011456628485
2000-06-07,1471.4,1457.8,1474.6,1455.2,,0.93,0.009329126080395156,0.011132490379330173,1464.58,1426.065,1450.0333333333333,,1527.5,-0.036726677577741396
2000-06-08,1461.7,1471.4,1475.6,1456.5,,-0.66,-0.006592361016718784,0.004466739967015743,1467.16,1430.0,1451.7416666666666,,1527.5,-0.04307692307692301
2000-06-09,1457.0,1461.7,1472.7,1454.9,,-0.32,-0.003215434083601365,0.0012369433754817472,1463.1,1432.46,1452.8216666666667,,1527.5,-0.0461538461538461
2000-06-12,1446.0,1457.0,1463.0,1446.0,,-0.75,-0.007549759780370646,-0.006322155030235699,1458.78,1433.71,1452.6133333333335,,1527.5,-0.05335515548281511
2000-06-13,1469.4,1446.0,1470.4,1442.5,,1.62,0.01618257261410805,0.00975810885101791,1461.1000000000001,1434.56,1452.6950000000002,,1527.5,-0.03803600654664474
2000-06-14,1470.5,1469.4,1483.6,1467.8,,0.07,0.0007486048727372019,0.010514018691589744,1460.92,1434.7849999999999,1452.9266666666667,,1527.5,-0.03731587561374794
2000-06-15,1478.7,1470.5,1482.0,1464.5,,0.56,0.005576334580074782,0.016148982957669977,1464.3200000000002,1436.33,1452.6733333333334,,1527.5,-0.03194762684124386
2000-06-16,1464.5,1478.7,1481.0,1460.3,,-0.96,-0.009603029688239673,0.006390874106652955,1465.8200000000002,1437.695,1452.0716666666667,,1527.5,-0.04124386252045831
2000-06-19,1486.0,1464.5,1489.0,1459.0,,1.47,0.014680778422669905,0.02116547553600978,1473.8200000000002,1441.645,1451.3833333333334,,1527.5,-0.027168576104746323
2000-06-20,1476.0,1486.0,1487.2,1470.2,,-0.67,-0.006729475100942128,0.014293567894448467,1475.1399999999999,1445.41,1450.525,,1527.5,-0.03371522094926349
2000-06-21,1479.1,1476.0,1482.2,1468.5,,0.21,0.0021002710027100413,0.016423859263332563,1476.86,1450.67,1449.7783333333332,,1527.5,-0.031685761047463235
2000-06-22,1452.2,1479.1,1479.1,1448.1,,-1.82,-0.018186735176796587,-0.002061572292467284,1471.56,1453.33,1448.8533333333335,,1527.5,-0.04929623567921437
2000-06-23,1441.5,1452.2,1459.8,1438.3,,-0.74,-0.007368131111417209,-0.009414513468937957,1466.96,1456.33,1447.736666666667,,1527.5,-0.05630114566284783
2000-06-26,1455.3,1441.5,1462.3,1441.5,,0.96,0.009573361082205967,6.871907641659014e-05,1460.8200000000002,1460.1950000000002,1447.1933333333332,,1527.5,-0.047266775777414116
2000-06-27,1450.5,1455.3,1463.3,1450.5,,-0.33,-0.0032982890125746733,-0.003229796591532774,1455.72,1461.595,1446.3916666666667,,1527.5,-0.05040916530278228
2000-06-28,1454.8,1450.5,1467.6,1450.5,,0.3,0.002964495001723577,-0.00027487630566136456,1450.86,1463.305,1445.5383333333334,,1527.5,-0.047594108019639925
2000-06-29,1442.4,1454.8,1455.2,1434.6,,-0.85,-0.00852350838603233,-0.008796041781197306,1448.9,1462.985,1444.6666666666667,,1527.5,-0.055711947626841174
2000-06-30,1454.6,1442.4,1454.7,1438.8,,0.85,0.008458125346644252,-0.0004123144584927685,1451.52,1461.85,1444.12,,1527.5,-0.04772504091653029
2000-07-03,1469.5,1454.6,1469.8,1450.8,,1.02,0.01024336587377972,0.009826827927433612,1454.36,1461.9450000000002,1443.59,,1527.5,-0.03797054009819967
2000-07-05,1446.2,1469.5,1469.5,1442.5,,-1.59,-0.01585573324259948,-0.006184716877404184,1453.5,1461.3650000000002,1442.4216666666664,,1527.5,-0.05322422258592463
2000-07-06,1456.7,1446.2,1461.7,1439.6,,0.73,0.007260406582768608,0.0010307861462350854,1453.88,1460.6299999999999,1441.625,,1527.5,-0.04635024549918165
2000-07-07,1478.9,1456.7,1485.2,1456.7,,1.52,0.015239925859820147,0.01628642111050116,1461.1799999999998,1461.49,1441.2633333333333,,1527.5,-0.03181669394435349
2000-07-10,1475.6,1478.9,1486.5,1474.7,,-0.22,-0.0022313881939280966,0.014018691588785659,1465.38,1462.4199999999998,1441.4033333333334,,1527.5,-0.03397708674304423
2000-07-11,1480.9,1475.6,1488.9,1470.5,,0.36,0.003591759284359064,0.0176608026388132,1467.66,1464.165,1442.0766666666668,,1527.5,-0.030507364975450035
2000-07-12,1492.9,1480.9,1497.5,1480.9,,0.81,0.008103180498345575,0.025907091808686777,1477.0000000000002,1465.3400000000001,1444.3483333333331,,1527.5,-0.02265139116202941
2000-07-13,1495.8,1492.9,1501.4,1489.7,,0.19,0.001942527965704155,0.02789994502473947,1484.8200000000002,1466.605,1445.9216666666666,,1527.5,-0.02075286415711952
2000-07-14,1510.0,1495.8,1510.0,1494.7,,0.95,0.009493247760395729,0.03765805387575649,1491.0400000000002,1468.17,1447.0616666666667,,1527.5,-0.011456628477905073
2000-07-17,1510.5,1510.0,1517.2,1505.3,,0.03,0.0003311258278144713,0.03800164925783456,1498.02,1470.47,1448.445,,1527.5,-0.011129296235679265
2000-07-18,1493.7,1510.5,1510.5,1491.4,,-1.11,-0.011122144985104221,0.026456844420011727,1500.5800000000002,1470.855,1449.4316666666666,,1527.5,-0.02212765957446805
2000-07-19,1482.0,1493.7,1495.5,1479.8,,-0.78,-0.007832898172323799,0.018416712479385033,1498.4,1471.1550000000002,1450.3,,1527.5,-0.029787234042553234
2000-07-20,1495.6,1482.0,1501.9,1482.0,,0.92,0.009176788124156454,0.027762506871908288,1498.3600000000001,1471.98,1450.6033333333332,,1527.5,-0.02088379705400989
2000-07-21,1480.2,1495.6,1495.6,1478.0,,-1.03,-0.01029687082107511,0.017179769103903952,1492.4,1473.38,1450.9233333333332,,1527.5,-0.03096563011456621
2000-07-24,1464.3,1480.2,1485.8,1463.8,,-1.07,-0.010741791649777066,0.006253435953821551,1483.1599999999999,1474.52,1450.9133333333334,,1527.5,-0.041374795417348675
2000-07-25,1474.5,1464.3,1476.3,1464.3,,0.7,0.006965785699651672,0.013262781748214048,1479.32,1475.48,1451.2816666666665,,1527.5,-0.03469721767594103
2000-07-26,1452.4,1474.5,1474.5,1452.4,,-1.5,-0.014988131570023655,-0.0019241341396363243,1473.4,1475.575,1451.0183333333332,,1527.5,-0.049165302782324005
2000-07-27,1449.6,1452.4,1464.8,1445.3,,-0.19,-0.0019278435692647866,-0.003848268279273648,1464.2,1475.315,1451.0733333333333,,1527.5,-0.05099836333878893
2000-07-28,1419.9,1449.6,1456.3,1414.2,,-2.05,-0.020488410596026352,-0.024257833974710596,1452.1399999999999,1474.19,1451.1533333333332,,1527.5,-0.07044189852700489
2000-07-31,1430.8,1419.9,1437.6,1418.3,,0.77,0.00767659694344669,-0.016767454645408852,1445.44,1473.0,1451.5066666666667,,1527.5,-0.06330605564648117
2000-08-01,1438.1,1430.8,1443.5,1428.8,,0.51,0.005102040816326481,-0.01175096206706916,1438.16,1471.4299999999998,1451.5983333333336,,1527.5,-0.05852700490998364
2000-08-02,1438.7,1438.1,1451.6,1433.5,,0.04,0.0004172171615326459,-0.011338647608575392,1435.4199999999998,1471.0549999999998,1451.84,,1527.5,-0.058134206219312534
2000-08-03,1452.6,1438.7,1454.3,1426.0,,0.97,0.009661499965246234,-0.0017866959868053645,1436.02,1470.85,1452.515,,1527.5,-0.04903436988543375
2000-08-04,1462.9,1452.6,1462.9,1451.5,,0.71,0.007090733856533138,0.005291368884002834,1444.62,1470.05,1453.8466666666668,,1527.5,-0.04229132569558092
2000-08-07,1479.3,1462.9,1480.9,1460.8,,1.12,0.011210609064187471,0.0165612974161633,1454.32,1470.2350000000001,1455.0383333333334,,1527.5,-0.03155482815057287
2000-08-08,1482.8,1479.3,1484.5,1472.6,,0.24,0.0023659839113094883,0.01896646509070976,1463.26,1470.33,1456.0683333333334,,1527.5,-0.029263502454991874
2000-08-09,1472.9,1482.8,1490.3,1471.2,,-0.67,-0.006676557863501409,0.012163276525564148,1470.1,1469.33,1456.41,,1527.5,-0.03574468085106375
2000-08-10,1460.2,1472.9,1475.2,1459.9,,-0.86,-0.00862244551564939,0.0034359538207813234,1471.6200000000001,1467.55,1456.3133333333333,,1527.5,-0.04405891980360066
2000-08-11,1471.8,1460.2,1475.6,1452.9,,0.79,0.007944117244212956,0.011407366684992315,1473.4,1465.6399999999999,1456.7133333333334,,1527.5,-0.03646481178396077
2000-08-14,1491.6,1471.8,1491.6,1468.6,,1.35,0.013452914798206317,0.025013743815283762,1475.8600000000001,1464.695,1457.6200000000001,,1527.5,-0.0235024549918168
2000-08-15,1484.4,1491.6,1493.0,1482.8,,-0.48,-0.0048270313757038386,0.02006597031335966,1476.1799999999998,1464.23,1458.91,,1527.5,-0.028216039279869043
2000-08-16,1479.8,1484.4,1494.7,1475.8,,-0.31,-0.003098895176502414,0.016904892798241367,1477.56,1464.12,1460.2283333333332,,1527.5,-0.031227495908346947
2000-08-17,1496.1,1479.8,1499.5,1479.8,,1.1,0.01101500202730099,0.028106102253986354,1484.7400000000002,1464.145,1462.2649999999999,,1527.5,-0.02055646481178397
2000-08-18,1491.7,1496.1,1499.5,1488.9,,-0.29,-0.0029409798810239307,0.025082462891699464,1488.72,1464.7199999999998,1463.8100000000002,,1527.5,-0.023436988543371506
2000-08-21,1499.5,1491.7,1503.0,1491.1,,0.52,0.005228933431655092,0.030442550852117112,1490.3,1466.48,1465.7766666666669,,1527.5,-0.01833060556464816
2000-08-22,1498.1,1499.5,1508.2,1497.6,,-0.09,-0.0009336445481827882,0.029480483782298395,1493.04,1467.66,1467.7783333333332,,1527.5,-0.019247135842880625
2000-08-23,1506.0,1498.1,1507.3,1489.4,,0.53,0.00527334623856901,0.034909290819131966,1498.28,1470.34,1469.1699999999998,,1527.5,-0.014075286415711985
2000-08-24,1508.3,1506.0,1511.2,1501.3,,0.15,0.0015272244355908349,0.03648982957669089,1500.7199999999998,1473.275,1470.6316666666667,,1527.5,-0.012569558101472977
2000-08-25,1506.5,1508.3,1513.4,1505.2,,-0.12,-0.0011933965391499601,0.03525288620121003,1503.6799999999998,1477.605,1471.5933333333335,,1527.5,-0.013747954173486066
2000-08-28,1514.1,1507.0,1523.9,1506.5,,0.5,0.0050448058413541386,0.04047553600879672,1506.6,1481.77,1472.2066666666667,,1527.5,-0.008772504091653088
2000-08-29,1509.8,1514.1,1514.8,1505.5,,-0.28,-0.002839970939832237,0.03752061572292531,1508.94,1485.355,1472.9099999999999,,1527.5,-0.011587561374795441
2000-08-30,1502.6,1509.8,1510.4,1500.1,,-0.48,-0.0047688435554378295,0.03257284222100121,1508.26,1488.55,1473.6566666666665,,1527.5,-0.016301145662847905
2000-08-31,1517.7,1502.6,1525.3,1502.6,,1.0,0.010049247970185027,0.04294942275975888,1510.1399999999999,1491.805,1474.4283333333333,,1527.5,-0.006415711947626801
2000-09-01,1520.8,1517.7,1530.0,1515.6,,0.2,0.002042564406667946,0.045079714128642756,1513.0,1494.7,1475.4133333333334,,1527.5,-0.004386252045826544
2000-09-05,1507.1,1520.8,1520.8,1504.2,,-0.9,-0.00900841662283014,0.0356652006597038,1511.6,1496.09,1476.2483333333334,,1527.5,-0.013355155482815073
2000-09-06,1492.2,1507.1,1512.4,1492.2,,-0.99,-0.009886537057925748,0.02542605827377753,1508.08,1496.56,1477.0183333333334,,1527.5,-0.023109656301145587
2000-09-07,1502.5,1492.2,1505.2,1492.2,,0.69,0.006902559978555045,0.032504123144585506,1508.06,1498.04,1477.57,,1527.5,-0.016366612111292977
2000-09-08,1494.5,1502.5,1502.5,1489.9,,-0.53,-0.0053244592346090025,0.027006597031336455,1503.42,1499.7549999999999,1477.97,,1527.5,-0.02160392798690669
2000-09-11,1489.3,1494.5,1506.6,1483.0,,-0.35,-0.0034794245567079107,0.023433205057724615,1497.12,1500.6299999999999,1478.1466666666668,,1527.5,-0.025008183306055698
2000-09-12,1482.0,1489.3,1496.6,1479.9,,-0.49,-0.004901631639025017,0.01841671247938481,1492.1,1500.15,1478.4383333333333,,1527.5,-0.029787234042553234
2000-09-13,1484.9,1482.0,1487.4,1474.0,,0.2,0.00195681511471002,0.020409565695437726,1490.6399999999999,1500.175,1478.4199999999998,,1527.5,-0.027888707037643123
2000-09-14,1480.9,1484.9,1494.3,1476.8,,-0.27,-0.002693784093204976,0.0176608026388132,1486.3200000000002,1500.23,1478.5016666666666,,1527.5,-0.030507364975450035
2000-09-15,1465.8,1480.9,1481.0,1460.2,,-1.02,-0.010196502127085005,0.007284222100055526,1480.5800000000002,1498.715,1478.28,,1527.5,-0.04039279869067103
2000-09-18,1444.5,1465.8,1467.9,1441.8,,-1.45,-0.014531313958248027,-0.007352941176470007,1471.6200000000001,1496.355,1478.1516666666664,,1527.5,-0.054337152209492645
2000-09-19,1459.9,1444.5,1461.0,1444.5,,1.07,0.010661128418137933,0.0032297965915346616,1467.2,1494.375,1478.4583333333333,,1527.5,-0.0442553191489361
2000-09-20,1451.3,1459.9,1460.7,1431.0,,-0.59,-0.005890814439345249,-0.0026800439802081577,1460.48,1492.035,1478.3916666666667,,1527.5,-0.04988543371522103
2000-09-21,1449.0,1451.3,1452.9,1436.2,,-0.16,-0.0015847860538826808,-0.004260582737767193,1454.1,1489.185,1478.3666666666666,,1527.5,-0.051391162029459925
2000-09-22,1448.7,1449.0,1449.4,1421.9,,-0.02,-0.00020703933747412417,-0.004466739967014077,1450.6799999999998,1486.205,1478.265,,1527.5,-0.051587561374795365
2000-09-25,1439.0,1448.7,1457.4,1436.1,,-0.67,-0.0066956581762960266,-0.011132490379328619,1449.58,1482.83,1478.2083333333333,,1527.5,-0.057937806873977094
2000-09-26,1427.2,1439.0,1447.7,1425.3,,-0.82,-0.008200138985406502,-0.019241341396370903,1443.0400000000002,1478.4850000000001,1477.7516666666668,,1527.5,-0.06566284779050735
2000-09-27,1426.6,1427.2,1436.7,1419.5,,-0.04,-0.000420403587443996,-0.01965365585486467,1438.1,1474.325,1477.0366666666666,,1527.5,-0.06605564648117845
2000-09-28,1458.3,1426.6,1461.7,1425.8,,2.22,0.022220664517033528,0.0021302913688847624,1439.96,1472.1100000000001,1477.2383333333335,,1527.5,-0.04530278232405893
2000-09-29,1436.5,1458.3,1458.3,1436.5,,-1.49,-0.014948913118014051,-0.012850467289718837,1437.52,1468.05,1476.9016666666664,,1527.5,-0.05957446808510636
2000-10-02,1436.2,1436.5,1445.5,1429.8,,-0.02,-0.0002088409328228069,-0.01305662451896561,1436.96,1463.8200000000002,1476.1899999999998,,1527.5,-0.05977086743044191
2000-10-03,1426.5,1436.2,1454.8,1425.3,,-0.68,-0.006753933992480143,-0.01972237493128004,1436.82,1459.7900000000002,1475.3716666666664,,1527.5,-0.06612111292962353
2000-10-04,1434.3,1426.5,1440.0,1416.3,,0.55,0.005467928496319718,-0.01436228697086217,1438.3600000000001,1456.895,1474.595,,1527.5,-0.06101472995090018
2000-10-05,1436.3,1434.3,1444.2,1431.8,,0.14,0.0013944084222268227,-0.012987905442549907,1433.96,1453.585,1473.6516666666669,,1527.5,-0.059705400981996726
2000-10-06,1409.0,1436.3,1443.3,1397.1,,-1.9,-0.019007171203787476,-0.03174821330401223,1428.46,1449.31,1472.2050000000002,,1527.5,-0.0775777414075286
2000-10-09,1402.0,1409.0,1409.7,1392.5,,-0.5,-0.004968062455642297,-0.03655854865310515,1421.6200000000001,1444.9450000000002,1470.405,,1527.5,-0.0821603927986907
2000-10-10,1387.0,1402.0,1408.8,1383.8,,-1.07,-0.010699001426533572,-0.04686641011544712,1413.72,1440.1950000000002,1468.3466666666668,,1527.5,-0.0919803600654664
2000-10-11,1364.6,1387.0,1387.0,1349.7,,-1.61,-0.016149963950973345,-0.06225948323254449,1399.78,1434.1799999999998,1466.1950000000002,,1527.5,-0.10664484451718503
2000-10-12,1329.8,1364.6,1374.9,1328.1,,-2.55,-0.025501978601788045,-0.0861737218251778,1378.48,1426.625,1463.6583333333333,,1527.5,-0.1294271685761048
2000-10-13,1374.2,1329.8,1374.2,1326.8,,3.34,0.0333884794705972,-0.05566245189664554,1371.52,1422.0449999999998,1461.635,,1527.5,-0.10036006546644838
2000-10-16,1374.6,1374.2,1379.5,1365.1,,0.03,0.00029107844564091323,-0.055387575590983285,1366.04,1418.55,1459.875,,1527.5,-0.10009819967266786
2000-10-17,1350.0,1374.6,1381.0,1342.3,,-1.79,-0.017896115233522414,-0.07229246838922398,1358.6399999999999,1413.055,1457.97,,1527.5,-0.11620294599018
2000-10-18,1342.1,1350.0,1356.7,1305.8,,-0.59,-0.005851851851851886,-0.07772127542605745,1354.1399999999999,1407.5949999999998,1455.7633333333333,,1527.5,-0.12137479541734864
2000-10-19,1388.8,1342.1,1389.9,1342.1,,3.48,0.03479621488711726,-0.04562946673996615,1365.94,1404.5849999999998,1454.7033333333336,,1527.5,-0.09080196399345342
2000-10-20,1396.9,1388.8,1408.5,1382.2,,0.58,0.005832373271889457,-0.0400632215503014,1370.48,1401.9950000000001,1453.825,,1527.5,-0.08549918166939441
2000-10-23,1395.8,1396.9,1407.0,1387.8,,-0.08,-0.0007874579425872774,-0.04081913139087323,1374.7199999999998,1399.835,1453.4233333333334,,1527.5,-0.08621931260229132
2000-10-24,1398.1,1395.8,1415.6,1388.1,,0.16,0.0016478005444906518,-0.039238592633314084,1384.34,1398.3799999999999,1452.8783333333333,,1527.5,-0.08471358428805242
2000-10-25,1364.9,1398.1,1398.1,1362.2,,-2.37,-0.023746513124955126,-0.06205332600329749,1388.9,1395.2949999999998,1451.6583333333333,,1527.5,-0.10644844517184937
2000-10-26,1364.4,1364.9,1372.7,1337.8,,-0.04,-0.00036632720345808334,-0.06239692138537556,1384.02,1390.6,1450.4199999999998,,1527.5,-0.10677577741407518
2000-10-27,1379.6,1364.4,1384.6,1364.1,,1.11,0.01114042802697135,-0.05195162177020263,1380.56,1387.7549999999999,1449.2033333333334,,1527.5,-0.09682487725040922
2000-10-30,1398.7,1379.6,1406.4,1376.9,,1.38,0.013844592635546604,-0.03882627817482043,1381.14,1385.8799999999999,1448.1333333333334,,1527.5,-0.08432078559738132
2000-10-31,1429.4,1398.7,1432.2,1398.7,,2.19,0.021948952598841887,-0.017729521715227126,1387.4,1386.025,1447.3016666666665,,1527.5,-0.06422258592471353
2000-11-01,1421.2,1429.4,1429.6,1410.5,,-0.57,-0.005736672729816705,-0.02336448598130736,1398.66,1385.37,1446.275,,1527.5,-0.06959083469721761
2000-11-02,1428.3,1421.2,1433.3,1421.1,,0.5,0.004995778215592495,-0.018485431555798848,1411.44,1384.97,1445.5316666666665,,1527.5,-0.06494271685761055
2000-11-03,1426.7,1428.3,1433.2,1420.9,,-0.11,-0.0011202128404396161,-0.019584936778448636,1420.8600000000001,1385.855,1444.9733333333336,,1527.5,-0.06599018003273316
2000-11-06,1432.2,1428.8,1438.5,1427.7,,0.39,0.0038550501156515704,-0.015805387575589802,1427.5600000000002,1387.365,1444.3133333333333,,1527.5,-0.06238952536824871
2000-11-07,1431.9,1432.2,1436.2,1423.3,,-0.02,-0.00020946795140341923,-0.016011544804836575,1428.06,1389.6100000000001,1443.3183333333332,,1527.5,-0.06258592471358426
2000-11-08,1409.3,1431.9,1437.3,1408.8,,-1.58,-0.015783225085550745,-0.031542056074765235,1425.68,1391.845,1442.0666666666666,,1527.5,-0.07738134206219316
2000-11-09,1400.1,1409.3,1409.3,1369.7,,-0.65,-0.006528063577662668,-0.0378642111050016,1420.04,1395.36,1440.7383333333335,,1527.5,-0.08340425531914897
2000-11-10,1366.0,1400.1,1400.1,1366.0,,-2.44,-0.02435540318548668,-0.06129741616272555,1407.9,1394.95,1438.5700000000002,,1527.5,-0.10572831423895257
2000-11-13,1351.3,1366.0,1366.0,1328.6,,-1.08,-0.010761346998535926,-0.07139912039582075,1391.7199999999998,1393.7849999999999,1436.2299999999998,,1527.5,-0.11535188216039283
2000-11-14,1383.0,1351.3,1390.1,1351.3,,2.35,0.023458891437874607,-0.049615173172071425,1381.94,1395.435,1434.2883333333332,,1527.5,-0.0945990180032733
2000-11-15,1389.8,1383.0,1396.0,1374.8,,0.49,0.004916847433116489,-0.04494227597580969,1378.04,1397.8200000000002,1432.4833333333333,,1527.5,-0.09014729950900169
2000-11-16,1372.3,1389.8,1394.7,1370.4,,-1.26,-0.012591739818678893,-0.056968114348541876,1372.48,1396.9950000000001,1430.255,,1527.5,-0.10160392798690676
2000-11-17,1367.7,1372.3,1384.8,1355.5,,-0.34,-0.0033520367266631768,-0.06012919186365995,1372.8200000000002,1395.535,1427.9116666666666,,1527.5,-0.10461538461538455
2000-11-20,1342.6,1367.7,1367.7,1341.7,,-1.84,-0.01835197777290354,-0.07737768004397894,1371.08,1392.875,1425.18,,1527.5,-0.12104746317512283
2000-11-21,1347.3,1342.6,1355.9,1333.6,,0.35,0.0035006703411291085,-0.07414788345244516,1363.94,1390.335,1422.4,,1527.5,-0.11797054009819974
2000-11-22,1322.4,1347.3,1347.3,1321.9,,-1.85,-0.0184814072589623,-0.09125893347993275,1350.4599999999998,1388.21,1419.2766666666669,,1527.5,-0.13427168576104742
2000-11-24,1341.8,1322.4,1343.8,1322.4,,1.47,0.014670296430731922,-0.07792743265530389,1344.3600000000001,1387.08,1416.5966666666668,,1527.5,-0.12157119476268419
2000-11-27,1349.0,1341.8,1362.5,1341.8,,0.54,0.005365926367566054,-0.07297965915337967,1340.62,1385.55,1413.785,,1527.5,-0.11685761047463172
2000-11-28,1336.1,1349.0,1358.8,1335.0,,-0.96,-0.00956263899184584,-0.08184442001099379,1339.3200000000002,1382.4199999999998,1410.7066666666665,,1527.5,-0.125302782324059
2000-11-29,1341.9,1336.1,1352.4,1329.3,,0.43,0.004340992440685643,-0.07785871357888818,1338.24,1378.045,1407.9533333333334,,1527.5,-0.12150572831423889
2000-11-30,1315.0,1341.9,1341.9,1294.9,,-2.0,-0.020046203144794772,-0.09634414513468814,1336.7599999999998,1372.7350000000001,1405.0,,1527.5,-0.13911620294599014
2000-12-01,1315.2,1315.0,1334.7,1307.0,,0.02,0.00015209125475279528,-0.09620670698185696,1331.44,1367.0800000000002,1401.8783333333333,,1527.5,-0.13898527004909977
2000-12-04,1325.0,1315.2,1332.1,1310.2,,0.75,0.00745133819951338,-0.08947223749312683,1326.64,1361.9950000000001,1399.0533333333333,,1527.5,-0.13256955810147297
2000-12-05,1376.5,1325.0,1376.6,1325.0,,3.89,0.0388679245283019,-0.05408191313908606,1334.72,1359.21,1397.1733333333332,,1527.5,-0.09885433715220948
2000-12-06,1351.5,1376.5,1376.5,1346.2,,-1.82,-0.018162005085361477,-0.07126168224298934,1336.64,1355.19,1394.9983333333332,,1527.5,-0.11522094926350246
2000-12-07,1343.5,1351.5,1353.5,1339.3,,-0.59,-0.005919348871624153,-0.0767592083562384,1342.3400000000001,1351.9,1392.6416666666667,,1527.5,-0.12045826513911617
2000-12-08,1369.9,1343.5,1380.3,1343.5,,1.97,0.019650167473018287,-0.0586173721825165,1353.28,1350.39,1390.7916666666667,,1527.5,-0.10317512274959073
2000-12-11,1380.2,1369.9,1389.0,1364.1,,0.75,0.007518796992481258,-0.051539307311708304,1364.32,1351.1,1389.3650000000002,,1527.5,-0.09643207855973812
2000-12-12,1371.2,1380.2,1380.3,1370.3,,-0.65,-0.006520794087813364,-0.05772402418911349,1363.2600000000002,1352.0949999999998,1388.1433333333334,,1527.5,-0.10232405891980356
2000-12-13,1360.0,1371.2,1385.8,1358.5,,-0.82,-0.008168028004667427,-0.06542056074766212,1364.9600000000003,1350.9450000000002,1386.4783333333332,,1527.5,-0.10965630114566283
2000-12-14,1340.9,1360.0,1360.0,1340.5,,-1.4,-0.014044117647058707,-0.07854590434304409,1364.44,1348.5,1384.6383333333333,,1527.5,-0.12216039279869062
2000-12-15,1312.2,1340.9,1340.9,1305.4,,-2.14,-0.02140353493921998,-0.09826827927432513,1352.9,1345.4950000000001,1382.3583333333333,,1527.5,-0.14094926350245496
2000-12-18,1322.7,1312.2,1332.3,1312.2,,0.8,0.008001828989483206,-0.09105277625068586,1341.4,1343.245,1380.2583333333334,,1527.5,-0.13407528641571187
2000-12-19,1305.6,1323.0,1346.4,1305.2,,-1.29,-0.012928101610342635,-0.1028037383177558,1328.28,1341.395,1378.0349999999999,,1527.5,-0.14527004909983643
2000-12-20,1264.7,1305.6,1305.6,1261.2,,-3.13,-0.03132659313725483,-0.1309098405717415,1309.2199999999998,1337.265,1375.3266666666666,,1527.5,-0.17204582651391154
2000-12-21,1274.9,1264.7,1285.3,1254.1,,0.81,0.008065153791412927,-0.12390049477734899,1296.02,1334.8899999999999,1372.7983333333334,,1527.5,-0.165368248772504
2000-12-22,1306.0,1274.9,1306.0,1274.9,,2.44,0.02439407012314687,-0.10252886201209332,1294.7800000000002,1333.1,1370.26,,1527.5,-0.1450081833060557
2000-12-26,1315.2,1306.0,1315.9,1301.6,,0.7,0.007044410413476365,-0.09620670698185685,1293.2800000000002,1331.41,1368.2383333333335,,1527.5,-0.13898527004909977
2000-12-27,1328.9,1315.2,1332.0,1311.0,,1.04,0.01041666666666674,-0.08679219351291778,1297.94,1331.0500000000002,1366.45,,1527.5,-0.13001636661211124
2000-12-28,1334.2,1328.9,1335.9,1325.8,,0.4,0.0039882609677175385,-0.08315008246289035,1311.8400000000001,1330.665,1364.9116666666669,,1527.5,-0.12654664484451716
2000-12-29,1320.3,1334.2,1340.1,1317.5,,-1.04,-0.010418228151701459,-0.0927020340846606,1320.92,1330.93,1363.0116666666665,,1527.5,-0.13564648117839606
2001-01-02,1283.3,1320.3,1320.3,1276.0,,-2.8,-0.02802393395440428,-0.11812809235843746,1316.3799999999999,1329.335,1360.4616666666666,0.22371093585242272,1527.5,-0.15986906710310966
2001-01-03,1347.6,1283.3,1347.8,1274.6,,5.01,0.050105197537598345,-0.07394172622319828,1322.8600000000001,1330.465,1359.4383333333333,0.2261210642223439,1527.5,-0.11777414075286419
2001-01-04,1333.3,1347.6,1350.2,1329.1,,-1.06,-0.010611457405758307,-0.08376855415063089,1323.7399999999998,1328.3049999999998,1358.2933333333335,0.22635855311794317,1527.5,-0.1271358428805237
2001-01-05,1298.3,1333.3,1334.8,1295.0,,-2.63,-0.026250656266406658,-0.10782023089609549,1316.56,1325.645,1356.8149999999998,0.2278611087601812,1527.5,-0.15004909983633385
2001-01-08,1295.9,1298.3,1298.3,1276.3,,-0.18,-0.0018485712085033468,-0.10946948873007012,1311.68,1323.2649999999999,1355.6699999999998,0.22621404254564972,1527.5,-0.15162029459901794
2001-01-09,1300.8,1295.9,1311.7,1295.1,,0.38,0.0037811559533913464,-0.10610225398570516,1315.1799999999998,1319.81,1355.186666666667,0.22595778166687416,1527.5,-0.1484124386252046
2001-01-10,1313.3,1300.8,1313.8,1287.3,,0.96,0.009609471094710997,-0.09751236943375352,1308.32,1316.4650000000001,1354.1716666666664,0.22581617445130828,1527.5,-0.14022913256955816
2001-01-11,1326.8,1313.3,1332.2,1309.7,,1.03,0.010279448716972617,-0.08823529411764564,1307.02,1314.2450000000001,1353.375,0.2260221552453319,1527.5,-0.13139116202945988
2001-01-12,1318.3,1326.8,1333.2,1311.6,,-0.64,-0.006406391317455573,-0.09407641561297275,1311.02,1312.16,1352.8466666666668,0.22576174919383007,1527.5,-0.13695581014729952
2001-01-16,1326.7,1318.3,1327.8,1313.3,,0.64,0.006371842524463434,-0.08830401319406112,1317.1799999999998,1311.45,1352.59,0.22559230075087977,1527.5,-0.13145662847790507
2001-01-17,1329.5,1326.7,1346.9,1325.4,,0.21,0.002110499736187599,-0.0863798790544239,1322.92,1312.315,1351.6016666666665,0.22550750701410127,1527.5,-0.12962356792144025
2001-01-18,1348.0,1329.9,1352.7,1327.4,,1.39,0.013915005641218503,-0.07366684991753547,1329.8600000000001,1313.5800000000002,1350.7866666666666,0.22595118518439344,1527.5,-0.11751227495908345
2001-01-19,1342.5,1348.0,1354.5,1336.7,,-0.41,-0.004080118694361978,-0.0774463991203942,1333.0,1315.425,1349.8983333333333,0.22587960747366148,1527.5,-0.1211129296235679
2001-01-22,1342.9,1342.5,1353.6,1333.8,,0.03,0.0002979515828678281,-0.07717152281473172,1337.92,1319.3349999999998,1348.9783333333335,0.2258637004892672,1527.5,-0.12085106382978716
2001-01-23,1360.4,1342.9,1362.9,1339.6,,1.3,0.013031498994712898,-0.06514568444199942,1344.66,1323.6100000000001,1348.9033333333332,0.2245522642299134,1527.5,-0.10939443535188209
2001-01-24,1364.3,1360.4,1369.8,1357.3,,0.29,0.0028668038812114105,-0.062465640461790484,1351.6200000000001,1326.525,1348.9016666666669,0.22448804079736176,1527.5,-0.10684124386252047
2001-01-25,1357.5,1364.3,1367.3,1354.6,,-0.5,-0.004984241002711998,-0.06713853765805211,1353.52,1328.6399999999999,1348.5333333333333,0.22450432140358184,1527.5,-0.11129296235679209
2001-01-26,1355.0,1357.5,1357.5,1342.8,,-0.18,-0.0018416206261510082,-0.06885651456844244,1356.02,1329.945,1347.805,0.22447787672410066,1527.5,-0.11292962356792147
2001-01-29,1364.2,1354.9,1365.5,1350.4,,0.68,0.006789667896679008,-0.06253435953820596,1360.2800000000002,1331.4450000000002,1346.7183333333335,0.22288314401310041,1527.5,-0.10690671031096555
2001-01-30,1373.7,1364.2,1375.7,1356.2,,0.7,0.0069637883008355494,-0.056006047278722826,1362.94,1334.115,1345.9266666666665,0.22156229485338774,1527.5,-0.1006873977086743
2001-01-31,1366.0,1373.7,1383.4,1364.7,,-0.56,-0.005605299555943799,-0.061297416162724994,1363.28,1338.25,1344.8883333333333,0.22137857176887837,1527.5,-0.10572831423895257
2001-02-01,1373.5,1366.0,1373.5,1359.3,,0.55,0.0054904831625182116,-0.05614348543155412,1366.48,1339.545,1344.0016666666666,0.22144728013438136,1527.5,-0.10081833060556467
2001-02-02,1349.5,1373.5,1376.4,1348.7,,-1.75,-0.017473607571896643,-0.07263606377130127,1365.3799999999999,1340.355,1342.6233333333332,0.2218423733077888,1527.5,-0.11653027823240591
2001-02-05,1354.3,1349.5,1354.6,1344.5,,0.36,0.003556872915894793,-0.0693375481033518,1363.4,1343.155,1341.3300000000002,0.2218725964931858,1527.5,-0.11338788870703764
2001-02-06,1352.3,1354.3,1363.5,1350.0,,-0.15,-0.001476777671121643,-0.07071192963166406,1359.1200000000001,1345.975,1340.38,0.22187684650592102,1527.5,-0.1146972176759411
2001-02-07,1340.9,1352.3,1352.3,1334.3,,-0.84,-0.008430082082378054,-0.07854590434304387,1354.1,1347.98,1339.3933333333332,0.22168192815035773,1527.5,-0.12216039279869062
2001-02-08,1332.5,1341.1,1350.3,1332.4,,-0.63,-0.006264449250503512,-0.08431830676195551,1345.9,1348.94,1338.8349999999998,0.22079916596618082,1527.5,-0.12765957446808507
2001-02-09,1314.8,1332.5,1332.5,1310.0,,-1.33,-0.013283302063789915,-0.0964815832875191,1338.96,1348.34,1338.2266666666667,0.2211575694633718,1527.5,-0.1392471358428805
2001-02-12,1330.3,1314.8,1331.0,1313.6,,1.18,0.011788865226650458,-0.08583012644309906,1334.16,1348.94,1337.3483333333336,0.22049465263090443,1527.5,-0.1290998363338789
2001-02-13,1318.8,1330.3,1336.6,1317.5,,-0.86,-0.00864466661655261,-0.09373282023089458,1327.4599999999998,1348.5449999999998,1336.1650000000002,0.22065102990458407,1527.5,-0.1366284779050737
2001-02-14,1315.9,1318.8,1320.7,1304.7,,-0.22,-0.002198968759478226,-0.09572567344694727,1322.46,1347.865,1335.225,0.2204828977038833,1527.5,-0.1385270049099836
2001-02-15,1326.6,1315.9,1331.3,1315.9,,0.81,0.008131316969374414,-0.08837273227047682,1321.28,1346.7949999999998,1334.5400000000002,0.22040650950558976,1527.5,-0.13152209492635025
2001-02-16,1301.5,1326.6,1326.6,1293.2,,-1.89,-0.01892054877129501,-0.1056212204507957,1318.6200000000001,1344.745,1333.855,0.22120927548790695,1527.5,-0.14795417348608841
2001-02-20,1278.9,1301.5,1307.2,1278.4,,-1.74,-0.017364579331540453,-0.12115173172072413,1308.34,1341.545,1332.715,0.21980018763676462,1527.5,-0.1627495908346972
2001-02-21,1255.3,1278.9,1283.0,1253.2,,-1.85,-0.018453358354836302,-0.13736943375480892,1295.6399999999999,1336.29,1331.5966666666668,0.2205137235139557,1527.5,-0.17819967266775782
2001-02-22,1252.8,1255.3,1259.9,1228.3,,-0.2,-0.0019915558033936076,-0.13908741066519925,1283.02,1330.715,1330.1133333333335,0.22042465736375225,1527.5,-0.1798363338788871
2001-02-23,1245.9,1252.8,1252.8,1215.4,,-0.55,-0.00550766283524895,-0.14382902693787647,1266.8799999999999,1325.135,1328.395,0.22042804159169438,1527.5,-0.1843535188216039
2001-02-26,1267.7,1245.9,1267.7,1241.7,,1.75,0.017497391443936028,-0.12884826827927287,1260.12,1320.77,1327.255,0.22065260830864356,1527.5,-0.17008183306055646
2001-02-27,1257.9,1267.7,1272.8,1252.3,,-0.77,-0.007730535615681933,-0.1355827377680029,1255.92,1315.455,1325.855,0.22050373156882674,1527.5,-0.17649754500818327
2001-02-28,1239.9,1257.9,1263.5,1229.7,,-1.43,-0.014309563558311478,-0.14795217152281326,1252.84,1308.7649999999999,1324.6033333333332,0.22051592389646119,1527.5,-0.18828150572831415
2001-03-01,1241.2,1239.9,1241.4,1214.5,,0.1,0.0010484716509395753,-0.14705882352941035,1250.52,1302.525,1323.37,0.22030696910799916,1527.5,-0.18743044189852698
2001-03-02,1234.2,1241.2,1251.0,1219.7,,-0.56,-0.005639703512729577,-0.15186915887850327,1248.18,1295.56,1321.8566666666666,0.22035976535347518,1527.5,-0.19201309328968896
2001-03-05,1241.4,1234.2,1242.5,1234.0,,0.58,0.005833738454059434,-0.14692138537657906,1242.92,1290.155,1319.605,0.21951570741237728,1527.5,-0.1872995090016366
2001-03-06,1253.8,1241.4,1267.4,1241.4,,1.0,0.009988722410182005,-0.13840021990104312,1242.1,1285.1299999999999,1317.9766666666667,0.21941254476599142,1527.5,-0.17918166939443536
2001-03-07,1261.9,1253.8,1263.9,1253.8,,0.65,0.006460360504067841,-0.13283397471137826,1246.5,1280.6100000000001,1316.6166666666666,0.21803470092930255,1527.5,-0.17387888707037635
2001-03-08,1264.7,1261.9,1266.5,1257.6,,0.22,0.0022188762976462773,-0.13090984057174115,1251.2,1276.8,1314.8633333333335,0.21788605799830094,1527.5,-0.17204582651391154
2001-03-09,1233.4,1264.7,1264.7,1228.4,,-2.47,-0.024748952320708395,-0.152418911489828,1251.04,1271.845,1312.4166666666667,0.21771331396446927,1527.5,-0.19253682487725032
2001-03-12,1180.2,1233.4,1233.4,1176.8,,-4.31,-0.04313280363223615,-0.18897746014293426,1238.8,1265.115,1309.2333333333333,0.2218261843475258,1527.5,-0.22736497545008183
2001-03-13,1197.7,1180.2,1197.8,1171.5,,1.48,0.014827995255041415,-0.17695162177020207,1227.5800000000002,1258.4850000000001,1306.5283333333332,0.22222399231213777,1527.5,-0.21590834697217676
2001-03-14,1166.7,1197.7,1197.7,1155.3,,-2.59,-0.025882942306086676,-0.19825453545904215,1208.54,1250.88,1303.625,0.22301507717919097,1527.5,-0.23620294599018
2001-03-15,1173.6,1166.7,1182.0,1166.7,,0.59,0.00591411673952158,-0.19351291918636493,1190.3200000000002,1243.7649999999999,1301.315,0.22171819873866203,1527.5,-0.2316857610474632
2001-03-16,1150.5,1173.6,1173.6,1148.6,,-1.97,-0.01968302658486698,-0.20938702583837143,1173.7400000000002,1234.96,1298.445,0.21719688507193358,1527.5,-0.2468085106382979
2001-03-19,1170.8,1150.5,1173.5,1147.2,,1.76,0.01764450239026516,-0.19543705332600192,1171.86,1228.4250000000002,1296.1983333333335,0.2179274282852154,1527.5,-0.233518821603928
2001-03-20,1142.6,1170.8,1180.6,1142.2,,-2.41,-0.024086094977793016,-0.2148158328752049,1160.84,1221.6100000000001,1294.1633333333334,0.21912190966899522,1527.5,-0.25198036006546654
2001-03-21,1122.1,1142.6,1149.4,1118.7,,-1.79,-0.01794153684579025,-0.2289032435404056,1151.9199999999998,1214.95,1291.6166666666666,0.21816453991947948,1527.5,-0.2654009819967268
2001-03-22,1117.6,1122.1,1124.3,1081.2,,-0.4,-0.004010337759557947,-0.23199560197910818,1140.72,1208.19,1288.4766666666665,0.21811390502253986,1527.5,-0.2683469721767595
2001-03-23,1139.8,1117.6,1141.8,1117.6,,1.99,0.019863994273443097,-0.2167399670148421,1138.58,1202.885,1285.5533333333333,0.21830352671517764,1527.5,-0.25381342062193124
2001-03-26,1152.7,1139.8,1160.0,1139.8,,1.13,0.011317775048254264,-0.20787520615722788,1134.96,1197.135,1282.6166666666666,0.21865148148409008,1527.5,-0.24536824877250407
2001-03-27,1182.2,1152.7,1183.4,1151.0,,2.56,0.02559208814088665,-0.187603078614622,1142.8799999999999,1193.35,1280.0833333333333,0.22026052941201243,1527.5,-0.22605564648117837
2001-03-28,1153.3,1182.2,1182.2,1147.8,,-2.44,-0.02444594823210966,-0.20746289169873422,1149.1200000000001,1189.02,1277.3,0.22130339169414662,1527.5,-0.24497545008183308
2001-03-29,1148.0,1153.3,1161.7,1136.3,,-0.46,-0.0045955085407092255,-0.21110500274876165,1155.2,1184.3600000000001,1275.0449999999998,0.2213279568251556,1527.5,-0.24844517184942716
2001-03-30,1160.3,1148.0,1162.8,1143.8,,1.07,0.010714285714285676,-0.2026525563496413,1159.3,1180.665,1271.9233333333332,0.2212690342041708,1527.5,-0.2403927986906711
2001-04-02,1145.9,1160.3,1169.5,1137.5,,-1.24,-0.01241058346979218,-0.2125481033534895,1157.94,1175.89,1268.8,0.2214185108801503,1527.5,-0.2498199672667757
2001-04-03,1106.5,1145.9,1145.9,1100.2,,-3.44,-0.03438345405358245,-0.2396234194612411,1142.8,1168.525,1265.6033333333335,0.22384385610367524,1527.5,-0.2756137479541735
2001-04-04,1103.2,1106.5,1117.5,1092.0,,-0.3,-0.002982376863985503,-0.24189114898295627,1132.78,1160.59,1262.3916666666667,0.22376012647082488,1527.5,-0.2777741407528641
2001-04-05,1151.4,1103.2,1151.5,1103.2,,4.37,0.04369108049311099,-0.20876855415063078,1133.46,1154.925,1259.9016666666664,0.22816568910894441,1527.5,-0.24621931260229124
2001-04-06,1128.4,1151.4,1151.4,1119.3,,-2.0,-0.019975681778704235,-0.2245739417262218,1127.08,1149.675,1256.8200000000002,0.22872551333789404,1527.5,-0.26127659574468076
2001-04-09,1137.6,1128.4,1146.1,1126.4,,0.82,0.00815313718539512,-0.21825178669598555,1125.42,1147.545,1253.6666666666667,0.22864396491255456,1527.5,-0.25525368248772506
2001-04-10,1168.4,1137.6,1173.9,1137.6,,2.71,0.027074542897327802,-0.19708631115997666,1137.8,1146.0800000000002,1251.1683333333335,0.23026268437299752,1527.5,-0.2350900163666121
2001-04-11,1165.9,1168.4,1182.2,1160.3,,-0.21,-0.0021396781923999075,-0.19880428807036699,1150.3400000000001,1146.04,1248.4883333333335,0.23025978605271014,1527.5,-0.23672667757774135
2001-04-12,1183.5,1165.9,1183.5,1157.7,,1.51,0.015095634273951442,-0.1867097306212191,1156.76,1146.535,1246.055,0.22980999413820807,1527.5,-0.2252045826513912
2001-04-16,1179.7,1183.5,1184.6,1167.4,,-0.32,-0.003210815378115739,-0.18932105552501233,1167.02,1147.9950000000001,1243.25,0.22915521849845455,1527.5,-0.22769230769230764
2001-04-17,1191.8,1179.7,1192.2,1168.9,,1.03,0.0102568449605831,-0.18100604727872327,1177.8600000000001,1149.0449999999998,1240.7383333333335,0.22200878973889643,1527.5,-0.21977086743044194
2001-04-18,1238.2,1191.8,1248.4,1191.8,,3.89,0.03893270683000516,-0.14912039582187875,1191.8200000000002,1153.825,1238.993333333333,0.22297890022216352,1527.5,-0.18939443535188216
2001-04-19,1253.7,1238.2,1253.7,1233.4,,1.25,0.012518171539331213,-0.13846893897745882,1209.3799999999999,1160.4050000000002,1237.215,0.22144292727303794,1527.5,-0.17924713584288055
2001-04-20,1243.0,1253.7,1253.7,1234.4,,-0.85,-0.008534737177953278,-0.14582188015392938,1221.28,1166.675,1235.1933333333332,0.22139375561031452,1527.5,-0.1862520458265139
2001-04-23,1224.4,1243.0,1243.0,1217.5,,-1.5,-0.01496379726468211,-0.1586036283672333,1230.22,1170.905,1232.975,0.22180225158420935,1527.5,-0.19842880523731576
2001-04-24,1209.5,1224.4,1233.5,1208.9,,-1.22,-0.012169225743221213,-0.16884277075315968,1233.76,1173.745,1230.55,0.22209167910392436,1527.5,-0.2081833060556465
2001-04-25,1228.8,1209.5,1232.4,1207.4,,1.6,0.015957007027697312,-0.1555799890049464,1231.8799999999999,1176.075,1228.2933333333335,0.2201172736320479,1527.5,-0.19554828150572834
2001-04-26,1234.5,1228.8,1248.3,1228.8,,0.46,0.004638671875,-0.1516630016492565,1228.0400000000002,1180.135,1225.9733333333336,0.21992861476850123,1527.5,-0.19181669394435352
2001-04-27,1253.0,1234.5,1253.1,1234.5,,1.5,0.014985824220332011,-0.13894997251236818,1230.0400000000002,1185.385,1224.0900000000001,0.22045515354630102,1527.5,-0.17970540098199672
2001-04-30,1249.5,1253.0,1269.3,1244.0,,-0.28,-0.0027932960893854997,-0.14135514018691464,1235.06,1189.845,1222.0233333333335,0.22032048035039625,1527.5,-0.1819967266775777
2001-05-01,1266.4,1249.5,1266.5,1243.5,,1.35,0.01352541016406561,-0.129741616272676,1246.44,1195.87,1220.6383333333333,0.22047358438431688,1527.5,-0.17093289689034363
2001-05-02,1267.4,1266.4,1272.9,1257.7,,0.08,0.0007896399241946739,-0.12905442550851975,1254.1599999999999,1203.9150000000002,1219.1899999999998,0.2200007739166855,1527.5,-0.1702782324058919
2001-05-03,1248.6,1267.4,1267.4,1239.9,,-1.48,-0.014833517437273347,-0.14197361187465518,1256.98,1211.185,1217.4616666666666,0.21945306707963524,1527.5,-0.18258592471358437
2001-05-04,1266.6,1248.6,1267.5,1232.0,,1.44,0.014416146083613635,-0.12960417811984482,1259.7,1216.9450000000002,1216.2233333333336,0.21992399298905338,1527.5,-0.17080196399345338
2001-05-07,1263.5,1266.6,1270.0,1259.2,,-0.24,-0.002447497236696572,-0.1317344694887287,1262.5,1223.7,1215.0733333333335,0.2192977015062507,1527.5,-0.17283142389525363
2001-05-08,1261.2,1266.7,1267.0,1253.0,,-0.18,-0.0018203403244954064,-0.13331500824628773,1261.46,1229.8799999999999,1214.18,0.2192338982640801,1527.5,-0.17433715220949264
2001-05-09,1255.5,1261.2,1261.7,1247.8,,-0.45,-0.004519505233111398,-0.13723199560197774,1259.08,1234.235,1212.9333333333334,0.21912227306071838,1527.5,-0.17806873977086746
2001-05-10,1255.2,1255.5,1268.1,1254.6,,-0.02,-0.00023894862604534328,-0.1374381528312245,1260.4,1238.7,1211.8733333333332,0.21817839201242795,1527.5,-0.1782651391162029
2001-05-11,1245.7,1255.2,1259.8,1240.8,,-0.76,-0.007568514977692842,-0.14396646509070776,1256.2199999999998,1241.81,1210.7033333333334,0.21752930710153418,1527.5,-0.18448445171849426
2001-05-14,1248.9,1245.7,1249.7,1241.0,,0.26,0.002568836798587215,-0.14176745464540808,1253.3000000000002,1245.27,1209.4083333333333,0.2173288185467526,1527.5,-0.1823895253682487
2001-05-15,1249.4,1248.9,1257.5,1245.4,,0.04,0.00040035231003288096,-0.14142385926333,1250.94,1248.15,1208.54,0.2161518368441748,1527.5,-0.1820621931260229
2001-05-16,1285.0,1249.4,1286.4,1243.0,,2.85,0.028493676964943093,-0.11695986805937186,1256.84,1250.49,1208.6416666666667,0.21786843803345218,1527.5,-0.15875613747954176
2001-05-17,1288.5,1285.0,1296.5,1282.7,,0.27,0.0027237354085603016,-0.1145547003848254,1263.5,1252.23,1209.195,0.21755803716218514,1527.5,-0.15646481178396077
2001-05-18,1292.0,1288.5,1292.1,1281.2,,0.27,0.00271633682576633,-0.11214953271027905,1272.76,1254.6799999999998,1209.8483333333331,0.21746753640475522,1527.5,-0.15417348608837966
2001-05-21,1312.8,1292.0,1313.0,1287.9,,1.61,0.01609907120743026,-0.09785596481583159,1285.54,1259.1,1210.9633333333334,0.21709004482307773,1527.5,-0.14055646481178397
2001-05-22,1309.4,1312.8,1315.9,1306.9,,-0.26,-0.002589884216940841,-0.10019241341396234,1297.5400000000002,1264.095,1211.6583333333333,0.21706074907812245,1527.5,-0.14278232405891977
2001-05-23,1289.0,1309.4,1309.4,1288.7,,-1.56,-0.015579654803726917,-0.11421110500274745,1298.3400000000001,1267.105,1212.1766666666665,0.21677803276211186,1527.5,-0.15613747954173485
2001-05-24,1293.2,1289.0,1295.0,1281.2,,0.33,0.003258339798293264,-0.11132490379329174,1299.2800000000002,1270.04,1213.0649999999998,0.21601515753067507,1527.5,-0.15338788870703757
2001-05-25,1277.9,1293.2,1293.2,1276.4,,-1.18,-0.011831116609959724,-0.12183892248488049,1296.46,1271.285,1213.6766666666667,0.21597750359851067,1527.5,-0.16340425531914893
2001-05-29,1267.9,1277.9,1278.4,1265.4,,-0.78,-0.00782533844588773,-0.1287108301264418,1287.48,1272.205,1214.2383333333335,0.21609927544943733,1527.5,-0.1699509001636661
2001-05-30,1248.1,1267.9,1267.9,1246.0,,-1.56,-0.015616373531035732,-0.14231720725673336,1275.2199999999998,1271.2900000000002,1214.35,0.21416036530427382,1527.5,-0.18291325695581018
2001-05-31,1255.8,1248.1,1261.9,1248.1,,0.62,0.006169377453729696,-0.13702583837273108,1268.5800000000002,1270.71,1214.3833333333334,0.21425992674344477,1527.5,-0.1778723404255319
2001-06-01,1260.7,1255.8,1265.3,1246.9,,0.39,0.0039018952062430667,-0.133658603628366,1262.08,1271.315,1214.3633333333335,0.2133382239531676,1527.5,-0.17466448445171845
2001-06-04,1267.1,1260.7,1267.2,1256.4,,0.51,0.005076544776711156,-0.12926058273776697,1259.92,1271.34,1214.4033333333332,0.2124527641242196,1527.5,-0.17047463175122757
2001-06-05,1283.6,1267.1,1286.6,1267.1,,1.3,0.013021860942309171,-0.1179219351291908,1263.06,1272.3449999999998,1215.24,0.21279580862996336,1527.5,-0.15967266775777422
2001-06-06,1270.0,1283.6,1283.8,1269.0,,-1.06,-0.010595200997195353,-0.12726772952171417,1267.44,1272.785,1216.7366666666667,0.21294707040902083,1527.5,-0.16857610474631757
2001-06-07,1277.0,1270.0,1277.1,1265.1,,0.55,0.005511811023622082,-0.12245739417262125,1271.6799999999998,1273.8600000000001,1218.0583333333334,0.21280509914221485,1527.5,-0.16399345335515547
2001-06-08,1265.0,1277.0,1277.1,1260.0,,-0.94,-0.009397024275646038,-0.13070368334249483,1272.54,1274.35,1219.6966666666667,0.21290453135301607,1527.5,-0.1718494271685761
2001-06-11,1254.4,1265.0,1265.0,1249.2,,-0.84,-0.00837944664031609,-0.13798790544254969,1270.0,1274.785,1221.0433333333333,0.21303363456513613,1527.5,-0.17878887070376426
2001-06-12,1255.8,1254.4,1261.0,1235.8,,0.11,0.0011160714285713969,-0.13702583837273108,1264.44,1275.1299999999999,1222.7983333333332,0.21292212893536794,1527.5,-0.1778723404255319
2001-06-13,1241.6,1255.8,1259.8,1241.6,,-1.13,-0.011307533046663543,-0.1467839472237482,1258.76,1274.7400000000002,1223.9783333333332,0.21253781985160478,1527.5,-0.18716857610474635
2001-06-14,1219.9,1241.6,1241.6,1218.9,,-1.75,-0.017477448453608102,-0.1616959868059361,1247.3400000000001,1271.4850000000001,1225.2666666666667,0.2132039421569679,1527.5,-0.2013747954173486
2001-06-15,1214.4,1219.9,1221.5,1203.0,,-0.45,-0.0045085662759242195,-0.16547553600879483,1237.22,1267.7800000000002,1226.805,0.21314669049488816,1527.5,-0.20497545008183304
2001-06-18,1208.4,1214.4,1221.2,1208.3,,-0.49,-0.004940711462450564,-0.16959868059373162,1228.02,1263.6,1228.3183333333334,0.21300192760158376,1527.5,-0.2089034369885433
2001-06-19,1212.6,1208.4,1226.1,1207.7,,0.35,0.0034756703078449025,-0.16671247938427602,1219.38,1258.59,1229.5316666666668,0.21248511245421403,1527.5,-0.20615384615384624
2001-06-20,1223.1,1212.6,1225.6,1210.1,,0.87,0.008659079663532854,-0.15949697636063664,1215.6799999999998,1254.275,1230.7050000000002,0.21260517751068755,1527.5,-0.19927986906710315
2001-06-21,1237.0,1223.1,1240.2,1220.2,,1.14,0.011364565448450659,-0.1499450247388664,1219.1,1251.675,1231.618333333333,0.21292738097720212,1527.5,-0.19018003273322426
2001-06-22,1225.3,1237.0,1237.7,1221.4,,-0.95,-0.009458367016976554,-0.1579851566794931,1221.28,1248.28,1232.8183333333334,0.2123825986108965,1527.5,-0.19783960720130933
2001-06-25,1218.6,1225.3,1231.5,1213.6,,-0.55,-0.005468048641149137,-0.16258933479933924,1223.3200000000002,1245.315,1233.9950000000001,0.21233016468208293,1527.5,-0.20222585924713588
2001-06-26,1216.8,1218.6,1220.7,1204.6,,-0.15,-0.001477104874446078,-0.16382627817482032,1224.1599999999999,1242.76,1234.9366666666667,0.21208718722771275,1527.5,-0.20340425531914896
2001-06-27,1211.1,1216.8,1219.9,1207.3,,-0.47,-0.004684418145956659,-0.16774326553051033,1221.7599999999998,1240.9099999999999,1236.0233333333333,0.21210928115133335,1527.5,-0.20713584288052378
2001-06-28,1226.2,1211.1,1234.4,1211.1,,1.25,0.012468004293617385,-0.15736668499175277,1219.6,1239.4299999999998,1238.0183333333332,0.21248340178217417,1527.5,-0.1972504091653028
2001-06-29,1224.4,1226.2,1237.3,1221.1,,-0.15,-0.0014679497634969563,-0.15860362836723374,1219.42,1237.615,1240.0383333333334,0.21233597822688985,1527.5,-0.19842880523731576
2001-07-02,1236.7,1224.4,1239.8,1224.0,,1.0,0.010045736687356976,-0.1501511819681134,1223.04,1236.095,1241.46,0.21240960510846602,1527.5,-0.1903764320785597
2001-07-03,1234.5,1236.7,1236.7,1229.4,,-0.18,-0.0017789277917037438,-0.15166300164925695,1226.58,1233.64,1243.2283333333332,0.21213605008092012,1527.5,-0.19181669394435352
2001-07-05,1219.2,1234.5,1234.5,1219.2,,-1.24,-0.012393681652490884,-0.1621770203408457,1228.2,1231.1,1244.5883333333334,0.21191426082979403,1527.5,-0.20183306055646477
2001-07-06,1190.6,1219.2,1219.2,1188.7,,-2.35,-0.02345800524934394,-0.18183067619571114,1221.0800000000002,1226.7800000000002,1244.9583333333333,0.2129955970723304,1527.5,-0.22055646481178404
2001-07-09,1198.8,1190.6,1201.8,1189.8,,0.69,0.006887283722492921,-0.1761957119296308,1215.9599999999998,1223.47,1245.5066666666667,0.2125308683753731,1527.5,-0.21518821603927984
2001-07-10,1181.5,1198.8,1203.4,1179.9,,-1.44,-0.014431097764431078,-0.1880841121495318,1204.92,1219.825,1245.4733333333331,0.2129662959414297,1527.5,-0.22651391162029455
2001-07-11,1180.2,1181.5,1184.9,1168.5,,-0.11,-0.0011002962336013056,-0.1889774601429347,1194.06,1216.045,1245.4816666666668,0.2129210059714762,1527.5,-0.22736497545008183
2001-07-12,1208.1,1180.2,1210.2,1180.2,,2.36,0.02364006100660898,-0.16980483782297873,1191.84,1214.3700000000001,1245.7533333333333,0.214137445655025,1527.5,-0.20909983633387896
2001-07-13,1215.7,1208.1,1218.5,1203.6,,0.63,0.006290869961095957,-0.16458218801539215,1196.86,1214.16,1245.3783333333333,0.21423644903326738,1527.5,-0.20412438625204576
2001-07-16,1202.5,1215.7,1219.6,1200.0,,-1.09,-0.010857941926462167,-0.17365310610225315,1197.6,1213.565,1244.525,0.21422786738419647,1527.5,-0.21276595744680848
2001-07-17,1214.4,1202.5,1215.4,1196.1,,0.99,0.009896049896049863,-0.16547553600879528,1204.18,1213.8650000000002,1244.0483333333334,0.21449250667974248,1527.5,-0.20497545008183304
2001-07-18,1207.7,1214.4,1214.4,1198.3,,-0.55,-0.005517127799736565,-0.17007971412864142,1209.6799999999998,1213.62,1243.77,0.2142941782769125,1527.5,-0.2093617021276596
2001-07-19,1215.0,1207.7,1225.0,1205.8,,0.6,0.006044547486958596,-0.16506322155030173,1211.06,1213.215,1243.8616666666667,0.21428317693399246,1527.5,-0.20458265139116205
2001-07-20,1210.8,1215.0,1215.7,1207.0,,-0.35,-0.0034567901234567877,-0.16794942275975744,1210.0800000000002,1211.905,1243.5616666666667,0.21407101535006665,1527.5,-0.20733224222585933
2001-07-23,1191.0,1210.8,1215.2,1190.5,,-1.64,-0.016352824578790837,-0.18155579989004877,1207.78,1210.19,1242.8366666666666,0.2144275990297905,1527.5,-0.2202945990180033
2001-07-24,1171.7,1191.0,1191.0,1165.5,,-1.62,-0.01620486985726277,-0.19481858163826204,1199.24,1207.8449999999998,1241.4816666666666,0.21475197392446294,1527.5,-0.23292962356792146
2001-07-25,1190.5,1171.7,1190.5,1171.3,,1.6,0.016045062729367565,-0.18189939527212684,1195.8,1206.53,1240.4983333333332,0.21527261400459222,1527.5,-0.2206219312602291
2001-07-26,1202.9,1190.5,1204.2,1182.7,,1.04,0.010415791684166287,-0.1733782297965909,1193.38,1206.1200000000001,1239.4399999999998,0.2150854171970952,1527.5,-0.21250409165302775
2001-07-27,1205.8,1202.9,1209.3,1196.0,,0.24,0.0024108404688667484,-0.1713853765805382,1192.3799999999999,1205.1,1238.4133333333334,0.21510342746354696,1527.5,-0.21060556464811786
2001-07-30,1204.5,1205.8,1209.0,1200.4,,-0.11,-0.001078122408359583,-0.1722787245739411,1195.08,1204.105,1237.6783333333333,0.2141789370244789,1527.5,-0.21145662847790503
2001-07-31,1211.2,1204.5,1222.7,1204.5,,0.56,0.005562474055624822,-0.16767454645409496,1202.98,1202.8300000000002,1236.7549999999999,0.2141077115138497,1527.5,-0.20707037643207848
2001-08-01,1215.9,1211.2,1223.0,1211.2,,0.39,0.003880449141347553,-0.16444474986256108,1208.06,1201.9,1235.9616666666666,0.2140787002977484,1527.5,-0.2039934533551554
2001-08-02,1220.8,1215.9,1226.3,1215.3,,0.4,0.004029936672423684,-0.16107751511819612,1211.6399999999999,1201.98,1235.2883333333334,0.21412599704126248,1527.5,-0.20078559738134205
2001-08-03,1214.3,1220.8,1220.8,1205.3,,-0.53,-0.005324377457404994,-0.16554425508521098,1213.34,1203.165,1234.6016666666665,0.21393201989922495,1527.5,-0.20504091653027823
2001-08-06,1200.5,1214.3,1214.3,1197.3,,-1.14,-0.011364572181503663,-0.17502748763056553,1212.5400000000002,1203.25,1233.6899999999998,0.21406014235419807,1527.5,-0.21407528641571194
2001-08-07,1204.4,1200.5,1207.6,1195.6,,0.32,0.003248646397334465,-0.1723474436503566,1211.1799999999998,1204.395,1233.0016666666668,0.21376346075420669,1527.5,-0.2115220949263502
2001-08-08,1183.5,1204.4,1206.8,1181.3,,-1.74,-0.017353038857522485,-0.18670973062121976,1204.7,1204.56,1231.9116666666666,0.21438575777744026,1527.5,-0.2252045826513912
2001-08-09,1183.4,1183.5,1184.7,1174.7,,-0.01,-8.449514152930604e-05,-0.18677844969763535,1197.22,1203.325,1230.8116666666667,0.214305788057968,1527.5,-0.22527004909983628
2001-08-10,1190.2,1183.4,1193.3,1169.5,,0.57,0.005746155146188814,-0.18210555250137372,1192.4,1202.05,1229.2316666666666,0.21425939250058817,1527.5,-0.22081833060556466
2001-08-13,1191.3,1190.2,1193.8,1185.1,,0.09,0.0009242144177448175,-0.1813496426608021,1190.56,1201.49,1227.6116666666667,0.2140893096101175,1527.5,-0.22009819967266775
2001-08-14,1186.7,1191.3,1198.8,1184.3,,-0.39,-0.0038613279610508755,-0.1845107201759203,1187.02,1200.105,1225.8566666666666,0.21363587869756684,1527.5,-0.22310965630114565
2001-08-15,1178.0,1186.7,1191.2,1177.6,,-0.73,-0.007331254740035376,-0.1904892798240786,1185.92,1198.6200000000001,1223.6100000000001,0.21369773901407033,1527.5,-0.22880523731587565
2001-08-16,1181.7,1178.0,1181.8,1166.1,,0.31,0.003140916808149541,-0.18794667399670084,1185.58,1196.9550000000002,1221.4816666666668,0.21372223384124486,1527.5,-0.22638297872340418
2001-08-17,1162.0,1181.7,1181.7,1156.1,,-1.67,-0.016670897859016653,-0.2014843320505766,1179.94,1194.515,1219.3650000000002,0.213978398151026,1527.5,-0.23927986906710308
2001-08-20,1171.4,1162.0,1171.4,1160.9,,0.81,0.008089500860585241,-0.19502473886750893,1175.96,1193.535,1217.335,0.2141576254287568,1527.5,-0.2331260229132569
2001-08-21,1157.3,1171.4,1179.8,1156.6,,-1.2,-0.012036878948267105,-0.20471412864211047,1170.08,1192.815,1215.325,0.2143600018173045,1527.5,-0.24235679214402617
2001-08-22,1165.3,1157.3,1168.6,1153.3,,0.69,0.006912641493130645,-0.1992166025288613,1167.54,1191.555,1213.6150000000002,0.21450367044596927,1527.5,-0.23711947626841245
2001-08-23,1162.1,1165.3,1169.9,1161.0,,-0.27,-0.002746073972367702,-0.201415612974161,1163.6200000000001,1189.5149999999999,1212.1816666666666,0.21442163229420635,1527.5,-0.239214402618658
2001-08-24,1184.9,1162.1,1185.2,1162.1,,1.96,0.019619654074520376,-0.18574766355140115,1168.2,1188.47,1211.0,0.21539153590542434,1527.5,-0.22428805237315874
2001-08-27,1179.2,1184.9,1186.8,1178.1,,-0.48,-0.004810532534391121,-0.18966465090709117,1169.7599999999998,1187.2050000000002,1209.6416666666667,0.2154274295637087,1527.5,-0.22801963993453356
2001-08-28,1161.5,1179.2,1179.7,1161.2,,-1.5,-0.0150101763907734,-0.20182792743265465,1170.6,1184.72,1207.881666666667,0.21580682679794,1527.5,-0.239607201309329
2001-08-29,1148.6,1161.5,1167.0,1147.4,,-1.11,-0.011106328024106826,-0.21069268829026877,1167.26,1181.355,1205.6316666666667,0.21603733430144434,1527.5,-0.24805237315875617
2001-08-30,1129.0,1148.6,1151.8,1124.9,,-1.71,-0.01706425213303142,-0.2241616272677288,1160.6399999999999,1176.7649999999999,1203.2816666666665,0.21660226543429373,1527.5,-0.26088379705400977
2001-08-31,1133.6,1129.0,1141.8,1126.4,,0.41,0.004074402125775034,-0.22100054975261063,1150.3799999999999,1172.73,1200.8916666666667,0.21637741150720557,1527.5,-0.257872340425532
2001-09-04,1132.9,1133.6,1155.4,1129.1,,-0.06,-0.00061750176429054,-0.22148158328751977,1141.12,1169.35,1198.6899999999998,0.2163554064196847,1527.5,-0.25833060556464804
2001-09-05,1131.7,1132.9,1135.5,1114.9,,-0.11,-0.0010592285285551117,-0.2223062122045072,1135.16,1165.715,1196.6450000000002,0.2162087617811022,1527.5,-0.25911620294599014
2001-09-06,1106.4,1131.7,1131.7,1105.8,,-2.24,-0.02235574798974993,-0.23969213853765725,1126.72,1161.86,1194.155,0.217078576183561,1527.5,-0.27567921440261856
2001-09-07,1085.8,1106.4,1106.4,1082.1,,-1.86,-0.01861894432393363,-0.25384826827927365,1118.08,1156.98,1191.5583333333334,0.2176343013814129,1527.5,-0.2891653027823241
2001-09-10,1092.5,1085.8,1096.9,1073.2,,0.62,0.006170565481672607,-0.2492440901594275,1109.86,1152.095,1189.4350000000002,0.21771886371097068,1527.5,-0.28477905073649756
2001-09-17,1038.8,1092.5,1092.5,1037.5,,-4.92,-0.04915331807780321,-0.2861462341946117,1091.04,1144.47,1186.5083333333334,0.22293794112639068,1527.5,-0.3199345335515549
2001-09-18,1032.7,1038.8,1046.4,1029.2,,-0.59,-0.005872160184828612,-0.2903380978559641,1071.2400000000002,1136.77,1183.5800000000002,0.22295566194514602,1527.5,-0.3239279869067103
2001-09-19,1016.1,1032.7,1038.9,984.6,,-1.61,-0.01607436816113106,-0.30174546454095585,1053.1799999999998,1128.675,1180.305,0.22341708974373628,1527.5,-0.33479541734860885
2001-09-20,984.5,1016.1,1016.1,984.5,,-3.11,-0.03109930124987703,-0.3234606926882896,1032.92,1118.815,1176.3283333333336,0.2253786483127493,1527.5,-0.3554828150572832
2001-09-21,965.8,984.5,984.5,944.8,,-1.9,-0.018994413407821265,-0.3363111599780092,1007.5799999999999,1109.0049999999999,1171.8083333333334,0.2258898928896372,1527.5,-0.36772504091653035
2001-09-24,1003.5,965.8,1008.4,965.8,,3.9,0.03903499689376688,-0.3104040681693231,1000.5199999999999,1100.6100000000001,1168.1116666666667,0.22912811909575156,1527.5,-0.34304418985270047
2001-09-25,1012.3,1003.5,1017.1,998.3,,0.88,0.008769307424015826,-0.3043567894447492,996.4399999999999,1093.36,1164.6733333333332,0.22903642054116458,1527.5,-0.3372831423895254
2001-09-26,1007.0,1012.3,1020.3,1002.6,,-0.52,-0.005235602094240788,-0.30799890049477663,994.6200000000001,1085.445,1161.1766666666667,0.22902431080613292,1527.5,-0.3407528641571195
2001-09-27,1018.6,1007.0,1018.9,998.2,,1.15,0.011519364448858038,-0.3000274876305655,1001.4399999999999,1078.27,1157.9683333333335,0.22938518592937085,1527.5,-0.3331587561374795
2001-09-28,1040.9,1028.5,1040.9,1018.6,,2.19,0.021892794031022955,-0.28470313358988386,1016.46,1071.07,1154.88,0.2305519223960473,1527.5,-0.3185597381342061
2001-10-01,1038.5,1037.9,1040.9,1026.8,,-0.23,-0.002305696992986883,-0.2863523914238586,1023.46,1064.0349999999999,1151.7816666666665,0.23048876365595658,1527.5,-0.3201309328968903
2001-10-02,1051.3,1037.6,1051.3,1034.5,,1.23,0.012325469427058255,-0.2775563496426602,1031.2599999999998,1058.525,1148.6916666666666,0.23077563203751655,1527.5,-0.31175122749590833
2001-10-03,1072.3,1042.9,1075.4,1041.5,,2.0,0.019975268714924388,-0.2631253435953814,1044.32,1054.71,1145.9883333333335,0.2317358435572634,1527.5,-0.29800327332242227
2001-10-04,1069.6,1072.3,1084.1,1067.8,,-0.25,-0.002517952065653306,-0.26498075865860304,1054.52,1051.74,1143.495,0.23056176190317293,1527.5,-0.299770867430442
2001-10-05,1071.4,1069.6,1072.3,1053.5,,0.17,0.0016828721017203563,-0.26374381528312196,1060.62,1048.63,1141.5083333333334,0.23016006916643433,1527.5,-0.2985924713584287
2001-10-08,1062.4,1060.3,1071.4,1056.9,,-0.84,-0.008400224005973511,-0.26992853216052715,1065.4,1045.105,1139.2350000000001,0.23027544956920357,1527.5,-0.30448445171849425
2001-10-09,1056.8,1062.9,1063.4,1053.8,,-0.53,-0.005271084337349574,-0.27377680043980157,1066.5,1041.3600000000001,1137.1566666666668,0.2302436095869035,1527.5,-0.3081505728314239
2001-10-10,1081.0,1055.3,1081.6,1052.7,,2.29,0.022899318697956028,-0.25714678394722323,1068.2400000000002,1040.0900000000001,1135.5033333333333,0.2313986543149627,1527.5,-0.29230769230769227
2001-10-11,1097.4,1081.0,1099.2,1081.0,,1.52,0.015171137835337634,-0.24587685541506266,1073.8,1040.6699999999998,1133.6583333333333,0.231952173754456,1527.5,-0.2815711947626841
2001-10-12,1091.7,1088.4,1097.4,1072.2,,-0.52,-0.0051940951339529695,-0.24979384277075256,1077.8600000000001,1040.6299999999999,1131.591666666667,0.23128355831876954,1527.5,-0.2853027823240589
2001-10-15,1090.0,1083.4,1091.7,1078.2,,-0.16,-0.0015572043601722596,-0.25096206706981805,1083.3799999999999,1043.19,1129.716666666667,0.2312485678772698,1527.5,-0.2864157119476268
2001-10-16,1097.5,1093.7,1101.7,1087.1,,0.69,0.006880733944954143,-0.24580813633864707,1091.52,1046.4299999999998,1127.7683333333334,0.23116832333387663,1527.5,-0.2815057283142389
2001-10-17,1077.1,1107.6,1107.1,1076.6,,-1.86,-0.018587699316628736,-0.25982682792743217,1090.7400000000002,1049.48,1125.5916666666667,0.23134338075874805,1527.5,-0.2948608837970541
2001-10-18,1068.6,1074.4,1077.9,1064.5,,-0.79,-0.007891560672175335,-0.2656679494227593,1084.98,1053.685,1123.1516666666669,0.23012508291793735,1527.5,-0.30042553191489363
2001-10-19,1073.5,1066.6,1075.5,1057.2,,0.46,0.004585438892008353,-0.2623007146783941,1081.34,1059.0700000000002,1120.8633333333335,0.22762250838261397,1527.5,-0.2972176759410802
2001-10-22,1089.9,1073.5,1090.6,1070.3,,1.53,0.01527713088029814,-0.25103078614623353,1081.3200000000002,1063.3899999999999,1119.1783333333333,0.2281923355438083,1527.5,-0.2864811783960719
2001-10-23,1084.8,1093.9,1099.0,1081.5,,-0.47,-0.0046793283787505136,-0.2545354590434299,1078.78,1067.015,1117.73,0.22758115688054,1527.5,-0.28981996726677584
2001-10-24,1085.2,1085.2,1090.3,1080.0,,0.04,0.00036873156342198676,-0.2542605827377673,1080.4,1070.925,1115.975,0.22752657668695786,1527.5,-0.2895581014729951
2001-10-25,1100.1,1072.7,1100.1,1065.6,,1.37,0.013730187983781672,-0.24402144035184103,1086.7,1075.0,1114.2616666666668,0.22518640820969654,1527.5,-0.2798036006546646
2001-10-26,1104.6,1096.2,1110.6,1094.2,,0.41,0.004090537223888635,-0.24092908191313855,1092.92,1078.185,1112.575,0.225141446442338,1527.5,-0.27685761047463187
2001-10-29,1078.3,1099.8,1104.6,1078.3,,-2.38,-0.023809523809523725,-0.25900219901044474,1090.6,1080.175,1110.4716666666668,0.2263110044651402,1527.5,-0.294075286415712
2001-10-30,1059.8,1078.3,1078.3,1053.6,,-1.72,-0.01715663544468149,-0.2717152281473332,1085.6,1080.6,1107.9483333333333,0.2268771239980955,1527.5,-0.3061865793780688
2001-10-31,1059.8,1066.4,1074.8,1057.5,,0.0,0.0,-0.2717152281473332,1080.52,1079.975,1105.3466666666668,0.22572633959443256,1527.5,-0.3061865793780688
2001-11-01,1084.1,1063.1,1085.6,1054.3,,2.29,0.02292885450084925,-0.25501649257833914,1077.3200000000002,1080.7,1103.0683333333334,0.22698048432359708,1527.5,-0.290278232405892
2001-11-02,1087.2,1080.5,1089.6,1075.6,,0.29,0.002859514804907315,-0.25288620120945515,1073.84,1081.49,1100.95,0.22669362199804882,1527.5,-0.28824877250409164
2001-11-05,1102.8,1087.2,1106.7,1087.2,,1.43,0.014348785871964642,-0.24216602528861952,1078.7399999999998,1083.51,1099.3216666666667,0.22672697782121776,1527.5,-0.27803600654664484
2001-11-06,1118.9,1102.8,1119.7,1095.4,,1.46,0.014599202031193359,-0.23110225398570583,1090.56,1086.615,1097.8966666666668,0.2261035213534348,1527.5,-0.2674959083469721
2001-11-07,1115.8,1118.9,1126.6,1113.0,,-0.28,-0.0027705782464921835,-0.23323254535458993,1101.76,1088.355,1096.7683333333332,0.2260588803306869,1527.5,-0.2695253682487725
2001-11-08,1118.5,1115.8,1135.8,1115.4,,0.24,0.0024197884925614144,-0.2313771302913683,1108.64,1089.41,1095.6866666666667,0.22600657332352783,1527.5,-0.26775777414075286
2001-11-09,1120.3,1117.6,1123.0,1111.1,,0.16,0.0016092981671882445,-0.23014018691588722,1115.2599999999998,1090.84,1094.5216666666668,0.2260200073436996,1527.5,-0.26657937806873977
2001-11-12,1118.3,1112.7,1121.7,1098.3,,-0.18,-0.0017852360974739412,-0.2315145684441995,1118.3600000000001,1092.2549999999999,1093.305,0.22597229628451126,1527.5,-0.2678887070376432
2001-11-13,1139.1,1118.3,1139.1,1118.3,,1.86,0.018599660198515666,-0.2172210005497519,1122.4,1094.335,1092.5116666666665,0.22680961538462008,1527.5,-0.25427168576104753
2001-11-14,1141.2,1146.3,1148.3,1132.9,,0.18,0.0018435607058204795,-0.21577789994502394,1127.48,1097.5400000000002,1091.8983333333333,0.22632541234999862,1527.5,-0.2528968903436988
2001-11-15,1142.2,1141.2,1146.5,1135.1,,0.09,0.000876270592358841,-0.21509070918086792,1132.2199999999998,1101.2199999999998,1091.24,0.22625626865541104,1527.5,-0.25224222585924716
2001-11-16,1138.7,1142.2,1143.5,1129.9,,-0.31,-0.003064261950621594,-0.21749587685541438,1135.9,1104.48,1090.8516666666667,0.22502038192431464,1527.5,-0.25453355155482815
2001-11-19,1151.1,1143.9,1151.1,1138.7,,1.09,0.010889610959866403,-0.20897471137987844,1142.46,1107.5400000000002,1090.5133333333333,0.2250824985177866,1527.5,-0.2464157119476269
2001-11-20,1142.7,1149.0,1152.5,1142.2,,-0.73,-0.0072973677352097255,-0.21474711379878986,1143.1799999999998,1110.435,1090.27,0.22388883570341286,1527.5,-0.25191489361702124
2001-11-21,1137.0,1140.2,1142.7,1129.8,,-0.5,-0.004988185875557938,-0.21866410115447987,1142.34,1113.025,1089.7983333333334,0.22386031577424403,1527.5,-0.25564648117839606
2001-11-23,1150.3,1137.0,1151.0,1135.9,,1.17,0.011697449428320184,-0.20952446399120328,1143.96,1115.5349999999999,1089.6016666666667,0.22388232329023924,1527.5,-0.24693944353518826
2001-11-26,1157.4,1150.3,1157.9,1146.2,,0.62,0.0061723028775102495,-0.20464540956569477,1147.7,1118.175,1089.1433333333334,0.22396739744111274,1527.5,-0.24229132569558098
2001-11-27,1149.5,1152.1,1163.4,1140.8,,-0.68,-0.006825643684119642,-0.21007421660252823,1147.3799999999999,1121.7350000000001,1088.6483333333333,0.22334399203610156,1527.5,-0.24746317512274962
2001-11-28,1128.5,1143.1,1149.5,1128.3,,-1.83,-0.018268812527185707,-0.224505222649807,1144.5400000000002,1125.1699999999998,1088.0983333333334,0.22401073005021693,1527.5,-0.2612111292962357
2001-11-29,1140.2,1131.0,1140.4,1125.5,,1.04,0.010367744793974287,-0.2164650907091803,1145.18,1129.19,1087.9583333333333,0.22355640434881222,1527.5,-0.2535515548281505
2001-11-30,1139.5,1140.0,1143.6,1135.9,,-0.06,-0.0006139273811612833,-0.21694612424408966,1143.02,1131.96,1088.1333333333334,0.2230377098217479,1527.5,-0.2540098199672668
2001-12-03,1129.9,1139.5,1139.5,1125.8,,-0.84,-0.008424747696357926,-0.22354315557998838,1137.52,1134.095,1088.0716666666667,0.2230968019876905,1527.5,-0.2602945990180032
2001-12-04,1144.8,1134.5,1144.8,1128.9,,1.32,0.013187007699796416,-0.21330401319406211,1136.5800000000002,1136.1950000000002,1088.27,0.22333948923910305,1527.5,-0.2505400981996727
2001-12-05,1170.3,1151.4,1173.6,1143.8,,2.23,0.022274633123689824,-0.19578064870808076,1144.94,1138.7649999999999,1088.9133333333334,0.22444818701750474,1527.5,-0.23384615384615393
2001-12-06,1167.1,1168.1,1173.3,1164.4,,-0.27,-0.002734341621806413,-0.19797965915338045,1150.32,1141.33,1089.925,0.2235961973503825,1527.5,-0.23594108019639937
2001-12-07,1158.3,1162.5,1167.1,1152.7,,-0.75,-0.007540056550424112,-0.20402693787795434,1154.08,1143.3200000000002,1091.1333333333334,0.22371028941400342,1527.5,-0.24170212765957455
2001-12-10,1139.9,1152.4,1158.3,1139.7,,-1.59,-0.015885349218682454,-0.21667124793842707,1156.08,1144.3,1091.9233333333334,0.22410431980400125,1527.5,-0.25374795417348606
2001-12-11,1136.8,1139.9,1150.9,1134.3,,-0.27,-0.002719536801473965,-0.21880153930731117,1154.48,1145.225,1093.5566666666668,0.2206014126053731,1527.5,-0.2557774140752864
2001-12-12,1137.1,1139.3,1141.5,1126.1,,0.03,0.00026389866291332,-0.2185953820780644,1147.84,1145.125,1095.2966666666666,0.21990236248828524,1527.5,-0.255581014729951
2001-12-13,1119.4,1127.6,1137.1,1117.8,,-1.56,-0.015565913288189126,-0.23075865860362776,1138.3,1144.035,1097.0183333333334,0.22034822823232195,1527.5,-0.2671685761047462
2001-12-14,1123.1,1117.9,1128.3,1114.5,,0.33,0.003305342147578827,-0.22821605277625023,1131.26,1143.0800000000002,1099.3283333333334,0.21944240810306376,1527.5,-0.26474631751227506
2001-12-17,1134.4,1123.1,1137.4,1122.3,,1.01,0.010061437093758618,-0.2204507971412858,1130.1599999999999,1142.865,1102.1383333333333,0.21955263611673453,1527.5,-0.2573486088379705
2001-12-18,1142.9,1134.4,1145.1,1134.4,,0.75,0.00749294781382237,-0.21460967564595856,1131.38,1142.455,1104.4616666666666,0.2196257400676936,1527.5,-0.2517839607201309
2001-12-19,1149.6,1136.3,1152.4,1134.8,,0.59,0.005862280164493638,-0.21000549752611264,1133.8799999999999,1142.8,1106.75,0.21959022868957107,1527.5,-0.24739770867430444
2001-12-20,1139.9,1148.9,1151.4,1139.9,,-0.84,-0.008437717466944883,-0.21667124793842696,1137.98,1142.9450000000002,1108.965,0.21931628198634406,1527.5,-0.25374795417348606
2001-12-21,1144.9,1139.9,1147.8,1139.9,,0.44,0.004386349679796453,-0.2132352941176463,1142.34,1142.675,1111.07,0.2183684961633249,1527.5,-0.2504746317512274
2001-12-24,1144.7,1145.0,1147.8,1144.6,,-0.02,-0.00017468774565465583,-0.21337273227047748,1144.4,1142.04,1112.8,0.2182039049657103,1527.5,-0.2506055646481178
2001-12-26,1149.4,1144.7,1159.2,1144.7,,0.41,0.004105879269677759,-0.2101429356789436,1145.7,1142.035,1114.6483333333333,0.21789287361152138,1527.5,-0.2475286415711947
2001-12-27,1157.1,1149.4,1157.1,1149.4,,0.67,0.006699147381242332,-0.20485156679494143,1147.2,1143.465,1116.4116666666669,0.21578407797734445,1527.5,-0.24248772504091654
2001-12-28,1161.0,1157.1,1164.6,1157.1,,0.34,0.0033704952035260582,-0.2021715228147325,1151.42,1144.5049999999999,1117.89,0.21565324465486524,1527.5,-0.2399345335515548
2001-12-31,1148.1,1158.3,1161.2,1148.0,,-1.11,-0.011111111111111183,-0.21103628367234661,1152.06,1144.935,1119.1983333333333,0.21449449268066997,1527.5,-0.2483797054009821
2002-01-02,1154.7,1149.0,1154.7,1136.2,,0.57,0.005748628168278147,-0.20650082462891606,1154.06,1146.175,1120.5866666666666,0.21445312799543217,1527.5,-0.24405891980360062
2002-01-03,1165.3,1155.5,1165.3,1154.0,,0.92,0.009179873560231977,-0.1992166025288612,1157.24,1147.2,1122.3016666666665,0.21439390859146,1527.5,-0.23711947626841245
2002-01-04,1172.5,1171.1,1176.5,1163.4,,0.62,0.006178666437827163,-0.1942688290269371,1160.3200000000002,1147.31,1124.23,0.21445041410175011,1527.5,-0.2324058919803601
2002-01-07,1164.9,1174.7,1177.0,1163.5,,-0.65,-0.006481876332622538,-0.19949147883452367,1161.1,1147.2,1125.6283333333336,0.21430226630363103,1527.5,-0.23738134206219308
2002-01-08,1160.7,1165.3,1167.6,1157.5,,-0.36,-0.0036054596961112573,-0.20237768004397938,1163.6200000000001,1147.32,1126.6833333333334,0.2125266466261715,1527.5,-0.24013093289689036
2002-01-09,1155.1,1163.8,1174.3,1151.9,,-0.48,-0.004824674765227965,-0.2062259483232538,1163.7,1148.0800000000002,1127.74,0.20645652139886939,1527.5,-0.24379705400982
2002-01-10,1156.5,1154.3,1159.9,1150.8,,0.12,0.0012120162756472652,-0.2052638812534351,1161.94,1149.065,1128.8483333333331,0.20621511977582646,1527.5,-0.24288052373158753
2002-01-11,1145.6,1158.5,1159.4,1145.5,,-0.94,-0.009424989191526234,-0.21275426058273694,1156.56,1149.49,1129.65,0.20478552948654288,1527.5,-0.25001636661211135
2002-01-14,1138.4,1143.0,1145.6,1138.2,,-0.63,-0.006284916201117152,-0.21770203408466093,1151.2599999999998,1150.44,1130.6716666666664,0.2048647813032127,1527.5,-0.2547299509001636
2002-01-15,1146.2,1140.8,1148.8,1136.9,,0.69,0.006851721714687287,-0.21234194612424306,1148.36,1151.5949999999998,1131.9650000000001,0.20495115908711325,1527.5,-0.24962356792144025
2002-01-16,1127.6,1139.2,1146.2,1127.5,,-1.62,-0.016227534461699666,-0.2251236943375472,1142.8600000000001,1151.255,1132.8666666666666,0.2053101576016191,1527.5,-0.26180032733224223
2002-01-17,1138.9,1135.7,1139.3,1127.6,,1.0,0.01002128414331338,-0.21735843870258276,1139.3400000000001,1151.0549999999998,1133.6833333333334,0.20529668401690035,1527.5,-0.2544026186579378
2002-01-18,1127.6,1127.5,1138.9,1124.5,,-0.99,-0.00992185442093263,-0.2251236943375472,1135.74,1149.9550000000002,1134.3966666666668,0.20542789909714307,1527.5,-0.26180032733224223
2002-01-22,1119.3,1135.3,1135.3,1117.9,,-0.74,-0.007360766229159266,-0.23082737768004302,1131.92,1148.925,1134.965,0.2054232594650676,1527.5,-0.2672340425531915
2002-01-23,1128.2,1122.2,1131.9,1117.4,,0.8,0.007951398195300774,-0.22471137987905332,1128.32,1148.09,1135.4333333333334,0.20558335006299847,1527.5,-0.26140752864157113
2002-01-24,1132.2,1133.4,1139.5,1128.2,,0.35,0.0035454706612303433,-0.2219626168224288,1129.24,1147.4650000000001,1135.8933333333332,0.20511091494572117,1527.5,-0.25878887070376433
2002-01-25,1133.3,1129.3,1138.3,1127.8,,0.1,0.0009715597950892274,-0.22120670698185707,1128.12,1146.66,1136.81,0.2050872869564059,1527.5,-0.2580687397708674
2002-01-28,1133.1,1136.3,1138.6,1126.7,,-0.02,-0.00017647577869939202,-0.22134414513468836,1129.22,1145.46,1138.0316666666668,0.20508577629338343,1527.5,-0.2581996726677578
2002-01-29,1100.6,1133.8,1137.5,1098.7,,-2.87,-0.028682375783249503,-0.24367784496976264,1125.48,1142.44,1138.7116666666666,0.2065411107597391,1527.5,-0.27947626841243867
2002-01-30,1113.6,1100.2,1113.8,1081.7,,1.18,0.011811739051426517,-0.23474436503573293,1122.56,1140.715,1139.2033333333334,0.20689203746581025,1527.5,-0.2709656301145663
2002-01-31,1130.2,1117.8,1130.2,1113.3,,1.49,0.014906609195402432,-0.22333699835074106,1122.16,1139.49,1139.9199999999998,0.20743595071945273,1527.5,-0.2600981996726677
2002-02-01,1122.2,1127.4,1130.2,1118.5,,-0.71,-0.007078393204742572,-0.2288345244639901,1119.94,1137.3349999999998,1140.243333333333,0.2075324418531217,1527.5,-0.2653355155482815
2002-02-04,1094.4,1118.0,1122.2,1092.2,,-2.48,-0.02477276777757975,-0.2479384277075305,1112.2,1133.4299999999998,1139.835,0.2087908249990926,1527.5,-0.2835351882160392
2002-02-05,1090.0,1088.7,1101.0,1082.6,,-0.4,-0.004020467836257424,-0.2509620670698176,1110.08,1129.685,1139.405,0.20867029899351358,1527.5,-0.2864157119476268
2002-02-06,1083.5,1091.5,1093.6,1077.8,,-0.6,-0.00596330275229362,-0.25542880703683246,1104.06,1125.825,1138.8216666666667,0.208678828906948,1527.5,-0.290671031096563
2002-02-07,1080.2,1083.3,1094.0,1078.4,,-0.3,-0.003045685279187804,-0.25769653655854763,1094.06,1122.08,1138.1533333333332,0.2085937121144203,1527.5,-0.29283142389525363
2002-02-08,1096.2,1082.4,1096.3,1079.9,,1.48,0.01481207183854849,-0.24670148433204953,1088.8600000000001,1119.065,1137.7849999999999,0.20851162171532742,1527.5,-0.2823567921440262
2002-02-11,1111.9,1095.4,1112.0,1094.7,,1.43,0.014322203977376491,-0.2359125893347982,1092.36,1117.3799999999999,1137.3316666666667,0.20901157940643025,1527.5,-0.2720785597381341
2002-02-12,1107.5,1106.2,1112.7,1103.0,,-0.4,-0.003957190394819787,-0.2389362286970853,1095.86,1115.8349999999998,1136.7700000000002,0.20903560077553743,1527.5,-0.27495908346972175
2002-02-13,1118.5,1107.5,1120.6,1107.5,,0.99,0.009932279909706576,-0.23137713029136786,1102.86,1114.45,1136.375,0.20916082679075146,1527.5,-0.26775777414075286
2002-02-14,1116.5,1118.5,1124.7,1112.3,,-0.18,-0.0017881090746535433,-0.23275151181968012,1110.1200000000001,1113.895,1136.005,0.2090877085046944,1527.5,-0.2690671031096563
2002-02-15,1104.2,1116.7,1117.1,1103.2,,-1.1,-0.011016569637259277,-0.24120395821880047,1111.72,1112.16,1135.2233333333336,0.20896207304854517,1527.5,-0.2771194762684124
2002-02-19,1083.3,1102.2,1102.2,1082.2,,-1.89,-0.018927730483608074,-0.25556624518966364,1106.0,1109.945,1134.2333333333333,0.20938998283544732,1527.5,-0.29080196399345337
2002-02-20,1098.0,1084.7,1098.3,1074.4,,1.36,0.013569648296870795,-0.24546454095656844,1104.1,1108.8799999999999,1133.5833333333333,0.20972484283139572,1527.5,-0.2811783960720131
2002-02-21,1081.0,1094.3,1101.5,1080.2,,-1.55,-0.015482695810564717,-0.2571467839472227,1096.6,1106.52,1132.4283333333335,0.21024403873684108,1527.5,-0.29230769230769227
2002-02-22,1089.8,1078.2,1093.9,1074.4,,0.81,0.00814061054579085,-0.2510995052226488,1091.26,1104.4,1131.3016666666665,0.21024443054139436,1527.5,-0.2865466448445172
2002-02-25,1109.4,1090.8,1112.7,1089.8,,1.8,0.017984951367223445,-0.23763056624518852,1092.3,1103.205,1130.6333333333334,0.21027111655831138,1527.5,-0.2737152209492635
2002-02-26,1109.4,1110.3,1115.0,1101.7,,0.0,0.0,-0.23763056624518852,1097.52,1102.02,1130.3149999999998,0.2095925787967445,1527.5,-0.2737152209492635
2002-02-27,1109.9,1111.2,1123.1,1102.3,,0.05,0.0004506940688659977,-0.23728697086311046,1099.9,1102.4850000000001,1129.8100000000002,0.20881584280460913,1527.5,-0.27338788870703756
2002-02-28,1106.7,1110.8,1121.6,1106.7,,-0.29,-0.002883142625461743,-0.23948598130841003,1105.04,1102.1399999999999,1129.2633333333333,0.2088245596962131,1527.5,-0.2754828150572831
2002-03-01,1131.8,1108.7,1131.8,1108.7,,2.27,0.02268003975783861,-0.22223749312809116,1113.44,1102.2199999999998,1129.2950000000003,0.21003206343372294,1527.5,-0.25905073649754506
2002-03-04,1153.8,1130.9,1153.8,1130.9,,1.94,0.019438063262060545,-0.20711929631665615,1122.3200000000002,1103.8,1129.445,0.21020600034549017,1527.5,-0.24464811783960727
2002-03-05,1146.1,1153.0,1157.7,1144.8,,-0.67,-0.006673600277344427,-0.21241066520065832,1129.66,1106.385,1129.0416666666667,0.21017107400001123,1527.5,-0.24968903436988554
2002-03-06,1162.8,1145.9,1165.3,1145.1,,1.46,0.014571154349533266,-0.20093457943925086,1140.24,1110.025,1128.97,0.2102200949548777,1527.5,-0.23875613747954172
2002-03-07,1157.5,1164.7,1167.9,1150.7,,-0.46,-0.004557963536291676,-0.2045766904892783,1150.4,1113.725,1128.9566666666667,0.2102622986899071,1527.5,-0.2422258592471358
2002-03-08,1164.3,1161.1,1172.8,1159.8,,0.59,0.005874730021598218,-0.19990379329301666,1156.9,1117.9299999999998,1129.3633333333335,0.2102779223412856,1527.5,-0.23777414075286418
2002-03-11,1168.3,1164.0,1173.0,1159.6,,0.34,0.003435540668212722,-0.19715503023639214,1159.8,1121.535,1129.888333333333,0.2102231457799891,1527.5,-0.23515548281505727
2002-03-12,1165.6,1168.3,1168.3,1154.3,,-0.23,-0.0023110502439441793,-0.19901044529961365,1163.7,1124.22,1130.3633333333335,0.20998707444229295,1527.5,-0.23692307692307701
2002-03-13,1154.1,1163.0,1164.3,1151.0,,-0.99,-0.009866163349347978,-0.20691313908740916,1161.9599999999998,1126.55,1130.9416666666666,0.21010166347889483,1527.5,-0.24445171849427172
2002-03-14,1153.0,1154.2,1157.8,1151.1,,-0.1,-0.0009531236461310932,-0.20766904892798088,1161.06,1128.275,1131.44,0.21008792869877072,1527.5,-0.24517184942716863
2002-03-15,1166.2,1153.5,1166.5,1153.5,,1.14,0.011448395490025964,-0.19859813084112,1161.44,1130.76,1131.97,0.20897050272821494,1527.5,-0.2365302782324059
2002-03-18,1165.5,1166.2,1172.7,1159.1,,-0.06,-0.0006002400960384291,-0.19907916437602924,1160.8799999999999,1133.825,1132.3466666666668,0.2044641270192834,1527.5,-0.2369885433715221
2002-03-19,1170.3,1165.5,1173.9,1165.5,,0.41,0.00411840411840414,-0.19578064870807976,1161.82,1138.175,1132.6916666666666,0.20396596092664104,1527.5,-0.23384615384615393
2002-03-20,1151.8,1170.2,1170.2,1151.6,,-1.58,-0.015807912501068055,-0.2084936778449682,1161.3600000000001,1140.8650000000002,1132.8899999999999,0.20292903416723768,1527.5,-0.24595744680851062
2002-03-21,1153.6,1151.5,1155.1,1139.9,,0.16,0.0015627713144643618,-0.2072567344694871,1161.48,1144.4950000000001,1133.035,0.20284900492262245,1527.5,-0.24477905073649764
2002-03-22,1148.7,1153.3,1156.5,1144.6,,-0.42,-0.004247572815533895,-0.21062396921385207,1157.98,1147.44,1133.1016666666665,0.2019294722928999,1527.5,-0.24798690671031098
2002-03-25,1131.9,1149.3,1151.0,1131.9,,-1.46,-0.014625228519195566,-0.222168774051675,1151.2599999999998,1148.565,1132.8100000000002,0.2016887762638793,1527.5,-0.25898527004909977
2002-03-26,1138.5,1131.6,1147.0,1131.6,,0.58,0.005830903790087438,-0.21763331500824457,1144.9,1150.02,1132.5,0.20032400090137242,1527.5,-0.2546644844517185
2002-03-27,1144.6,1137.5,1147.0,1135.3,,0.54,0.005357927097057402,-0.2134414513468923,1143.46,1151.755,1132.2266666666665,0.1995748997499457,1527.5,-0.2506710310965631
2002-03-28,1147.4,1146.3,1154.5,1144.6,,0.24,0.0024462694391054196,-0.21151731720725508,1142.22,1153.79,1132.2150000000001,0.19954396487245282,1527.5,-0.24883797054009815
2002-04-01,1146.5,1146.0,1147.8,1132.9,,-0.08,-0.0007843820812272195,-0.21213578889499562,1141.78,1154.525,1132.0783333333336,0.1985652404587186,1527.5,-0.2494271685761047
2002-04-02,1136.8,1143.0,1143.0,1135.7,,-0.85,-0.008460532054077707,-0.21880153930731017,1142.76,1153.675,1131.6033333333332,0.1984285202708131,1527.5,-0.2557774140752864
2002-04-03,1125.4,1137.5,1138.8,1119.7,,-1.0,-0.0100281491907106,-0.22663551401868998,1140.14,1152.6399999999999,1130.8183333333334,0.1970122977359459,1527.5,-0.26324058919803595
2002-04-04,1126.3,1125.0,1130.5,1120.1,,0.08,0.0007997156566552643,-0.22601704233094955,1136.48,1150.815,1130.175,0.19549419007868438,1527.5,-0.2626513911620295
2002-04-05,1122.7,1127.7,1133.3,1119.5,,-0.32,-0.0031963064902778004,-0.2284909290819115,1131.5400000000002,1149.075,1129.5416666666667,0.19546630584264296,1527.5,-0.2650081833060556
2002-04-08,1125.3,1122.7,1125.4,1111.8,,0.23,0.0023158457290459733,-0.22670423309510557,1127.3,1147.125,1129.0450000000003,0.19518378240453627,1527.5,-0.26330605564648124
2002-04-09,1117.8,1125.5,1128.3,1116.7,,-0.67,-0.006664889362836601,-0.23185816382627655,1123.5,1144.6,1128.4,0.19490272589029556,1527.5,-0.26821603927986915
2002-04-10,1130.5,1119.1,1131.8,1118.4,,1.14,0.011361603149042887,-0.22313084112149362,1124.52,1142.845,1128.1483333333333,0.19215503723197205,1527.5,-0.25990180032733223
2002-04-11,1103.7,1130.5,1130.5,1102.4,,-2.37,-0.023706324635117126,-0.24154755360087787,1120.0,1140.325,1127.5700000000002,0.19360713814282188,1527.5,-0.2774468085106383
2002-04-12,1111.0,1103.7,1112.8,1102.7,,0.66,0.006614116154752159,-0.23653106102253818,1117.6599999999999,1138.225,1126.9833333333333,0.1887095597799532,1527.5,-0.27266775777414076
2002-04-15,1102.5,1111.0,1114.9,1099.4,,-0.77,-0.007650765076507637,-0.2423721825178653,1113.1,1135.04,1126.565,0.1878047044139439,1527.5,-0.2782324058919804
2002-04-16,1128.4,1102.5,1129.4,1102.5,,2.35,0.023492063492063675,-0.22457394172622136,1115.22,1133.185,1126.3899999999999,0.18909705563516105,1527.5,-0.26127659574468076
2002-04-17,1126.1,1128.4,1132.9,1123.4,,-0.2,-0.002038284296349002,-0.22615448048378062,1114.34,1130.975,1126.3650000000002,0.18714910917375735,1527.5,-0.2627823240589199
2002-04-18,1124.5,1126.1,1130.5,1109.5,,-0.14,-0.0014208329633246253,-0.2272539857064303,1118.5,1129.61,1126.4516666666668,0.1871425354172446,1527.5,-0.2638297872340426
2002-04-19,1125.2,1124.5,1128.8,1122.7,,0.06,0.00062249888839494,-0.22677295217152094,1121.3400000000001,1128.19,1126.4016666666669,0.18652329832561143,1527.5,-0.2633715220949263
2002-04-22,1107.8,1125.2,1125.2,1105.6,,-1.55,-0.015463917525773252,-0.23873007146783765,1122.4,1126.145,1125.9950000000001,0.1871278685502957,1527.5,-0.2747626841243863
2002-04-23,1101.0,1107.8,1111.2,1098.9,,-0.61,-0.0061382921104892185,-0.24340296866409927,1116.9199999999998,1124.6,1125.4566666666667,0.18692790323328629,1527.5,-0.27921440261865793
2002-04-24,1093.1,1101.0,1108.5,1092.5,,-0.72,-0.007175295186194419,-0.24883177570093273,1110.3200000000002,1122.3300000000002,1124.79,0.18286813523124681,1527.5,-0.28438625204582657
2002-04-25,1091.5,1093.1,1094.4,1084.8,,-0.15,-0.0014637270149115977,-0.2499312809235824,1103.72,1119.675,1124.6383333333333,0.18240826216802117,1527.5,-0.2854337152209493
2002-04-26,1076.3,1091.5,1096.8,1076.3,,-1.39,-0.013925790196976706,-0.2603765805387557,1093.9399999999998,1116.1200000000001,1124.0166666666667,0.18272654395831542,1527.5,-0.29538461538461547
2002-04-29,1065.5,1076.3,1079.0,1063.6,,-1.0,-0.010034377032425823,-0.26779824079164183,1085.48,1112.0700000000002,1122.9383333333333,0.182401139516786,1527.5,-0.302454991816694
2002-04-30,1076.9,1065.5,1082.6,1063.5,,1.07,0.01069920225246368,-0.2599642660802619,1080.66,1109.075,1122.1833333333334,0.1823640292053249,1527.5,-0.29499181669394425
2002-05-01,1086.5,1076.9,1088.3,1065.3,,0.89,0.008914476738787203,-0.25336723474436307,1079.34,1107.1299999999999,1122.0516666666665,0.18186534011977443,1527.5,-0.2887070376432078
2002-05-02,1084.6,1086.5,1091.4,1079.5,,-0.17,-0.001748734468476898,-0.25467289719625985,1077.9599999999998,1105.045,1121.9616666666666,0.18179902096595227,1527.5,-0.2899509001636662
2002-05-03,1073.4,1084.6,1084.6,1068.9,,-1.03,-0.010326387608334708,-0.26236943375480837,1077.38,1102.58,1121.7933333333333,0.18140326255272515,1527.5,-0.29728314238952536
2002-05-06,1052.7,1073.4,1075.9,1052.7,,-1.93,-0.01928451648965912,-0.27659428257284036,1074.82,1098.95,1121.335,0.18235524402965964,1527.5,-0.31083469721767587
2002-05-07,1049.5,1052.7,1058.7,1049.0,,-0.3,-0.0030398024128431844,-0.27879329301814004,1069.34,1095.5349999999999,1120.5566666666668,0.18181729683345135,1527.5,-0.3129296235679214
2002-05-08,1088.8,1049.5,1088.9,1049.5,,3.74,0.037446403049070875,-0.25178669598680414,1069.8,1093.45,1120.1716666666664,0.18576706893177433,1527.5,-0.2872013093289689
2002-05-09,1073.0,1088.8,1088.8,1072.2,,-1.45,-0.014511388684790516,-0.26264431006047095,1067.48,1091.9150000000002,1119.5966666666666,0.18574245229449135,1527.5,-0.2975450081833061
2002-05-10,1055.0,1073.0,1075.4,1053.9,,-1.68,-0.016775396085740968,-0.2750137438152813,1063.8,1089.1150000000002,1118.5383333333332,0.1858410083119609,1527.5,-0.309328968903437
2002-05-13,1074.6,1055.0,1074.8,1053.9,,1.86,0.018578199052132538,-0.2615448048378213,1068.1799999999998,1087.72,1117.84,0.18682440627402053,1527.5,-0.29649754500818337
2002-05-14,1097.3,1074.6,1097.7,1074.6,,2.11,0.021124139214591553,-0.24594557449147703,1077.74,1086.165,1117.725,0.18807540332539965,1527.5,-0.2816366612111293
2002-05-15,1091.1,1097.3,1104.2,1088.9,,-0.57,-0.005650232388590193,-0.2502061572292451,1078.2,1084.415,1117.8549999999998,0.1881031689911245,1527.5,-0.28569558101473
2002-05-16,1098.2,1091.1,1099.3,1089.2,,0.65,0.0065071945742829485,-0.24532710280373649,1083.24,1083.1,1117.8583333333333,0.18823302050923849,1527.5,-0.28104746317512275
2002-05-17,1106.6,1098.2,1106.6,1096.8,,0.76,0.007648879985430623,-0.23955470038482507,1093.56,1082.17,1118.2849999999999,0.188271165782593,1527.5,-0.2755482815057284
2002-05-20,1091.9,1106.6,1106.6,1090.6,,-1.33,-0.01328393276703399,-0.24965640461792005,1097.02,1081.375,1118.3200000000002,0.188687174994482,1527.5,-0.28517184942716856
2002-05-21,1079.9,1091.9,1099.5,1079.1,,-1.1,-0.010990017400860919,-0.2579026937877936,1093.5400000000002,1080.3200000000002,1117.8283333333334,0.1889784503191862,1527.5,-0.2930278232405892
2002-05-22,1086.0,1079.9,1086.0,1075.6,,0.56,0.005648671173256625,-0.25371083012644136,1092.52,1079.965,1117.4383333333333,0.18682717765671608,1527.5,-0.28903436988543374
2002-05-23,1097.1,1086.0,1097.1,1080.5,,1.02,0.010220994475138134,-0.24608301264430832,1092.3,1080.245,1117.225,0.18711123841031319,1527.5,-0.28176759410801966
2002-05-24,1083.8,1097.1,1097.1,1082.2,,-1.21,-0.01212286938291851,-0.2552226498075848,1087.74,1080.62,1116.8433333333332,0.18743781873408952,1527.5,-0.29047463175122756
2002-05-28,1074.5,1083.8,1086.0,1070.3,,-0.86,-0.008580918988743247,-0.26161352391423676,1084.26,1081.07,1115.888333333333,0.18685053745857794,1527.5,-0.29656301145662844
2002-05-29,1067.7,1074.5,1074.8,1067.7,,-0.63,-0.006328524895300114,-0.2662864211104984,1081.82,1080.6100000000001,1114.4533333333336,0.18692537825973998,1527.5,-0.3010147299509002
2002-05-30,1064.7,1067.7,1069.5,1054.3,,-0.28,-0.002809778027535792,-0.2683479934029668,1077.56,1079.52,1113.0966666666668,0.18634286587932547,1527.5,-0.30297872340425525
2002-05-31,1067.1,1064.7,1079.9,1064.7,,0.23,0.0022541561003097677,-0.26669873556899215,1071.56,1078.645,1111.5016666666666,0.1863242106451438,1527.5,-0.3014075286415713
2002-06-03,1040.7,1067.1,1070.7,1039.9,,-2.47,-0.024739949395557903,-0.28484057174271393,1062.94,1077.01,1109.555,0.18754209969526262,1527.5,-0.3186906710310965
2002-06-04,1040.7,1040.7,1046.1,1030.5,,0.0,0.0,-0.28484057174271393,1056.1799999999998,1076.41,1107.495,0.1874086953755619,1527.5,-0.3186906710310965
2002-06-05,1049.9,1040.7,1050.1,1038.8,,0.88,0.008840203709042038,-0.27851841671247746,1052.6200000000001,1076.43,1105.5216666666668,0.1870516158276848,1527.5,-0.3126677577741407
2002-06-06,1029.2,1049.9,1049.9,1026.9,,-1.97,-0.019716163444137624,-0.29274326553050944,1045.52,1073.45,1103.2483333333332,0.18789796076383738,1527.5,-0.3262193126022913
2002-06-07,1027.5,1029.2,1033.0,1012.5,,-0.17,-0.0016517683637777836,-0.29391148982957493,1037.6,1071.175,1101.1383333333333,0.18784289014736352,1527.5,-0.3273322422258592
2002-06-10,1030.7,1027.5,1038.2,1025.5,,0.31,0.003114355231143673,-0.29171247938427525,1035.6,1069.96,1099.1,0.18779211479035107,1527.5,-0.32523731587561366
2002-06-11,1013.6,1030.7,1039.0,1012.9,,-1.66,-0.016590666537304788,-0.3034634414513451,1030.18,1066.91,1096.5566666666666,0.1879466244504011,1527.5,-0.3364320785597381
2002-06-12,1020.3,1013.6,1021.9,1002.6,,0.66,0.006610102604577728,-0.29885926333149904,1024.26,1063.06,1094.1366666666665,0.1878399909461023,1527.5,-0.3320458265139117
2002-06-13,1009.6,1020.3,1023.5,1008.1,,-1.05,-0.01048711163383309,-0.3062122045079696,1020.3399999999999,1058.9850000000001,1091.4583333333333,0.18798166437485306,1527.5,-0.339050736497545
2002-06-14,1007.3,1009.6,1009.6,981.6,,-0.23,-0.0022781299524564647,-0.30779274326552875,1016.3,1054.44,1089.05,0.1877918554022138,1527.5,-0.34055646481178403
2002-06-17,1036.2,1007.3,1036.2,1007.3,,2.87,0.028690558919884923,-0.2879329301814165,1017.4,1050.9199999999998,1087.0933333333332,0.18994288701509626,1527.5,-0.3216366612111292
2002-06-18,1037.1,1036.2,1040.8,1030.9,,0.09,0.0008685581933989273,-0.287314458493676,1022.1,1048.18,1085.2333333333333,0.18994068978402026,1527.5,-0.3210474631751228
2002-06-19,1020.0,1037.1,1037.6,1017.9,,-1.65,-0.016488284639861073,-0.2990654205607458,1022.04,1045.185,1083.3683333333333,0.19030181886019176,1527.5,-0.3322422258592471
2002-06-20,1006.3,1020.0,1023.3,1004.6,,-1.34,-0.013431372549019605,-0.30847993402968477,1021.3799999999999,1041.2,1081.165,0.18998661282584914,1527.5,-0.34121112929623576
2002-06-21,989.1,1006.3,1006.3,985.6,,-1.71,-0.017092318394116957,-0.3202996151731702,1017.7400000000001,1035.8,1078.5733333333333,0.19065596334383808,1527.5,-0.35247135842880517
2002-06-24,992.7,989.1,1002.1,970.9,,0.36,0.0036396724294813776,-0.31782572842220813,1009.04,1031.2450000000001,1075.9950000000001,0.19065933111901287,1527.5,-0.350114566284779
2002-06-25,976.1,992.7,1005.9,974.2,,-1.67,-0.016722071119170012,-0.3292330951072,996.8400000000001,1026.325,1073.155,0.19128317586242316,1527.5,-0.3609819967266775
2002-06-26,973.5,976.1,977.4,952.9,,-0.27,-0.002663661510091231,-0.33101979109400603,987.5400000000002,1021.6150000000001,1070.4333333333334,0.19105671339915228,1527.5,-0.3626841243862521
2002-06-27,990.6,973.5,990.7,963.7,,1.76,0.017565485362095457,-0.3192688290269362,984.4,1017.9100000000001,1068.1866666666667,0.1915541580503184,1527.5,-0.35148936170212763
2002-06-28,989.8,990.6,1001.8,988.3,,-0.08,-0.0008075913587725081,-0.31981858163826116,984.54,1014.0450000000001,1065.9116666666666,0.1913572029352872,1527.5,-0.3520130932896891
2002-07-01,968.6,989.8,994.5,967.4,,-2.14,-0.021418468377449873,-0.3343870258383711,979.72,1010.4400000000002,1063.3433333333332,0.19241187601925835,1527.5,-0.3658919803600654
2002-07-02,948.1,968.6,968.6,945.5,,-2.12,-0.021164567416890323,-0.3484744365035718,974.1200000000001,1005.8100000000001,1060.39,0.19348181324813732,1527.5,-0.3793126022913257
2002-07-03,954.0,948.1,954.3,934.9,,0.62,0.006222972260309989,-0.3444200109950507,970.22,1001.015,1057.66,0.19357592736604876,1527.5,-0.3754500818330606
2002-07-05,989.0,965.8,989.1,954.0,,3.67,0.0366876310272537,-0.3203683342495861,969.9,999.0049999999999,1055.3016666666667,0.19674094512121837,1527.5,-0.35253682487725035
2002-07-08,977.0,989.0,993.6,972.9,,-1.21,-0.01213346814964611,-0.3286146234194597,967.3399999999999,996.4799999999999,1053.19,0.19706741794693938,1527.5,-0.360392798690671
2002-07-09,952.8,977.0,979.6,951.7,,-2.48,-0.024769703172978552,-0.34524463991203813,964.18,992.585,1050.5533333333335,0.19821246155426223,1527.5,-0.3762356792144026
2002-07-10,920.5,952.8,956.3,920.3,,-3.39,-0.033900083963056216,-0.3674409015942811,958.6600000000001,987.93,1047.52,0.2009302911367707,1527.5,-0.3973813420621931
2002-07-11,927.4,920.5,929.2,900.9,,0.75,0.007495926127104813,-0.3626992853216038,953.3399999999999,983.2850000000001,1044.1699999999998,0.20079069120777338,1527.5,-0.3928641571194763
2002-07-12,921.4,927.4,934.3,913.7,,-0.65,-0.0064697002372223755,-0.36682242990654057,939.82,978.875,1040.7583333333334,0.19959858564177071,1527.5,-0.39679214402618657
2002-07-15,917.9,921.4,921.4,876.5,,-0.38,-0.003798567397438668,-0.36922759758108703,928.0,974.405,1037.315,0.1994639842238473,1527.5,-0.39908346972176756
2002-07-16,901.0,917.9,918.6,897.1,,-1.84,-0.018411591676653183,-0.3808411214953257,917.64,967.6450000000001,1033.5783333333334,0.19977295686739077,1527.5,-0.41014729950900164
2002-07-17,906.0,901.0,926.5,895.0,,0.55,0.005549389567147678,-0.377405167674545,914.74,961.0899999999999,1030.215,0.19988011436051428,1527.5,-0.406873977086743
2002-07-18,881.6,906.0,907.8,880.6,,-2.69,-0.026931567328918327,-0.39417262231995465,905.5800000000002,954.1699999999998,1026.5583333333334,0.2000263224974875,1527.5,-0.422847790507365
2002-07-19,847.8,864.1,881.6,842.1,,-3.83,-0.03833938294010897,-0.41739967014843193,890.86,946.2449999999999,1022.47,0.20330702874726211,1527.5,-0.44497545008183303
2002-07-22,819.9,847.8,854.1,813.3,,-3.29,-0.03290870488322717,-0.436572292468388,871.26,937.7850000000001,1017.9433333333334,0.20552635914296827,1527.5,-0.463240589198036
2002-07-23,797.7,819.9,827.7,796.1,,-2.71,-0.027076472740578006,-0.4518279274326541,850.6,928.0350000000001,1013.3,0.20680146374240274,1527.5,-0.4777741407528642
2002-07-24,843.4,797.7,844.3,775.7,,5.73,0.057289707910241905,-0.42042330951071893,838.0799999999999,921.3999999999999,1009.5983333333334,0.21497725802487594,1527.5,-0.4478559738134207
2002-07-25,838.7,843.4,853.8,816.1,,-0.56,-0.005572682001422691,-0.4236531061022527,829.5,914.6600000000001,1005.6283333333333,0.2148909012684943,1527.5,-0.45093289689034366
2002-07-26,852.8,838.7,852.9,835.9,,1.68,0.01681173244306655,-0.4139637163276513,830.5,907.7699999999999,1001.7333333333333,0.21564862324240586,1527.5,-0.4417021276595745
2002-07-29,899.0,852.8,899.0,852.8,,5.42,0.05417448405253289,-0.38221550302363794,846.32,903.2299999999999,998.64,0.2221405538201966,1527.5,-0.4114566284779051
2002-07-30,902.8,899.0,909.8,884.7,,0.42,0.0042269187986652135,-0.3796041781198446,867.3399999999999,899.9400000000002,995.7966666666666,0.22167730859114404,1527.5,-0.40896890343698855
2002-07-31,911.6,902.8,911.6,889.9,,0.97,0.009747452370403309,-0.3735568993952706,880.9799999999999,898.115,993.445,0.2212820431864371,1527.5,-0.40320785597381337
2002-08-01,884.7,911.6,911.6,882.6,,-2.95,-0.029508556384379103,-0.39204233095107055,890.18,894.65,990.6983333333334,0.22281733920323968,1527.5,-0.4208183306055646
2002-08-02,864.2,884.7,884.7,854.0,,-2.32,-0.023171696620323257,-0.40612974161627124,892.46,888.4100000000001,986.9549999999999,0.22387637226226806,1527.5,-0.4342389525368249
2002-08-05,834.6,864.2,864.2,833.4,,-3.43,-0.034251330710483696,-0.4264705882352927,879.5799999999999,881.29,982.9816666666667,0.2262995905201221,1527.5,-0.45361702127659576
2002-08-06,859.6,834.6,874.4,834.6,,3.0,0.029954469206805667,-0.4092908191313894,870.9400000000002,876.6299999999999,979.725,0.22835327102563768,1527.5,-0.4372504091653028
2002-08-07,876.8,859.6,878.7,854.1,,2.0,0.020009306654257708,-0.397471137987904,863.9799999999999,874.445,976.4283333333333,0.2292852714248162,1527.5,-0.42599018003273326
2002-08-08,905.5,876.8,905.8,875.2,,3.27,0.03273266423357679,-0.37774876305662297,868.14,873.35,973.2316666666666,0.2317252590168916,1527.5,-0.4072013093289689
2002-08-09,908.6,905.5,914.0,890.8,,0.34,0.003423522915516397,-0.3756184716877389,877.0200000000001,872.71,970.19,0.23172947397278765,1527.5,-0.40517184942716855
2002-08-12,903.8,908.6,908.6,892.4,,-0.53,-0.005282852740479904,-0.37891698735568835,890.86,872.0049999999999,966.95,0.23153726707908012,1527.5,-0.4083142389525368
2002-08-13,884.2,903.8,911.7,883.6,,-2.17,-0.021686213764106954,-0.3923859263331484,895.78,871.165,963.2433333333335,0.23241669841116147,1527.5,-0.4211456628477904
2002-08-14,919.6,884.2,920.2,876.2,,4.0,0.040036190907034586,-0.3680593732820213,904.3399999999999,871.845,960.3716666666667,0.2354576705003446,1527.5,-0.39797054009819965
2002-08-15,930.2,919.6,933.3,918.2,,1.15,0.011526750761200466,-0.36077515118196635,909.28,874.275,957.8766666666667,0.23578368826613672,1527.5,-0.3910310965630114
2002-08-16,928.8,930.2,935.4,916.2,,-0.15,-0.0015050526768437544,-0.36173721825178495,913.32,878.325,955.2566666666667,0.23569165251180976,1527.5,-0.39194762684124385
2002-08-19,950.7,928.8,951.2,927.2,,2.36,0.023578811369509234,-0.34668774051676554,922.7,884.865,952.8166666666667,0.23695060381602415,1527.5,-0.37761047463175124
2002-08-20,937.4,950.7,950.7,931.9,,-1.4,-0.013989691806037707,-0.35582737768004213,933.3399999999999,891.85,950.3766666666667,0.2372988709420878,1527.5,-0.38631751227495914
2002-08-21,949.4,937.4,951.6,931.3,,1.28,0.012801365478984472,-0.34758108851016856,939.3,897.15,948.2916666666666,0.2375984650640819,1527.5,-0.3784615384615385
2002-08-22,962.7,949.4,965.0,946.4,,1.4,0.014008847693280035,-0.33844145134689196,945.8,903.35,946.5416666666666,0.23802506370658594,1527.5,-0.3697545008183306
2002-08-23,940.9,962.7,962.7,937.2,,-2.26,-0.02264464526851573,-0.3534222100054957,948.22,907.7550000000001,944.4783333333332,0.2385019351496814,1527.5,-0.38402618657937804
2002-08-26,948.0,940.9,950.8,930.4,,0.75,0.0075459666276969095,-0.34854315557998716,947.6800000000001,910.2050000000002,942.4933333333333,0.2384823857617562,1527.5,-0.37937806873977087
2002-08-27,934.8,948.0,955.8,930.4,,-1.39,-0.013924050632911467,-0.35761407366684816,947.1600000000001,911.805,940.7283333333334,0.2385796857202784,1527.5,-0.3880196399345336
2002-08-28,917.9,934.8,934.8,913.2,,-1.81,-0.018078733418913084,-0.3692275975810868,940.86,912.1200000000001,938.6816666666666,0.2390838307896542,1527.5,-0.39908346972176756
2002-08-29,917.8,917.9,924.6,903.3,,-0.01,-0.00010894432944763555,-0.3692963166575024,931.8799999999999,913.775,936.48,0.23907719856605367,1527.5,-0.39914893617021274
2002-08-30,916.1,917.8,928.1,910.2,,-0.19,-0.001852255393331781,-0.3704645409565678,926.9200000000001,916.3699999999999,934.5949999999999,0.2381964520896959,1527.5,-0.40026186579378065
2002-09-03,878.0,916.1,916.1,877.5,,-4.16,-0.04158934614125098,-0.39664650907091636,912.9200000000001,918.54,932.1033333333332,0.2416162073232657,1527.5,-0.42520458265139116
2002-09-04,893.4,878.0,896.1,875.7,,1.75,0.0175398633257402,-0.38606377130291203,904.64,920.2299999999999,929.815,0.24192098777174734,1527.5,-0.4151227495908347
2002-09-05,879.1,893.4,893.4,870.5,,-1.6,-0.01600626818894102,-0.39589059923034464,896.8800000000001,920.3449999999999,927.5733333333334,0.24217750379488892,1527.5,-0.42448445171849425
2002-09-06,893.9,879.1,899.1,879.1,,1.68,0.016835399840746224,-0.38572017592083385,892.1,919.765,925.4666666666667,0.24228472791448127,1527.5,-0.4147954173486088
2002-09-09,903.0,893.9,907.3,882.9,,1.02,0.010180109631949819,-0.3794667399670131,889.4799999999999,919.485,923.69,0.242485166129571,1527.5,-0.4088379705400982
2002-09-10,909.6,903.0,909.9,900.5,,0.73,0.0073089700996678,-0.37493128092358263,895.8,919.775,922.0616666666666,0.2426202128533912,1527.5,-0.4045171849427168
2002-09-11,909.5,910.6,924.0,908.5,,-0.01,-0.00010993843447670848,-0.3749999999999982,899.0200000000001,921.04,919.95,0.24262087337900884,1527.5,-0.404582651391162
2002-09-12,886.9,909.5,909.5,884.8,,-2.48,-0.024848818031885656,-0.39053051126992677,900.5799999999999,919.405,917.4466666666667,0.24285645521458815,1527.5,-0.4193780687397709
2002-09-13,889.8,886.9,892.8,877.0,,0.33,0.0032698162137783093,-0.38853765805387397,899.76,917.385,915.2766666666668,0.24222607851491929,1527.5,-0.4174795417348609
2002-09-16,891.1,889.8,891.8,878.9,,0.15,0.0014610024724657222,-0.38764431006047095,897.3799999999999,915.5,913.3566666666667,0.2421382405703287,1527.5,-0.4166284779050736
2002-09-17,873.5,891.1,902.7,872.4,,-1.98,-0.019750869711592456,-0.39973886750961884,890.1600000000001,911.64,911.4300000000001,0.237979723302231,1527.5,-0.4281505728314239
2002-09-18,869.5,873.5,878.5,857.4,,-0.46,-0.004579278763594763,-0.40248763056624337,882.1600000000001,908.2449999999999,909.3766666666667,0.23795434602821514,1527.5,-0.4307692307692308
2002-09-19,843.3,869.5,869.5,843.1,,-3.01,-0.030132259919493976,-0.4204920285871341,873.4399999999999,902.9400000000002,907.1633333333333,0.23928545247456867,1527.5,-0.44792144026186587
2002-09-20,845.4,843.3,849.3,839.1,,0.25,0.0024902170046248173,-0.4190489279824061,864.5599999999998,897.075,905.0283333333333,0.23734046726834404,1527.5,-0.4465466448445172
2002-09-23,833.7,845.4,845.4,825.8,,-1.38,-0.013839602555003494,-0.4270890599230328,853.0799999999999,891.7149999999999,902.4133333333334,0.23699276281541662,1527.5,-0.4542062193126023
2002-09-24,819.3,833.7,833.7,817.4,,-1.73,-0.017272400143936828,-0.43698460692688124,842.24,885.28,899.5716666666666,0.23424176475031808,1527.5,-0.4636333878887071
2002-09-25,839.7,819.3,844.2,818.5,,2.49,0.02489930428414522,-0.422965915338096,836.28,880.525,897.4233333333334,0.23544841538774594,1527.5,-0.45027823240589193
2002-09-26,855.0,839.7,856.6,839.7,,1.82,0.018220793140407254,-0.4124518966465073,838.6200000000001,877.3799999999999,895.8716666666667,0.23615533361580376,1527.5,-0.4402618657937807
2002-09-27,827.4,855.0,855.0,826.8,,-3.23,-0.03228070175438602,-0.4314183617372166,835.0200000000001,872.86,893.7616666666667,0.23796481066722822,1527.5,-0.4583306055646481
2002-09-30,815.3,827.4,827.4,800.2,,-1.46,-0.014624123761179608,-0.43973336998350576,831.3399999999999,867.82,890.8666666666667,0.23728289778328443,1527.5,-0.4662520458265139
2002-10-01,847.9,815.3,847.9,812.8,,4.0,0.03998528149147562,-0.4173309510720158,837.0600000000001,866.3149999999999,888.715,0.2407670091345686,1527.5,-0.44490998363338785
2002-10-02,827.9,843.8,851.9,826.5,,-2.36,-0.02358768722726734,-0.4310747663551384,834.7,863.04,886.6333333333333,0.24149518867149722,1527.5,-0.4580032733224223
2002-10-03,819.0,827.9,840.0,817.2,,-1.08,-0.010750090590651018,-0.437190764156128,827.5,860.0350000000001,884.9416666666667,0.24079082910565522,1527.5,-0.46382978723404256
2002-10-04,800.6,819.0,825.9,794.1,,-2.25,-0.022466422466422387,-0.44983507421660074,822.14,855.3699999999999,882.8283333333334,0.24174530140347955,1527.5,-0.4758756137479542
2002-10-07,785.3,800.6,808.2,783.0,,-1.91,-0.01911066699975028,-0.4603490929081896,816.14,849.485,880.56,0.2424040835440845,1527.5,-0.48589198036006553
2002-10-08,798.5,785.3,808.9,779.5,,1.68,0.01680886285495986,-0.4512781748213287,806.26,843.93,878.5699999999999,0.2429537520365687,1527.5,-0.4772504091653028
2002-10-09,776.8,798.5,798.5,775.8,,-2.72,-0.027175954915466538,-0.4661902144035168,796.04,837.2949999999998,876.5,0.24432253311825033,1527.5,-0.49145662847790506
2002-10-10,803.9,776.8,806.5,768.6,,3.49,0.03488671472708549,-0.4475673446948857,793.02,833.1449999999999,874.7983333333334,0.24579451241794661,1527.5,-0.47371522094926355
2002-10-11,835.3,803.9,843.3,803.9,,3.91,0.03905958452543845,-0.42598955470038313,799.96,830.4200000000001,874.0266666666666,0.24852353293977922,1527.5,-0.4531587561374796
2002-10-14,841.4,835.3,844.4,828.4,,0.73,0.00730276547348252,-0.42179769103903075,811.18,827.9350000000001,873.92,0.2486239887686017,1527.5,-0.449165302782324
2002-10-15,881.3,841.4,881.3,841.4,,4.74,0.04742096505823623,-0.3943787795492011,827.74,828.325,874.9433333333333,0.25327693614760427,1527.5,-0.42304418985270054
2002-10-16,860.0,881.3,881.3,856.3,,-2.42,-0.02416884148417109,-0.40901594282572673,844.3799999999999,827.85,875.9816666666667,0.2542432029276875,1527.5,-0.43698854337152204
2002-10-17,879.2,860.0,885.4,860.0,,2.23,0.022325581395348904,-0.39582188015392894,859.4399999999999,829.6450000000001,876.5783333333333,0.25466739052344994,1527.5,-0.42441898527004907
2002-10-18,884.4,879.2,886.7,866.6,,0.59,0.005914467697907044,-0.3922484881803171,869.26,831.5949999999999,877.34,0.254648974577775,1527.5,-0.42101472995090017
2002-10-21,899.7,884.4,900.7,873.1,,1.73,0.017299864314789692,-0.38173446948872825,880.9200000000001,834.8950000000001,878.1216666666666,0.2552268095968247,1527.5,-0.4109983633387888
2002-10-22,890.2,899.7,899.7,882.4,,-1.06,-0.010559075247304706,-0.3882627817482115,882.7,838.4399999999999,877.975,0.25492349777777906,1527.5,-0.41721767594108017
2002-10-23,896.1,890.2,896.1,873.8,,0.66,0.006627724106942123,-0.3842083562396904,889.9200000000001,841.26,877.8633333333333,0.2549959242805695,1527.5,-0.4133551554828151
2002-10-24,882.5,896.1,902.9,879.0,,-1.52,-0.015176877580627135,-0.3935541506322138,890.5800000000002,842.635,877.3783333333333,0.2554083230283994,1527.5,-0.42225859247135844
2002-10-25,897.6,882.5,897.7,877.0,,1.71,0.01711048158640227,-0.3831775700934562,893.22,846.1450000000001,877.5933333333334,0.2556222344548151,1527.5,-0.41237315875613745
2002-10-28,890.2,897.6,907.4,886.1,,-0.82,-0.008244206773618479,-0.3882627817482115,891.32,849.89,878.0266666666668,0.25568879420542223,1527.5,-0.41721767594108017
2002-10-29,882.1,890.2,890.6,867.9,,-0.91,-0.00909907885868344,-0.39382902693787614,889.7,851.6,878.8183333333333,0.25477705865635714,1527.5,-0.42252045826513907
2002-10-30,890.7,882.1,895.3,879.2,,0.97,0.009749461512300162,-0.38791918636613343,888.6200000000001,854.74,879.3366666666666,0.2544494242286584,1527.5,-0.41689034369885436
2002-10-31,885.8,890.7,898.8,879.8,,-0.55,-0.005501291119344387,-0.3912864211104985,889.28,858.0799999999999,879.4866666666668,0.25449668880251536,1527.5,-0.4200981996726678
2002-11-01,901.0,885.8,903.4,877.7,,1.72,0.017159629713253688,-0.38084112149532523,889.96,863.1,879.4116666666667,0.254026507897321,1527.5,-0.41014729950900164
2002-11-04,908.4,901.0,924.6,901.0,,0.82,0.008213096559378519,-0.37575590984056984,893.6,869.2550000000001,879.4083333333333,0.2541562314269313,1527.5,-0.4053027823240589
2002-11-05,915.4,908.4,915.8,904.9,,0.77,0.007705856450902715,-0.3709455744914769,900.2599999999999,875.1,879.6016666666667,0.2538509646193878,1527.5,-0.40072013093289693
2002-11-06,923.8,915.4,925.7,905.0,,0.92,0.009176316364430726,-0.3651731720725655,906.8799999999999,882.45,880.2616666666667,0.2535825036957578,1527.5,-0.3952209492635025
2002-11-07,902.6,923.8,923.8,898.7,,-2.29,-0.02294869019268231,-0.37974161627267544,910.24,887.385,879.9783333333332,0.2545541836366399,1527.5,-0.4090998363338789
2002-11-08,894.7,902.6,910.1,891.6,,-0.88,-0.008752492798581812,-0.3851704233095088,908.9799999999999,890.3550000000001,879.3866666666668,0.2546612669518876,1527.5,-0.41427168576104745
2002-11-11,876.2,894.7,894.7,874.6,,-2.07,-0.02067732200737682,-0.3978834524463972,902.54,892.0949999999999,878.51,0.2554273325210651,1527.5,-0.42638297872340425
2002-11-12,883.0,876.2,894.3,876.2,,0.78,0.007760785208856369,-0.3932105552501356,896.0600000000001,892.18,877.3816666666667,0.2555704423641453,1527.5,-0.4219312602291325
2002-11-13,882.5,883.0,892.5,872.0,,-0.06,-0.0005662514156284937,-0.39355415063221366,887.8,893.305,876.4666666666667,0.25482674968545793,1527.5,-0.42225859247135844
2002-11-14,904.3,882.5,904.3,882.5,,2.47,0.024702549575070787,-0.37857339197361006,888.14,894.5600000000001,875.715,0.25609455803785325,1527.5,-0.407986906710311
2002-11-15,909.8,904.3,910.2,895.4,,0.61,0.006082052416233497,-0.37479384277075134,891.1600000000001,895.8300000000002,874.8333333333334,0.2561815366473373,1527.5,-0.40438625204582657
2002-11-18,900.4,909.8,915.9,899.5,,-1.03,-0.010331941085952923,-0.381253435953819,896.0,895.865,874.1583333333333,0.2563498281561391,1527.5,-0.41054009819967263
2002-11-19,896.7,900.4,905.5,893.1,,-0.41,-0.004109284762327747,-0.38379604178119664,898.74,896.1899999999999,873.3033333333333,0.25610170483314565,1527.5,-0.412962356792144
2002-11-20,914.1,896.7,915.0,894.9,,1.94,0.01940448310471732,-0.37183892248487993,905.0600000000001,897.0900000000001,872.9583333333334,0.25681900531084717,1527.5,-0.4015711947626841
2002-11-21,933.8,914.1,935.1,914.1,,2.16,0.021551252598184023,-0.3583012644310041,910.96,899.6550000000001,873.2233333333334,0.25774945597830623,1527.5,-0.3886743044189853
2002-11-22,930.5,933.8,937.3,928.4,,-0.35,-0.00353394731205825,-0.36056899395271935,915.1,901.3,873.435,0.257466765725435,1527.5,-0.39083469721767594
2002-11-25,932.9,930.5,937.1,923.3,,0.26,0.002579258463191847,-0.3589197361187446,921.6,903.4349999999998,873.715,0.2573953904216613,1527.5,-0.38926350245499186
2002-11-26,913.3,932.9,932.9,912.1,,-2.1,-0.021009754528888425,-0.37238867509620477,924.9200000000001,904.9950000000001,874.3033333333333,0.2581227095050961,1527.5,-0.4020949263502456
2002-11-27,938.9,913.3,940.4,913.3,,2.8,0.02803022008102496,-0.3547965915338077,929.8799999999999,907.405,875.0616666666666,0.259123832294076,1527.5,-0.3853355155482815
2002-11-29,936.3,938.9,941.8,935.6,,-0.28,-0.002769197997656847,-0.35658328752061363,930.3799999999999,909.93,876.015,0.25889861675239173,1527.5,-0.38703764320785605
2002-12-02,934.5,936.3,954.3,927.7,,-0.19,-0.001922460749759658,-0.3578202308960946,931.18,911.6049999999999,876.6916666666667,0.2589017426500015,1527.5,-0.38821603927986903
2002-12-03,920.8,934.5,934.5,918.7,,-1.47,-0.014660246120920317,-0.36723474436503367,928.76,912.2249999999998,876.9883333333332,0.259164579400319,1527.5,-0.39718494271685767
2002-12-04,917.6,920.8,925.2,909.5,,-0.35,-0.0034752389226758718,-0.36943375481033325,929.6200000000001,912.335,877.1216666666667,0.2588048953797197,1527.5,-0.3992798690671031
2002-12-05,906.5,917.6,921.5,905.9,,-1.21,-0.012096774193548376,-0.3770615722924663,923.14,911.47,877.0716666666667,0.25801663686731785,1527.5,-0.4065466448445172
2002-12-06,912.2,906.5,915.5,896.0,,0.63,0.006287920573634809,-0.3731445849367764,918.32,911.95,877.4933333333333,0.25810933503561423,1527.5,-0.4028150572831424
2002-12-09,892.0,912.2,912.2,892.0,,-2.21,-0.022144266608200014,-0.3870258383727303,909.82,911.8149999999999,877.53,0.2589015391370987,1527.5,-0.4160392798690671
2002-12-10,904.5,892.0,905.0,892.0,,1.4,0.014013452914798163,-0.37843595382077866,906.5600000000001,913.2300000000001,877.7533333333333,0.2588909773340286,1527.5,-0.40785597381342065
2002-12-11,905.0,904.5,909.9,896.5,,0.06,0.0005527915975678255,-0.3780923584387005,904.04,914.3300000000002,878.2783333333333,0.2588871152759063,1527.5,-0.4075286415711947
2002-12-12,901.6,905.0,908.4,897.0,,-0.38,-0.003756906077348021,-0.38042880703683135,903.0600000000001,915.2850000000001,878.8133333333333,0.25890217733505755,1527.5,-0.40975450081833054
2002-12-13,889.5,901.6,901.6,888.5,,-1.34,-0.013420585625554593,-0.3887438152831205,898.5200000000001,914.5449999999998,879.5833333333334,0.2587881034268953,1527.5,-0.41767594108019634
2002-12-16,910.4,889.5,910.4,889.5,,2.35,0.023496346261944856,-0.37438152831225735,902.2,914.575,880.6666666666666,0.25989342100726565,1527.5,-0.40399345335515546
2002-12-17,903.0,910.4,911.2,901.7,,-0.81,-0.008128295254833051,-0.37946673996701275,901.9,914.7050000000002,881.8216666666666,0.2597737601488564,1527.5,-0.4088379705400982
2002-12-18,891.1,903.0,903.0,887.8,,-1.32,-0.01317829457364339,-0.38764431006047073,899.1200000000001,914.425,883.0183333333333,0.25993585733453023,1527.5,-0.4166284779050736
2002-12-19,884.2,890.0,899.2,880.3,,-0.77,-0.007743238693749266,-0.39238592633314806,895.64,912.93,883.76,0.25993897920469594,1527.5,-0.4211456628477904
2002-12-20,895.8,884.2,897.8,884.2,,1.31,0.013119203800045165,-0.38441451346893696,896.9,911.03,884.4399999999999,0.2602057805569761,1527.5,-0.41355155482815065
2002-12-23,897.4,895.7,902.4,892.3,,0.18,0.0017861129716454371,-0.38331500824628717,894.3,909.375,885.6066666666667,0.2601665100224479,1527.5,-0.4125040916530278
2002-12-24,892.5,897.4,897.4,892.3,,-0.55,-0.005460218408736339,-0.38668224299065224,892.2,907.3550000000001,886.8933333333333,0.26020677290501937,1527.5,-0.41571194762684127
2002-12-26,889.7,892.5,903.9,887.5,,-0.31,-0.0031372549019607066,-0.38860637713028934,891.9200000000001,906.175,887.5899999999999,0.26016897188994664,1527.5,-0.417545008183306
2002-12-27,875.4,889.7,890.5,873.6,,-1.61,-0.01607283353939537,-0.39843320505772206,890.1600000000001,903.0,888.3816666666665,0.2604990986795331,1527.5,-0.4269067103109656
2002-12-30,879.4,875.4,882.1,870.2,,0.46,0.004569339730408961,-0.39568444200109754,886.8799999999999,900.1550000000001,889.3883333333332,0.2605219247969164,1527.5,-0.4242880523731588
2002-12-31,879.8,879.4,881.9,869.5,,0.05,0.00045485558335234266,-0.39540956569543506,883.36,897.4200000000001,890.7083333333334,0.26032649538726543,1527.5,-0.4240261865793781
2003-01-02,909.0,879.8,909.0,879.8,,3.32,0.033189361218458835,-0.37534359538207596,886.6600000000001,896.8300000000002,892.7700000000001,0.2624698940633102,1527.5,-0.4049099836333879
2003-01-03,908.6,909.0,911.2,903.1,,-0.04,-0.00044004400440045277,-0.37561847168773843,890.4399999999999,896.3799999999999,894.605,0.2622783894679126,1527.5,-0.40517184942716855
2003-01-06,929.0,908.6,931.8,908.6,,2.25,0.022452124147039454,-0.3615997800989533,901.1600000000001,897.5049999999999,897.1416666666667,0.26321949498772546,1527.5,-0.3918166939443535
2003-01-07,922.9,929.0,930.8,919.9,,-0.66,-0.006566200215285312,-0.3657916437603058,909.86,898.04,899.125,0.2632213401510481,1527.5,-0.39581014729950903
2003-01-08,909.9,922.9,922.9,908.3,,-1.41,-0.014086033156354927,-0.3747251236943355,915.8799999999999,898.9349999999998,900.3683333333333,0.26354245072386884,1527.5,-0.4043207855973814
2003-01-09,927.6,909.9,928.3,909.9,,1.95,0.019452687108473476,-0.36256184716877193,919.6,900.0899999999999,901.8050000000001,0.26429004311938326,1527.5,-0.39273322422258594
2003-01-10,927.6,927.6,932.9,917.7,,0.0,0.0,-0.36256184716877193,923.4,901.2199999999999,902.5766666666666,0.26428386893336675,1527.5,-0.39273322422258594
2003-01-13,926.3,927.6,935.0,922.0,,-0.14,-0.001401466149202335,-0.36345519516217495,922.86,902.4549999999999,903.6816666666666,0.26414082277296524,1527.5,-0.3935842880523732
2003-01-14,931.7,926.3,931.7,921.7,,0.58,0.005829644823491353,-0.3597443650357318,924.6200000000001,904.5649999999999,904.5566666666667,0.26416172063990145,1527.5,-0.39004909983633385
2003-01-15,918.2,931.7,932.6,916.7,,-1.45,-0.014489642588816132,-0.3690214403518396,926.28,904.9549999999999,905.12,0.2644145973689969,1527.5,-0.398887070376432
2003-01-16,914.6,918.2,926.0,912.0,,-0.39,-0.0039207144412982675,-0.37149532710280175,923.68,905.5349999999999,905.3683333333335,0.2639770194267698,1527.5,-0.4012438625204583
2003-01-17,901.8,914.6,914.6,899.0,,-1.4,-0.013995189153728438,-0.3802913688840003,918.5200000000001,906.07,905.5616666666666,0.2640908061847121,1527.5,-0.4096235679214403
2003-01-21,887.6,901.8,906.0,887.6,,-1.57,-0.015746285207362987,-0.3900494777350173,910.78,906.24,905.42,0.26435713278724093,1527.5,-0.4189198036006546
2003-01-22,878.4,887.6,889.7,877.6,,-1.04,-0.010365029292474182,-0.3963716327652538,900.1200000000001,905.3700000000001,905.3516666666667,0.2644489102123325,1527.5,-0.42494271685761054
2003-01-23,887.3,878.4,890.2,876.9,,1.01,0.010132058287795953,-0.3902556349642642,893.9399999999999,904.865,905.1800000000001,0.2645305363150648,1527.5,-0.41911620294599017
2003-01-24,861.4,887.3,887.3,859.7,,-2.92,-0.02918967654682747,-0.408053875755908,883.3,903.3099999999998,904.6999999999999,0.2660101056260752,1527.5,-0.4360720130932897
2003-01-27,847.5,861.4,864.0,844.2,,-1.61,-0.016136521941026216,-0.41760582737767826,872.4399999999999,901.2,904.1233333333332,0.26643616083085747,1527.5,-0.4451718494271686
2003-01-28,858.5,847.5,860.8,847.5,,1.3,0.012979351032448294,-0.4100467289719608,866.6199999999999,900.3549999999999,903.5866666666666,0.2668021661935823,1527.5,-0.4379705400981997
2003-01-29,864.4,858.5,868.7,845.9,,0.69,0.006872451951077441,-0.4059923034634396,863.82,899.6049999999999,903.2299999999999,0.2654588488415073,1527.5,-0.4341080196399345
2003-01-30,844.6,864.4,865.5,843.7,,-2.29,-0.022906062008329453,-0.41959868059373107,855.28,897.8449999999999,902.2899999999998,0.2660698687963457,1527.5,-0.4470703764320786
2003-01-31,855.7,844.6,858.3,840.3,,1.31,0.013142315889178358,-0.41197086311159803,854.14,895.18,901.4116666666666,0.2659700881162328,1527.5,-0.4398036006546645
2003-02-03,860.3,855.7,864.6,855.7,,0.54,0.005375715788243474,-0.40880978559647985,856.7,892.765,900.4933333333333,0.2659742349117169,1527.5,-0.4367921440261866
2003-02-04,848.2,860.3,860.3,840.2,,-1.41,-0.01406486109496674,-0.417124793842769,854.64,888.725,899.2333333333333,0.265224396110447,1527.5,-0.4447135842880523
2003-02-05,843.6,848.2,861.6,842.1,,-0.54,-0.005423249233671323,-0.4202858713578872,850.4800000000001,884.76,898.25,0.2652448218779545,1527.5,-0.4477250409165303
2003-02-06,838.1,843.6,844.2,833.2,,-0.65,-0.0065196775723092015,-0.4240654205607459,849.18,881.1700000000001,897.3066666666666,0.2652561147237781,1527.5,-0.45132569558101476
2003-02-07,829.7,838.1,845.7,826.7,,-1.0,-0.010022670325736782,-0.42983782297965745,843.9800000000001,876.275,896.5316666666666,0.2654050175762306,1527.5,-0.4568248772504091
2003-02-10,836.0,829.7,837.2,823.5,,0.76,0.007593105941906764,-0.4255085211654738,839.1200000000001,871.695,895.7483333333333,0.26507370686545445,1527.5,-0.4527004909983633
2003-02-11,829.2,836.0,843.0,825.1,,-0.81,-0.008133971291865993,-0.4301814183617354,835.32,866.8400000000001,894.86,0.26472687334554634,1527.5,-0.457152209492635
2003-02-12,818.7,829.2,832.1,818.5,,-1.27,-0.012662807525325559,-0.4373969213853748,830.3399999999999,861.1900000000002,893.4333333333333,0.2649666994776949,1527.5,-0.464026186579378
2003-02-13,817.4,818.7,821.2,806.3,,-0.16,-0.0015878832295103118,-0.4382902693787778,826.2,856.15,891.8933333333333,0.26473720686487817,1527.5,-0.4648772504091653
2003-02-14,834.9,817.4,834.9,815.0,,2.14,0.02140934670907746,-0.4262644310060455,827.24,852.165,890.8016666666666,0.2656917952028172,1527.5,-0.4534206219312602
2003-02-18,851.2,834.9,852.9,834.9,,1.95,0.019523296203138196,-0.4150632215503005,830.2800000000001,849.635,890.0433333333334,0.2662919658895073,1527.5,-0.4427495908346972
2003-02-19,845.1,851.2,851.2,838.8,,-0.72,-0.007166353383458723,-0.419255085211653,833.46,847.51,888.8933333333333,0.2657514149255245,1527.5,-0.44674304418985267
2003-02-20,837.1,845.1,849.4,836.6,,-0.95,-0.009466335344929577,-0.42475261132490205,837.14,845.445,887.2816666666666,0.26549514483873726,1527.5,-0.4519803600654664
2003-02-21,848.2,837.1,852.3,831.5,,1.33,0.013260064508421987,-0.4171247938427689,843.3,843.49,885.91,0.2654700332759857,1527.5,-0.4447135842880523
2003-02-24,832.6,848.2,848.2,832.2,,-1.84,-0.01839188870549402,-0.42784496976360453,842.8399999999999,842.05,884.2383333333333,0.26589612448544436,1527.5,-0.4549263502454992
2003-02-25,838.6,832.6,839.5,818.5,,0.72,0.007206341580590969,-0.42372182517866774,840.32,841.6049999999999,882.9933333333333,0.26534426792317967,1527.5,-0.45099836333878884
2003-02-26,827.5,838.6,840.1,826.7,,-1.32,-0.013236346291438106,-0.4313496426608008,836.8,840.055,881.1366666666668,0.2656256113112604,1527.5,-0.4582651391162029
2003-02-27,837.3,827.5,842.2,827.5,,1.18,0.011842900302114767,-0.42461517317207076,836.8399999999999,838.7,879.4866666666666,0.2659332213043857,1527.5,-0.4518494271685761
2003-02-28,841.1,837.3,847.0,837.3,,0.45,0.0045383972291892505,-0.4220038482682773,835.4200000000001,838.525,877.9300000000001,0.26598341332556025,1527.5,-0.4493617021276596
2003-03-03,834.8,841.1,852.3,832.7,,-0.75,-0.007490191416002934,-0.426333150082461,835.8599999999999,837.4799999999999,876.4966666666667,0.26500177324193613,1527.5,-0.4534860883797054
2003-03-04,822.0,834.8,835.4,822.0,,-1.53,-0.015333013895543757,-0.4351291918636594,832.54,835.5649999999999,874.9033333333333,0.26458115306726804,1527.5,-0.4618657937806874
2003-03-05,829.9,822.0,829.9,819.0,,0.96,0.009610705596106994,-0.42970038482682593,833.0199999999999,834.65,873.6266666666667,0.26474442927547526,1527.5,-0.45669394435351884
2003-03-06,822.1,829.9,829.9,819.9,,-0.94,-0.009398722737679166,-0.4350604727872437,829.9799999999999,833.575,872.125,0.26440096205610003,1527.5,-0.4618003273322422
2003-03-07,828.9,822.1,829.5,811.2,,0.83,0.008271499817540384,-0.43038757559098206,827.54,833.115,871.0733333333334,0.26455041512096406,1527.5,-0.45734860883797057
2003-03-10,807.5,828.9,828.9,806.6,,-2.58,-0.025817348292918263,-0.4450934579439233,822.0799999999999,832.0049999999999,869.4566666666667,0.2655973603492412,1527.5,-0.47135842880523726
2003-03-11,800.7,807.5,814.2,800.3,,-0.84,-0.008421052631578885,-0.4497663551401849,817.8199999999999,830.24,867.7183333333334,0.26564921035465355,1527.5,-0.475810147299509
2003-03-12,804.2,800.7,804.2,788.9,,0.44,0.004371175221681067,-0.44736118746563847,812.6800000000001,828.99,866.095,0.2657092108542623,1527.5,-0.473518821603928
2003-03-13,831.9,804.2,832.0,804.2,,3.44,0.03444416811738371,-0.42832600329851367,814.64,829.65,865.1350000000001,0.26796556317650166,1527.5,-0.4553846153846154
2003-03-14,833.3,831.9,841.4,828.3,,0.17,0.0016828945786753202,-0.42736393622869506,815.52,830.445,863.85,0.26798054120803405,1527.5,-0.45446808510638304
2003-03-17,862.8,833.3,862.8,827.2,,3.54,0.035401416056642265,-0.4070918086860892,826.5799999999999,831.8399999999999,863.1800000000001,0.2701723381279687,1527.5,-0.43515548281505734
2003-03-18,866.5,862.8,866.9,857.4,,0.43,0.004288363467779277,-0.40454920285871154,839.74,832.6049999999999,862.7700000000001,0.27022475774554,1527.5,-0.432733224222586
2003-03-19,874.0,866.5,875.0,861.2,,0.87,0.008655510675129818,-0.39939527212754056,853.7,834.05,862.6,0.27034963915140797,1527.5,-0.4278232405891981
2003-03-20,875.7,874.0,879.6,859.0,,0.19,0.0019450800915332689,-0.39822704782847507,862.46,835.9799999999999,862.265,0.2699569076026355,1527.5,-0.42671031096563006
2003-03-21,895.8,875.8,895.9,875.8,,2.3,0.02295306611853354,-0.38441451346893696,874.96,838.36,862.2383333333333,0.2710017103484366,1527.5,-0.41355155482815065
2003-03-24,864.2,895.8,895.8,862.0,,-3.53,-0.03527573118999772,-0.4061297416162707,875.24,839.9399999999999,861.7666666666667,0.27315895120221595,1527.5,-0.4342389525368249
2003-03-25,874.7,864.2,879.9,862.6,,1.21,0.012149965285813469,-0.3989142385926313,876.8799999999999,841.7450000000001,861.5166666666668,0.27312854714940943,1527.5,-0.4273649754500818
2003-03-26,870.0,874.7,875.8,866.5,,-0.54,-0.005373270835715149,-0.4021440351841652,876.0799999999999,843.8700000000001,861.4266666666667,0.27308214326870783,1527.5,-0.4304418985270049
2003-03-27,868.5,870.0,874.1,858.1,,-0.17,-0.0017241379310344307,-0.4031748213303994,874.64,845.4300000000001,861.2450000000001,0.27301050616398576,1527.5,-0.4314238952536825
2003-03-28,863.5,868.5,869.9,860.8,,-0.58,-0.005757052389176787,-0.40661077515118005,868.18,846.55,860.9733333333334,0.27303135030516384,1527.5,-0.43469721767594105
2003-03-31,848.2,863.5,863.5,843.7,,-1.77,-0.017718587145338693,-0.4171247938427688,864.9799999999999,847.22,859.9599999999999,0.27354379975131066,1527.5,-0.4447135842880523
2003-04-01,858.5,848.2,861.3,847.9,,1.21,0.01214336241452485,-0.4100467289719606,861.7400000000001,849.0450000000001,859.125,0.27375911914250445,1527.5,-0.4379705400981997
2003-04-02,880.9,858.5,884.6,858.5,,2.61,0.02609202096680252,-0.39465365585486323,863.9200000000001,851.5949999999999,858.3233333333334,0.27493903040784956,1527.5,-0.42330605564648116
2003-04-03,876.5,880.9,885.9,876.1,,-0.5,-0.004994891588148476,-0.39767729521715023,865.5200000000001,854.3149999999999,857.55,0.27496576037041975,1527.5,-0.4261865793780687
2003-04-04,878.9,876.5,882.7,874.2,,0.27,0.00273816314888764,-0.3960280373831755,868.6,856.8149999999999,857.0333333333334,0.27497886830453605,1527.5,-0.4246153846153846
2003-04-07,879.9,878.9,904.9,878.9,,0.11,0.0011377858686996145,-0.39534084661901925,874.9399999999999,860.4350000000001,856.2383333333332,0.27496789390122484,1527.5,-0.4239607201309329
2003-04-08,878.3,879.9,883.1,874.7,,-0.18,-0.0018183884532333439,-0.39644035184166904,878.9,864.3149999999999,855.4166666666666,0.2749072903751732,1527.5,-0.4250081833060557
2003-04-09,866.0,878.3,887.4,865.7,,-1.4,-0.014004326539906575,-0.4048927982407894,875.9199999999998,867.4050000000001,854.4116666666667,0.2749502110386903,1527.5,-0.4330605564648118
2003-04-10,871.6,866.0,871.8,862.8,,0.65,0.006466512702078653,-0.40104452996151496,874.9399999999999,869.39,853.41,0.2740926446520357,1527.5,-0.42939443535188215
2003-04-11,868.3,871.6,883.3,865.9,,-0.38,-0.0037861404313905833,-0.40331225948323024,872.82,871.14,852.5783333333334,0.2740079365049829,1527.5,-0.4315548281505729
2003-04-14,885.2,868.3,885.3,868.3,,1.95,0.01946331912933319,-0.3916987355689916,873.8799999999999,872.26,852.0883333333334,0.27467101230688534,1527.5,-0.4204909983633388
2003-04-15,890.8,885.2,891.3,881.9,,0.63,0.006326253953908623,-0.3878504672897173,876.3799999999999,873.475,851.9050000000001,0.2736863173026058,1527.5,-0.4168248772504092
2003-04-16,879.9,890.8,896.8,877.9,,-1.22,-0.01223619218679839,-0.39534084661901914,879.1600000000001,873.7700000000001,851.7766666666668,0.2739228917016534,1527.5,-0.4239607201309329
2003-04-17,893.6,879.9,893.8,879.2,,1.56,0.015569951130810278,-0.3859263331500802,883.5600000000001,874.665,852.0300000000001,0.2744126629241707,1527.5,-0.41499181669394436
2003-04-21,892.0,893.6,898.0,888.2,,-0.18,-0.0017905102954342,-0.38702583837272997,888.3,874.475,852.1083333333333,0.2744110364877602,1527.5,-0.4160392798690671
2003-04-22,911.4,892.0,911.7,886.7,,2.17,0.021748878923766757,-0.373694337548101,893.54,876.835,852.9416666666668,0.2749335817534352,1527.5,-0.40333878887070373
2003-04-23,919.0,911.4,919.7,909.9,,0.83,0.00833881939872727,-0.3684716877405144,899.18,879.05,854.1333333333334,0.2750232758478263,1527.5,-0.39836333878887076
2003-04-24,911.4,919.0,919.0,906.7,,-0.83,-0.008269858541893438,-0.3736943375481011,905.4799999999999,881.1200000000001,855.015,0.2750518539745935,1527.5,-0.40333878887070373
2003-04-25,898.8,911.4,911.4,897.5,,-1.38,-0.01382488479262678,-0.38235294117646845,906.5199999999999,882.635,855.5883333333334,0.27536965680276393,1527.5,-0.41158756137479546
2003-04-28,914.8,898.8,918.1,898.8,,1.78,0.017801513128615998,-0.37135788894997035,911.0799999999999,885.2,856.7583333333333,0.27565825738144517,1527.5,-0.4011129296235679
2003-04-29,917.8,914.8,924.2,911.1,,0.33,0.00327940533449933,-0.36929631665750196,912.36,888.68,857.7933333333333,0.27551718616538007,1527.5,-0.39914893617021274
2003-04-30,916.9,917.8,922.0,911.7,,-0.1,-0.0009806057964697468,-0.3699147883452424,911.9399999999999,891.6,858.7366666666668,0.27529045297537597,1527.5,-0.3997381342062193
2003-05-01,916.3,916.9,919.7,902.8,,-0.07,-0.0006543788853746735,-0.37032710280373604,912.9199999999998,893.3700000000001,859.8716666666666,0.2751285521227619,1527.5,-0.4001309328968904
2003-05-02,930.1,916.3,930.6,912.4,,1.51,0.015060569682418423,-0.3608438702583814,919.18,896.05,861.3133333333334,0.2755667474777409,1527.5,-0.39109656301145657
2003-05-05,926.5,930.1,933.9,924.5,,-0.39,-0.003870551553596391,-0.36331775700934343,921.5200000000001,898.43,862.7866666666667,0.27541026373113764,1527.5,-0.39345335515548285
2003-05-06,934.4,926.5,939.6,926.4,,0.85,0.008526713437668532,-0.3578889499725101,924.8399999999999,901.155,864.5316666666665,0.2749029279537868,1527.5,-0.3882815057283142
2003-05-07,929.6,934.4,937.2,926.4,,-0.51,-0.005136986301369828,-0.36118746564045945,927.3799999999999,903.7199999999999,866.0916666666667,0.2749317253334688,1527.5,-0.3914238952536825
2003-05-08,920.3,929.6,929.6,919.7,,-1.0,-0.01000430292598975,-0.3675783397471115,928.18,906.4350000000001,867.61,0.2724692016420281,1527.5,-0.3975122749590835
2003-05-09,933.4,920.3,933.8,920.3,,1.42,0.014234488753667396,-0.3585761407366661,928.8399999999999,909.525,869.5216666666666,0.272503659249559,1527.5,-0.38893617021276594
2003-05-12,945.1,933.4,946.8,929.3,,1.25,0.012534818941504211,-0.3505360087960393,932.5600000000001,913.3650000000001,871.65,0.2723122709495628,1527.5,-0.38127659574468087
2003-05-13,942.3,945.1,947.5,938.9,,-0.3,-0.0029626494550841764,-0.3524601429356765,934.14,916.22,873.44,0.27166495835315085,1527.5,-0.3831096563011457
2003-05-14,939.3,942.3,947.3,935.2,,-0.32,-0.003183699458771061,-0.3545217152281449,936.0799999999999,918.6450000000001,874.9083333333332,0.27081971227101187,1527.5,-0.38507364975450087
2003-05-15,946.7,939.3,948.2,938.8,,0.79,0.007878207175556318,-0.3494365035733895,941.3599999999999,921.985,876.6016666666667,0.27089791516819145,1527.5,-0.38022913256955804
2003-05-16,944.3,943.6,948.6,938.6,,-0.25,-0.002535122002746526,-0.35108576140736436,943.54,924.5200000000001,878.3883333333332,0.2708167144155335,1527.5,-0.38180032733224223
2003-05-19,920.8,944.3,944.3,920.2,,-2.49,-0.024886159059620883,-0.36723474436503345,938.68,925.96,879.5983333333334,0.2717918844062737,1527.5,-0.39718494271685767
2003-05-20,919.7,920.8,925.3,912.0,,-0.12,-0.0011946133796697511,-0.36799065420560517,934.1600000000001,926.375,881.0499999999998,0.2714934287817895,1527.5,-0.39790507364975447
2003-05-21,923.4,919.7,923.9,914.9,,0.4,0.004023050994889532,-0.36544804837822753,930.9799999999999,926.595,882.4633333333333,0.27132806886436345,1527.5,-0.3954828150572831
2003-05-22,931.9,923.4,935.3,922.5,,0.92,0.009205111544292821,-0.3596069268829004,928.0200000000001,927.6199999999999,884.2033333333333,0.2714319579237067,1527.5,-0.3899181669394436
2003-05-23,933.2,931.9,935.2,927.4,,0.14,0.0013949994634618879,-0.3587135788894974,925.8,929.3399999999999,885.8016666666666,0.27122661782946894,1527.5,-0.3890671031096563
2003-05-27,951.5,933.2,952.8,927.3,,1.96,0.019609944277753977,-0.34613798790544015,931.9399999999999,931.175,887.6416666666665,0.27171689257835197,1527.5,-0.3770867430441899
2003-05-28,953.2,951.5,959.4,950.1,,0.18,0.0017866526537047012,-0.34496976360637466,938.6400000000001,932.945,889.615,0.27160015954449795,1527.5,-0.37597381342062186
2003-05-29,949.6,953.2,962.1,946.2,,-0.38,-0.003776751993285754,-0.3474436503573367,943.8800000000001,934.5799999999999,891.7416666666667,0.271555560397621,1527.5,-0.37833060556464815
2003-05-30,963.6,949.6,965.4,949.6,,1.47,0.014743049705139066,-0.33782297965915087,950.22,936.945,893.9699999999999,0.27196096301728123,1527.5,-0.36916530278232407
2003-06-02,967.0,963.6,979.1,963.6,,0.35,0.0035284350352842164,-0.3354865310610201,956.9800000000001,938.7900000000002,896.385,0.27197572890084687,1527.5,-0.36693944353518826
2003-06-03,971.6,967.0,973.0,964.5,,0.48,0.004756980351602991,-0.3323254535459018,961.0,941.0450000000001,898.7633333333332,0.2709060087070297,1527.5,-0.36392798690671024
2003-06-04,986.2,971.6,987.9,970.7,,1.5,0.015026759983532312,-0.3222924683892223,967.6,943.635,901.7416666666667,0.2713295670505438,1527.5,-0.35436988543371517
2003-06-05,990.1,986.2,990.1,978.1,,0.4,0.0039545731089027925,-0.3196124244090135,975.7,946.6600000000001,904.8983333333333,0.2712124769542855,1527.5,-0.35181669394435355
2003-06-06,987.8,990.1,1007.7,986.0,,-0.23,-0.002322997677002392,-0.32119296316657264,980.54,950.0349999999999,907.9583333333334,0.2705054758204384,1527.5,-0.35332242225859245
2003-06-09,975.9,987.8,987.8,972.6,,-1.2,-0.012046973071471956,-0.32937053326003063,982.3199999999999,952.1600000000001,910.3583333333332,0.27076808806017355,1527.5,-0.3611129296235679
2003-06-10,984.8,975.9,984.8,975.9,,0.91,0.009119786863408086,-0.32325453545904104,984.96,954.1449999999999,912.8833333333333,0.27090533826789487,1527.5,-0.35528641571194763
2003-06-11,997.5,984.8,997.5,981.6,,1.29,0.012896019496344557,-0.3145272127542581,987.22,956.905,915.1283333333333,0.27070095577904196,1527.5,-0.34697217675941083
2003-06-12,998.5,997.5,1002.7,991.3,,0.1,0.001002506265664227,-0.31384002199010197,988.9,959.865,917.3283333333333,0.2706232308279953,1527.5,-0.3463175122749591
2003-06-13,988.6,998.5,1000.9,984.3,,-0.99,-0.009914872308462663,-0.3206432105552477,989.0600000000001,961.96,919.2383333333332,0.27060144714339956,1527.5,-0.3527986906710311
2003-06-16,1010.7,988.6,1010.9,988.6,,2.24,0.02235484523568676,-0.3054562946673972,996.0200000000001,965.28,921.4883333333333,0.2715073458192097,1527.5,-0.3383306055646481
2003-06-17,1011.7,1010.7,1015.3,1007.0,,0.1,0.0009894132779262321,-0.3047691039032411,1001.4,969.825,923.42,0.2699936201064747,1527.5,-0.3376759410801964
2003-06-18,1010.1,1011.7,1015.1,1004.6,,-0.16,-0.001581496491054657,-0.30586860912589087,1003.9200000000001,974.345,925.8516666666667,0.2699972663007629,1527.5,-0.3387234042553191
2003-06-19,994.7,1010.1,1011.2,993.1,,-1.52,-0.01524601524601521,-0.3164513468938953,1003.1600000000001,977.9099999999999,927.8516666666667,0.2699237689685491,1527.5,-0.34880523731587554
2003-06-20,995.7,994.7,1002.1,993.4,,0.1,0.0010053282396702556,-0.3157641561297392,1004.5799999999999,981.1,929.9466666666666,0.2695860434042771,1527.5,-0.3481505728314238
2003-06-23,981.6,995.7,995.7,977.4,,-1.42,-0.01416089183489,-0.3254535459043406,998.76,983.5200000000001,931.8316666666666,0.2694142237374377,1527.5,-0.3573813420621931
2003-06-24,983.5,981.6,987.8,979.1,,0.19,0.001935615321923434,-0.32414788345244394,993.1200000000001,985.1200000000001,933.8316666666666,0.2693972154089886,1527.5,-0.3561374795417349
2003-06-25,975.3,983.5,991.6,974.9,,-0.83,-0.008337569903406283,-0.3297828477185243,986.1600000000001,986.225,935.95,0.2690015720175109,1527.5,-0.361505728314239
2003-06-26,985.8,975.3,986.5,973.8,,1.08,0.010765918179021838,-0.3225673446948849,984.3799999999999,988.0350000000001,938.0716666666667,0.26919624013111587,1527.5,-0.3546317512274959
2003-06-27,976.2,985.8,988.9,974.3,,-0.97,-0.009738283627510613,-0.32916437603078375,980.4799999999999,988.665,939.66,0.2688115286340016,1527.5,-0.36091653027823234
2003-06-30,974.5,976.2,983.6,973.6,,-0.17,-0.001741446424913029,-0.33033260032984924,979.0600000000001,989.04,941.2933333333333,0.268816261105929,1527.5,-0.36202945990180035
2003-07-01,982.3,974.5,983.3,962.1,,0.8,0.008004104669061096,-0.32497251236943137,978.82,989.575,943.0166666666667,0.2680629045825202,1527.5,-0.3569230769230769
2003-07-02,993.8,982.3,993.8,982.3,,1.17,0.01170721775425032,-0.31706981858163574,982.5199999999999,989.9549999999999,944.9150000000001,0.2674477115079113,1527.5,-0.3493944353518822
2003-07-03,985.7,993.8,995.0,983.3,,-0.82,-0.008150533306500174,-0.3226360637713003,982.5,989.735,946.705,0.2675158479859598,1527.5,-0.3546972176759411
2003-07-07,1004.4,985.7,1005.6,985.7,,1.9,0.0189712894389773,-0.30978559648158066,988.14,990.5650000000002,949.0116666666667,0.26567481123808734,1527.5,-0.3424549918166939
2003-07-08,1007.8,1004.4,1008.9,998.7,,0.34,0.003385105535643085,-0.3074491478834499,994.8,992.1600000000001,951.2816666666666,0.2654045968580144,1527.5,-0.3402291325695581
2003-07-09,1002.2,1007.8,1010.4,998.2,,-0.56,-0.005556658067076725,-0.3112974161627242,998.78,993.0300000000001,953.5133333333332,0.26427834081903745,1527.5,-0.34389525368248774
2003-07-10,988.7,1002.2,1002.2,983.6,,-1.35,-0.013470365196567524,-0.320574491478832,997.76,992.5899999999999,955.2383333333333,0.2624040503817602,1527.5,-0.3527332242225859
2003-07-11,998.1,988.7,1000.9,988.7,,0.95,0.009507434004248028,-0.31411489829576433,1000.24,992.57,957.0266666666666,0.26246621664273406,1527.5,-0.34657937806873973
2003-07-14,1003.9,998.1,1015.4,998.1,,0.58,0.005811040977857784,-0.31012919186365884,1000.14,993.3349999999998,959.0933333333334,0.2624295296500762,1527.5,-0.34278232405891984
2003-07-15,1000.4,1003.9,1009.6,996.7,,-0.35,-0.0034864030281900327,-0.3125343595382053,998.6600000000001,992.82,960.8733333333332,0.2624246103958264,1527.5,-0.34507364975450083
2003-07-16,994.0,1000.4,1003.5,989.3,,-0.64,-0.006397441023590522,-0.31693238042880456,997.0200000000001,991.9350000000001,962.5733333333333,0.261830751393071,1527.5,-0.3492635024549918
2003-07-17,981.7,994.0,994.0,978.6,,-1.24,-0.012374245472836942,-0.3253848268279249,995.6200000000001,990.515,963.745,0.2620987714946725,1527.5,-0.3573158756137479
2003-07-18,993.3,981.7,994.2,981.7,,1.18,0.011816237139655517,-0.3174134139637139,994.6599999999999,990.445,964.9833333333333,0.260895500406337,1527.5,-0.349721767594108
2003-07-21,978.8,993.3,993.3,975.6,,-1.46,-0.014597805295479716,-0.3273776800439778,989.64,989.6,966.1066666666667,0.2584055647003434,1527.5,-0.359214402618658
2003-07-22,988.1,978.8,990.3,976.1,,0.95,0.00950143032284445,-0.32098680593732565,987.18,989.925,967.5949999999999,0.25633933108949664,1527.5,-0.3531260229132569
2003-07-23,988.6,988.1,989.9,979.8,,0.05,0.0005060216577268406,-0.3206432105552477,986.1,990.18,968.825,0.25479960213455843,1527.5,-0.3527986906710311
2003-07-24,981.6,988.6,998.9,981.1,,-0.71,-0.007080720210398517,-0.3254535459043406,986.0800000000002,990.4949999999999,969.8883333333334,0.2485720778398751,1527.5,-0.3573813420621931
2003-07-25,998.7,981.6,998.7,977.4,,1.74,0.017420537897310462,-0.3137025838372708,987.1600000000001,991.14,971.2516666666667,0.24905029470954923,1527.5,-0.34618657937806874
2003-07-28,996.5,998.7,1000.7,993.6,,-0.22,-0.002202863722839732,-0.31521440351841434,990.7,992.155,972.5883333333334,0.2485494877851832,1527.5,-0.34762684124386256
2003-07-29,989.3,996.5,998.6,984.1,,-0.72,-0.007225288509784322,-0.32016217702033856,990.9399999999999,992.8949999999999,973.575,0.24281450565520568,1527.5,-0.3523404255319149
2003-07-30,987.5,989.3,992.6,986.0,,-0.18,-0.0018194683109268306,-0.3213991203958195,990.72,993.155,974.5916666666667,0.24279651566847396,1527.5,-0.353518821603928
2003-07-31,990.3,987.5,1004.6,987.5,,0.28,0.002835443037974672,-0.3194749862561823,992.46,992.9800000000001,975.5233333333333,0.2426297412960695,1527.5,-0.3516857610474632
2003-08-01,980.1,990.3,990.3,978.9,,-1.03,-0.010299909118448913,-0.3264843320505748,988.74,992.7,976.3649999999999,0.2410038470697889,1527.5,-0.3583633387888707
2003-08-04,982.8,980.1,985.8,966.8,,0.28,0.0027548209366390353,-0.3246289169873533,986.0,991.6199999999999,977.4066666666666,0.2398366269313014,1527.5,-0.3565957446808511
2003-08-05,965.5,982.8,982.8,965.0,,-1.76,-0.017602767602767577,-0.3365173172072544,981.24,989.5049999999999,977.9416666666667,0.23797670593395634,1527.5,-0.3679214402618658
2003-08-06,967.1,965.5,975.7,960.8,,0.17,0.0016571724495080264,-0.33541781198460463,977.1600000000001,987.75,978.3083333333333,0.23615849655945226,1527.5,-0.3668739770867431
2003-08-07,974.1,967.1,974.9,963.8,,0.72,0.007238134629304005,-0.3306074766355118,973.9200000000001,987.0200000000001,978.8383333333334,0.23544772280381518,1527.5,-0.362291325695581
2003-08-08,977.6,974.1,980.6,973.8,,0.36,0.0035930602607534556,-0.32820230896096536,973.4200000000001,985.9949999999999,979.4766666666668,0.2332388154592297,1527.5,-0.36
2003-08-11,980.6,977.6,985.5,974.2,,0.31,0.0030687397708675235,-0.32614073666849686,972.9799999999999,984.8300000000002,980.0416666666666,0.2332344850749188,1527.5,-0.3580360065466448
2003-08-12,990.4,980.6,990.4,979.9,,1.0,0.009993881297164942,-0.31940626717976683,977.96,984.3299999999999,980.8100000000001,0.23336040205648548,1527.5,-0.351620294599018
2003-08-13,984.0,990.4,992.5,980.9,,-0.65,-0.006462035541195399,-0.323804288070366,981.3399999999999,983.8299999999999,981.8633333333333,0.2324038054503236,1527.5,-0.355810147299509
2003-08-14,990.5,984.0,991.9,980.4,,0.66,0.0066056910569105565,-0.31933754810335113,984.6200000000001,984.2699999999999,983.0433333333334,0.22907911964953298,1527.5,-0.3515548281505728
2003-08-15,990.7,988.0,992.4,987.1,,0.02,0.00020191822311965701,-0.31920010995051984,987.24,984.14,984.1650000000001,0.22880654380427917,1527.5,-0.35142389525368245
2003-08-18,999.7,990.7,1000.4,990.7,,0.91,0.009084485717169688,-0.31301539307311466,991.0600000000001,985.1850000000001,985.2950000000001,0.22896518733966834,1527.5,-0.345531914893617
2003-08-19,1002.4,999.7,1003.3,995.3,,0.27,0.002700810243072782,-0.31115997800989315,993.46,985.9,986.4483333333334,0.22779166558559252,1527.5,-0.3437643207855974
2003-08-20,1000.3,1002.4,1003.5,996.6,,-0.21,-0.0020949720670391248,-0.312603078614621,996.72,986.485,987.2616666666668,0.22735199658972788,1527.5,-0.345139116202946
2003-08-21,1003.3,1000.3,1009.5,999.3,,0.3,0.0029991002699190084,-0.3105415063221526,999.28,987.57,988.0966666666667,0.22702451455702874,1527.5,-0.34317512274959083
2003-08-22,993.1,1003.3,1011.0,992.6,,-1.02,-0.010166450712648212,-0.3175508521165451,999.76,987.29,988.8216666666667,0.2268482177535891,1527.5,-0.34985270049099837
2003-08-25,993.7,993.1,993.7,987.9,,0.06,0.0006041687644748883,-0.31713853765805144,998.5600000000001,987.15,989.3233333333334,0.22568341987232593,1527.5,-0.34945990180032727
2003-08-26,996.7,993.7,997.9,983.6,,0.3,0.00301901982489694,-0.31507696536558294,997.4200000000001,987.5200000000001,989.8183333333334,0.22558322066708836,1527.5,-0.3474959083469722
2003-08-27,996.8,996.7,998.0,993.3,,0.01,0.0001003310926055434,-0.31500824628916735,996.7199999999999,987.985,990.2383333333333,0.22513093850921412,1527.5,-0.347430441898527
2003-08-28,1002.8,996.8,1004.1,991.4,,0.6,0.006019261637239204,-0.31088510170423056,996.6200000000001,988.6099999999999,990.515,0.22443861005883137,1527.5,-0.34350245499181675
2003-08-29,1008.0,1002.8,1008.9,999.5,,0.52,0.005185480654168462,-0.3073117097306186,999.6,990.0049999999999,990.8133333333334,0.2244878029077943,1527.5,-0.34009819967266774
2003-09-02,1022.0,1008.0,1022.6,1005.7,,1.39,0.01388888888888884,-0.29769103903243277,1005.26,991.9649999999999,991.3833333333333,0.22487576543239252,1527.5,-0.33093289689034366
2003-09-03,1026.3,1022.0,1029.3,1022.0,,0.42,0.004207436399217279,-0.29473611874656136,1011.18,995.0050000000001,992.2233333333334,0.22089106597424119,1527.5,-0.3281178396072013
2003-09-04,1028.0,1026.3,1029.2,1022.2,,0.17,0.0016564357400370433,-0.29356789444749587,1017.4200000000001,998.05,992.9433333333333,0.22024660038476462,1527.5,-0.3270049099836334
2003-09-05,1021.4,1028.0,1029.2,1018.2,,-0.64,-0.006420233463034997,-0.2981033534909263,1021.14,1000.415,993.3416666666667,0.21972664614293536,1527.5,-0.33132569558101477
2003-09-08,1031.6,1021.4,1032.4,1021.4,,1.0,0.009986293322890027,-0.2910940076965338,1025.8600000000001,1003.1150000000001,993.8933333333333,0.219327778111463,1527.5,-0.32464811783960723
2003-09-09,1023.2,1031.6,1031.6,1021.1,,-0.81,-0.008142690965490362,-0.29686641011544523,1026.1,1005.2449999999999,994.47,0.2192949330639078,1527.5,-0.33014729950900157
2003-09-10,1010.9,1023.2,1023.2,1009.7,,-1.2,-0.012021110242376953,-0.3053188565145657,1023.0200000000001,1006.2700000000001,994.4733333333334,0.2195521775649238,1527.5,-0.33819967266775774
2003-09-11,1016.4,1010.9,1020.9,1010.9,,0.54,0.005440696409140466,-0.30153930731170686,1020.7,1007.8900000000001,994.5516666666666,0.21960649643705257,1527.5,-0.3345990180032733
2003-09-12,1018.6,1016.4,1019.6,1007.7,,0.22,0.0021645021645022577,-0.3000274876305633,1020.14,1009.2950000000001,994.6933333333334,0.2181279597617711,1527.5,-0.3331587561374795
2003-09-15,1014.8,1018.6,1019.8,1013.6,,-0.37,-0.003730610642057819,-0.30263881253435665,1016.78,1010.5,995.0283333333333,0.2181556618357483,1527.5,-0.3356464811783961
2003-09-16,1029.3,1014.8,1029.7,1014.8,,1.43,0.014288529759558521,-0.29267454645409274,1018.0,1011.9799999999999,995.5883333333334,0.21858228569577254,1527.5,-0.32615384615384624
2003-09-17,1026.0,1029.3,1031.3,1024.5,,-0.32,-0.003206062372486107,-0.2949422759758079,1021.0200000000001,1013.1599999999999,996.3283333333334,0.2176548973999305,1527.5,-0.32831423895253686
2003-09-18,1039.6,1026.0,1040.2,1025.8,,1.33,0.01325536062378152,-0.28559648158328466,1025.6599999999999,1015.125,997.2633333333334,0.2179484383675209,1527.5,-0.3194108019639935
2003-09-19,1036.3,1039.6,1040.3,1031.9,,-0.32,-0.003174297806848747,-0.2878642111049998,1029.1999999999998,1016.775,998.28,0.21576309606332342,1527.5,-0.32157119476268414
2003-09-22,1022.8,1036.3,1036.3,1018.3,,-1.3,-0.013027115700086855,-0.2971412864211076,1030.8,1018.26,998.8966666666668,0.2162065189484628,1527.5,-0.3304091653027823
2003-09-23,1029.0,1022.8,1030.1,1021.5,,0.61,0.006061791161517505,-0.2928807036833395,1030.74,1020.025,999.7766666666666,0.2157646352496395,1527.5,-0.3263502454991817
2003-09-24,1009.4,1029.0,1029.8,1008.9,,-1.9,-0.01904761904761909,-0.3063496426607998,1027.4199999999998,1020.6600000000001,1000.3583333333333,0.2159222158173177,1527.5,-0.3391816693944354
2003-09-25,1003.3,1009.4,1016.0,1003.3,,-0.6,-0.006043193976619787,-0.31054150632215216,1020.1600000000001,1020.985,1000.7083333333333,0.2146857728110525,1527.5,-0.34317512274959083
2003-09-26,996.9,1003.3,1003.5,996.1,,-0.64,-0.006378949466759654,-0.3149395272127514,1012.28,1020.6900000000002,1000.76,0.21408991239783956,1527.5,-0.3473649754500818
2003-09-29,1006.6,996.9,1006.9,995.3,,0.97,0.009730163506871392,-0.3082737768004369,1009.04,1020.6200000000001,1001.1083333333332,0.21170093750018065,1527.5,-0.3410147299509001
2003-09-30,996.0,1006.6,1006.6,990.4,,-1.05,-0.010530498708523739,-0.31555799890049185,1002.4399999999999,1019.32,1000.9683333333334,0.21143962253714277,1527.5,-0.34795417348608837
2003-10-01,1018.2,996.0,1018.2,996.0,,2.23,0.02228915662650599,-0.3003023639362258,1004.2,1018.915,1001.1416666666667,0.20887897378428008,1527.5,-0.3334206219312602
2003-10-02,1020.2,1018.2,1021.9,1013.4,,0.2,0.0019642506383814595,-0.2989279824079135,1007.5800000000002,1018.525,1001.4416666666667,0.2074401482265299,1527.5,-0.33211129296235675
2003-10-03,1029.8,1020.2,1039.3,1020.2,,0.94,0.009409919623603047,-0.2923309510720148,1014.1600000000001,1018.945,1002.1266666666667,0.2072816324937281,1527.5,-0.3258265139116203
2003-10-06,1034.3,1029.8,1036.5,1029.2,,0.44,0.0043697805399107725,-0.2892385926333121,1019.7,1019.0799999999999,1002.7299999999999,0.2059652118306058,1527.5,-0.3228805237315876
2003-10-07,1039.2,1034.3,1039.2,1026.2,,0.47,0.004737503625640516,-0.285871357888947,1028.3400000000001,1019.8800000000001,1003.3183333333333,0.20499407209121087,1527.5,-0.31967266775777414
2003-10-08,1033.8,1039.2,1040.1,1031.0,,-0.52,-0.005196304849884648,-0.28958218801539026,1031.46,1021.025,1003.8749999999999,0.20449178247691033,1527.5,-0.3232078559738134
2003-10-09,1038.7,1033.8,1048.3,1033.8,,0.47,0.004739794931321484,-0.2862149532710251,1035.1599999999999,1022.14,1004.6200000000001,0.20254116372923284,1527.5,-0.31999999999999995
2003-10-10,1038.1,1038.7,1040.8,1035.7,,-0.06,-0.0005776451333399102,-0.28662726772951885,1036.8200000000002,1023.115,1005.56,0.19971032860736215,1527.5,-0.32039279869067105
2003-10-13,1045.3,1038.1,1048.9,1038.1,,0.69,0.006935748001156039,-0.28167949422759464,1039.02,1024.6399999999999,1006.4266666666667,0.1961306031748022,1527.5,-0.3156792144026187
2003-10-14,1049.5,1045.3,1049.5,1040.8,,0.4,0.004017985267387392,-0.2787932930181388,1041.08,1025.65,1007.605,0.19605154586138746,1527.5,-0.3129296235679214
2003-10-15,1046.8,1049.5,1053.8,1043.2,,-0.26,-0.002572653644592693,-0.28064870808136044,1043.6799999999998,1026.69,1008.5833333333334,0.190449120774994,1527.5,-0.31469721767594117
2003-10-16,1050.1,1046.8,1052.9,1044.0,,0.32,0.0031524646541840617,-0.2783809785596453,1045.9599999999998,1027.215,1009.6083333333332,0.18881209373401198,1527.5,-0.31253682487725043
2003-10-17,1039.3,1050.1,1051.9,1036.6,,-1.03,-0.010284734787163075,-0.28580263881253143,1046.2,1027.365,1010.5699999999999,0.18790441395407015,1527.5,-0.31960720130932896
2003-10-20,1044.7,1039.3,1044.7,1036.1,,0.52,0.00519580486866178,-0.2820918086860882,1046.08,1028.46,1011.3366666666666,0.18788589408318632,1527.5,-0.3160720130932897
2003-10-21,1046.0,1044.7,1048.6,1042.5,,0.12,0.0012443763759930615,-0.2811984606926853,1045.3799999999999,1029.31,1012.1616666666666,0.18714893023833146,1527.5,-0.3152209492635024
2003-10-22,1030.4,1046.0,1046.0,1028.4,,-1.49,-0.014913957934990396,-0.2919186366135209,1042.1,1030.36,1012.8466666666666,0.18746160842373003,1527.5,-0.3254337152209492
2003-10-23,1033.8,1030.4,1035.4,1025.9,,0.33,0.0032996894409935695,-0.28958218801539026,1038.84,1031.885,1013.6183333333333,0.18738458596688584,1527.5,-0.3232078559738134
2003-10-24,1028.9,1033.8,1033.8,1018.3,,-0.47,-0.004739794931321262,-0.2929494227597552,1036.76,1033.4850000000001,1014.2616666666668,0.18679000431804005,1527.5,-0.32641571194762675
2003-10-27,1031.1,1028.9,1037.8,1028.9,,0.21,0.0021382058509085144,-0.2914376030786119,1034.04,1034.71,1015.1116666666668,0.1860662627100369,1527.5,-0.32497545008183315
2003-10-28,1046.8,1031.1,1046.8,1031.1,,1.52,0.015226457181650721,-0.28064870808136055,1034.2,1037.25,1016.1783333333333,0.18642379840177298,1527.5,-0.31469721767594117
2003-10-29,1048.1,1046.8,1049.8,1043.3,,0.12,0.001241880015284691,-0.27975536008795754,1037.7400000000002,1038.745,1017.5550000000001,0.1861640441072929,1527.5,-0.3138461538461539
2003-10-30,1046.9,1048.1,1052.8,1043.8,,-0.11,-0.001144928918996091,-0.28057998900494474,1040.3600000000001,1040.08,1018.885,0.18595411567276374,1527.5,-0.31463175122749587
2003-10-31,1050.7,1046.9,1053.1,1046.9,,0.36,0.003629764065335772,-0.2779686641011514,1044.7199999999998,1041.125,1020.1616666666667,0.18587208745181877,1527.5,-0.3121440261865793
2003-11-03,1059.0,1050.7,1061.4,1050.7,,0.79,0.007899495574378967,-0.27226498075865546,1050.3,1042.3600000000001,1021.5183333333333,0.18528082612103722,1527.5,-0.30671031096563006
2003-11-04,1053.2,1059.0,1059.0,1051.7,,-0.55,-0.005476864966949879,-0.27625068719076096,1051.58,1043.06,1022.7283333333332,0.18522991832794156,1527.5,-0.31050736497545006
2003-11-05,1051.8,1053.2,1054.5,1044.9,,-0.13,-0.001329282187618741,-0.27721275426057956,1052.32,1043.96,1023.7516666666667,0.18510492716039498,1527.5,-0.3114238952536825
2003-11-06,1058.0,1051.8,1058.9,1046.9,,0.59,0.005894656778855367,-0.2729521715228115,1054.54,1044.925,1024.985,0.1849816606638807,1527.5,-0.3073649754500818
2003-11-07,1053.2,1058.0,1062.4,1052.2,,-0.45,-0.004536862003780673,-0.27625068719076085,1055.0400000000002,1045.6799999999998,1026.03,0.18353851865738927,1527.5,-0.31050736497545006
2003-11-10,1047.1,1053.2,1053.7,1045.6,,-0.58,-0.005791872388910102,-0.28044255085211334,1052.66,1045.77,1026.97,0.18340960878726084,1527.5,-0.3145008183306056
2003-11-11,1046.6,1047.1,1048.2,1043.5,,-0.05,-0.0004775093114315343,-0.2807861462341914,1051.3400000000001,1045.625,1027.7516666666666,0.18215492459434365,1527.5,-0.31482815057283153
2003-11-12,1058.6,1046.6,1059.1,1046.6,,1.15,0.011465698452130635,-0.2725398570643178,1052.7,1046.215,1028.6883333333333,0.18233524956015268,1527.5,-0.3069721767594109
2003-11-13,1058.4,1058.6,1059.6,1053.0,,-0.02,-0.00018892877385212614,-0.272677295217149,1052.78,1046.6299999999999,1029.6566666666668,0.18233283133172246,1527.5,-0.30710310965630105
2003-11-14,1050.3,1058.4,1063.7,1048.1,,-0.77,-0.007653061224489943,-0.27824354040681376,1052.1999999999998,1047.1799999999998,1030.44,0.1809375092307967,1527.5,-0.31240589198036006
2003-11-17,1043.6,1050.3,1050.3,1035.3,,-0.64,-0.006379129772446035,-0.2828477185266599,1051.5,1047.125,1031.2816666666665,0.1809916069307593,1527.5,-0.3167921440261866
2003-11-18,1034.2,1043.6,1048.8,1034.0,,-0.9,-0.009007282483710077,-0.28930731170972745,1049.02,1046.535,1031.9566666666667,0.1809160422827511,1527.5,-0.32294599018003267
2003-11-19,1042.4,1034.2,1044.0,1034.2,,0.79,0.007928833881260866,-0.2836723474436472,1045.78,1047.135,1032.7183333333332,0.18100095761935123,1527.5,-0.3175777414075286
2003-11-20,1033.7,1042.4,1046.5,1033.4,,-0.83,-0.008346124328472815,-0.28965090709180563,1040.8400000000001,1047.1299999999999,1033.3333333333333,0.180241734425274,1527.5,-0.3232733224222586
2003-11-21,1035.3,1033.7,1037.6,1031.2,,0.15,0.0015478378639837143,-0.28855140186915584,1037.8400000000001,1047.45,1033.875,0.17900772244823165,1527.5,-0.32222585924713587
2003-11-24,1052.1,1035.3,1052.1,1035.3,,1.62,0.016227180527383256,-0.2770065970313329,1039.54,1048.5,1034.61,0.17965322593162777,1527.5,-0.3112274959083471
2003-11-25,1053.9,1052.1,1058.0,1049.3,,0.17,0.0017108639863132602,-0.2757696536558517,1043.48,1048.855,1035.1416666666667,0.1796454823433973,1527.5,-0.3100490998363338
2003-11-26,1058.5,1053.9,1058.5,1048.3,,0.44,0.004364740487712293,-0.2726085761407335,1046.7,1049.375,1035.6783333333335,0.17837596444573373,1527.5,-0.307037643207856
2003-11-28,1058.2,1058.5,1060.6,1056.8,,-0.03,-0.00028341993386860054,-0.2728147333699803,1051.6,1049.94,1036.1816666666666,0.17624673934056917,1527.5,-0.3072340425531914
2003-12-01,1070.1,1058.2,1070.5,1058.2,,1.12,0.011245511245511208,-0.2646371632765223,1058.56,1050.9099999999999,1036.9933333333333,0.1765398289987629,1527.5,-0.2994435351882161
2003-12-02,1066.6,1070.1,1071.2,1065.2,,-0.33,-0.0032707223623960058,-0.2670423309510688,1061.46,1051.29,1037.5766666666666,0.17656425319081426,1527.5,-0.3017348608837971
2003-12-03,1064.7,1066.6,1074.3,1064.6,,-0.18,-0.0017813613350833313,-0.26834799340296533,1063.62,1051.865,1038.2683333333332,0.1759162259399713,1527.5,-0.30297872340425525
2003-12-04,1069.7,1064.7,1070.4,1063.2,,0.47,0.004696158542312423,-0.2649120395821847,1065.8600000000001,1052.7599999999998,1039.2483333333332,0.17591421133958432,1527.5,-0.2997054009819967
2003-12-05,1061.5,1069.7,1069.7,1060.1,,-0.77,-0.007665700663737507,-0.270547003848265,1066.52,1052.935,1040.0,0.17564695703644764,1527.5,-0.3050736497545008
2003-12-08,1069.3,1061.5,1069.6,1060.9,,0.73,0.007348092322185584,-0.26518691588784715,1066.3600000000001,1053.7400000000002,1040.845,0.1756840906323084,1527.5,-0.29996726677577745
2003-12-09,1060.2,1069.3,1071.9,1059.2,,-0.85,-0.008510240344150266,-0.2714403518416679,1065.08,1054.395,1041.6016666666667,0.17442939611176714,1527.5,-0.3059247135842881
2003-12-10,1059.0,1060.2,1063.0,1053.4,,-0.11,-0.0011318619128466434,-0.27226498075865524,1063.94,1055.0149999999999,1042.0966666666666,0.17392960368471438,1527.5,-0.30671031096563006
2003-12-11,1071.2,1059.0,1073.6,1059.0,,1.15,0.011520302171860397,-0.26388125343595026,1064.2400000000002,1055.645,1042.85,0.17426665525828683,1527.5,-0.29872340425531907
2003-12-12,1074.1,1071.2,1074.8,1067.6,,0.27,0.0027072442120985585,-0.26188840021989745,1066.76,1056.43,1043.425,0.17421947006810812,1527.5,-0.2968248772504092
2003-12-15,1068.0,1074.1,1082.8,1068.0,,-0.57,-0.0056791732613349355,-0.2660802638812497,1066.5,1057.315,1043.9533333333334,0.17375846226610342,1527.5,-0.3008183306055646
2003-12-16,1075.1,1068.0,1075.9,1068.0,,0.66,0.006647940074906211,-0.2612012094557413,1069.48,1058.8899999999999,1044.825,0.17235875928663333,1527.5,-0.29617021276595745
2003-12-17,1076.5,1075.1,1076.5,1071.1,,0.13,0.0013022044460981874,-0.2602391423859226,1072.98,1061.0049999999999,1045.6166666666666,0.17213061399573207,1527.5,-0.295253682487725
2003-12-18,1089.2,1076.5,1089.5,1076.5,,1.18,0.011797491871806898,-0.25151181968113967,1076.58,1063.345,1046.9466666666665,0.17191253319411925,1527.5,-0.2869394435351882
2003-12-19,1088.7,1089.2,1091.1,1084.2,,-0.05,-0.0004590525156077385,-0.25185541506321774,1079.5,1066.095,1048.3700000000001,0.17170094247013243,1527.5,-0.287266775777414
2003-12-22,1092.9,1088.7,1092.9,1086.1,,0.39,0.0038578120694405804,-0.24896921385376203,1084.48,1068.975,1049.97,0.17128764299759106,1527.5,-0.2845171849427168
2003-12-23,1096.0,1092.9,1097.0,1091.7,,0.28,0.002836490072284592,-0.24683892248487815,1088.6599999999999,1071.1699999999998,1051.46,0.17129664277722648,1527.5,-0.28248772504091657
2003-12-24,1094.0,1096.0,1096.4,1092.7,,-0.18,-0.0018248175182481452,-0.24821330401319042,1092.1599999999999,1073.175,1053.0933333333335,0.1712007052636886,1527.5,-0.2837970540098199
2003-12-26,1095.9,1094.0,1098.5,1094.0,,0.17,0.0017367458866546226,-0.24690764156129363,1093.5,1075.045,1054.3883333333333,0.171155655323158,1527.5,-0.28255319148936164
2003-12-29,1109.5,1095.9,1109.5,1095.9,,1.24,0.012409891413450058,-0.23756184716877027,1097.66,1077.6100000000001,1055.8766666666666,0.17069167027594737,1527.5,-0.2736497545008183
2003-12-30,1109.6,1109.5,1109.8,1106.4,,0.01,9.013068949959013e-05,-0.2374931280923548,1101.0,1079.585,1057.2066666666667,0.17065635567007645,1527.5,-0.2735842880523732
2003-12-31,1111.9,1109.6,1112.6,1106.2,,0.21,0.0020728190338863417,-0.23591258933479553,1104.1799999999998,1081.85,1058.5,0.17065902136388303,1527.5,-0.2720785597381341
2004-01-02,1108.5,1111.9,1118.8,1105.1,,-0.31,-0.003057828941451679,-0.2382490379329265,1107.08,1084.04,1059.655,0.1676143459687469,1527.5,-0.27430441898527
2004-01-05,1122.2,1108.5,1122.2,1108.5,,1.24,0.012359043752819154,-0.22883452446398744,1112.34,1086.6650000000002,1061.1283333333333,0.16800418795214478,1527.5,-0.2653355155482815
2004-01-06,1123.7,1122.2,1124.5,1118.4,,0.13,0.0013366601318838267,-0.22780373831775325,1115.1799999999998,1089.775,1062.5449999999998,0.1666049847809147,1527.5,-0.26435351882160385
2004-01-07,1126.3,1123.7,1126.3,1116.5,,0.23,0.0023137848180119214,-0.22601704233094733,1118.52,1092.625,1064.015,0.1664468363071961,1527.5,-0.2626513911620295
2004-01-08,1131.9,1126.3,1131.9,1124.9,,0.5,0.0049720323182100845,-0.222168774051673,1122.52,1096.21,1065.4583333333333,0.16582027483446846,1527.5,-0.25898527004909977
2004-01-09,1121.9,1131.9,1131.9,1120.9,,-0.88,-0.008834702712253728,-0.22904068169323433,1125.2,1099.355,1066.665,0.16505737789248223,1527.5,-0.26553191489361694
2004-01-12,1127.2,1121.9,1127.8,1120.9,,0.47,0.004724128710223763,-0.22539857064320679,1126.2,1102.1550000000002,1068.005,0.16510173679216028,1527.5,-0.26206219312602286
2004-01-13,1121.2,1127.2,1129.1,1115.2,,-0.53,-0.005322924059616763,-0.22952171522814357,1125.7,1104.51,1069.19,0.16520143063558543,1527.5,-0.2659901800327332
2004-01-14,1130.5,1121.2,1130.8,1121.2,,0.83,0.008294684266856978,-0.2231308411214915,1126.5400000000002,1107.635,1070.71,0.16529496445078184,1527.5,-0.25990180032733223
2004-01-15,1132.0,1130.5,1137.1,1124.5,,0.13,0.0013268465280849018,-0.2221000549752573,1126.56,1110.48,1072.165,0.1645791981032335,1527.5,-0.2589198036006547
2004-01-16,1139.8,1132.0,1139.8,1132.0,,0.69,0.006890459363957602,-0.21673996701483944,1130.14,1113.645,1073.7283333333335,0.16461737447181432,1527.5,-0.25381342062193124
2004-01-20,1138.8,1139.8,1142.9,1135.4,,-0.09,-0.0008773469029654812,-0.21742715777899557,1132.4599999999998,1116.125,1075.535,0.16394478832666343,1527.5,-0.25446808510638297
2004-01-21,1147.6,1138.8,1149.2,1134.6,,0.77,0.007727432384966537,-0.21137987905442168,1137.74,1119.07,1077.4316666666666,0.1632193309117947,1527.5,-0.2487070376432079
2004-01-22,1143.9,1147.6,1150.5,1143.0,,-0.32,-0.0032241199024048983,-0.21392248488179932,1140.4199999999998,1121.6200000000001,1079.3483333333331,0.16287277717466872,1527.5,-0.25112929623567914
2004-01-23,1141.5,1143.9,1150.3,1136.8,,-0.21,-0.0020980854969840923,-0.21557174271577406,1142.32,1123.895,1081.1883333333333,0.16265095812025165,1527.5,-0.25270049099836334
2004-01-26,1155.4,1141.5,1155.4,1141.0,,1.22,0.012176960140166448,-0.2060197910940038,1145.44,1126.9650000000001,1082.9983333333334,0.1601703397848135,1527.5,-0.24360065466448444
2004-01-27,1144.0,1155.4,1155.4,1144.0,,-0.99,-0.009866712826726798,-0.21385376580538384,1146.48,1129.3700000000001,1084.5966666666666,0.15961008818460906,1527.5,-0.25106382978723407
2004-01-28,1128.5,1144.0,1149.1,1126.5,,-1.35,-0.013548951048951041,-0.22450522264980388,1142.66,1130.3200000000002,1085.9566666666667,0.1598557987313084,1527.5,-0.2612111292962357
2004-01-29,1134.1,1128.5,1134.4,1122.4,,0.5,0.004962339388568715,-0.22065695437052968,1140.7,1131.545,1087.3466666666666,0.1597983846394514,1527.5,-0.25754500818330617
2004-01-30,1131.1,1134.1,1134.2,1127.7,,-0.26,-0.002645269376598147,-0.22271852666299807,1138.6200000000001,1132.5049999999999,1088.5483333333334,0.15801335692826954,1527.5,-0.25950900163666124
2004-02-02,1135.3,1131.1,1142.6,1127.9,,0.37,0.0037131995402706064,-0.21983232545354225,1134.6,1133.845,1089.9166666666667,0.15757915864699515,1527.5,-0.25675941080196407
2004-02-03,1136.0,1135.3,1137.4,1131.3,,0.06,0.0006165771161807942,-0.2193512919186329,1133.0,1134.5349999999999,1091.32,0.15752353805750655,1527.5,-0.2563011456628478
2004-02-04,1126.5,1136.0,1136.0,1124.7,,-0.84,-0.008362676056338003,-0.22587960417811614,1132.6,1134.675,1092.4616666666666,0.15707304653919954,1527.5,-0.26252045826513914
2004-02-05,1128.6,1126.5,1131.2,1124.4,,0.19,0.0018641810918773594,-0.2244365035733884,1131.5,1134.79,1093.7183333333335,0.15693467504990177,1527.5,-0.2611456628477906
2004-02-06,1142.8,1128.6,1142.8,1128.4,,1.26,0.012581959950381139,-0.21467839472237116,1133.84,1135.335,1095.3133333333333,0.1571531430503613,1527.5,-0.25184942716857617
2004-02-09,1139.8,1142.8,1144.5,1139.2,,-0.26,-0.0026251312565628293,-0.21673996701483955,1134.7399999999998,1136.23,1096.8666666666666,0.1567926761438492,1527.5,-0.25381342062193124
2004-02-10,1145.5,1139.8,1147.0,1138.7,,0.5,0.005000877346903021,-0.21282297965914954,1136.6399999999999,1137.145,1098.3149999999998,0.15670978113316458,1527.5,-0.2500818330605564
2004-02-11,1157.8,1145.5,1158.9,1142.3,,1.07,0.010737669140113537,-0.20437053326002907,1142.8999999999999,1138.975,1099.9716666666668,0.15670558571865664,1527.5,-0.24202945990180036
2004-02-12,1152.1,1157.8,1157.8,1151.4,,-0.49,-0.004923130074278803,-0.20828752061571898,1147.6,1140.0549999999998,1101.6683333333335,0.1561998621380717,1527.5,-0.24576104746317518
2004-02-13,1145.8,1152.1,1156.9,1143.2,,-0.55,-0.005468275323322613,-0.21261682242990265,1148.2,1140.745,1103.3716666666667,0.15632265267720505,1527.5,-0.24988543371522098
2004-02-17,1157.0,1145.8,1159.0,1145.8,,0.98,0.009774829813230967,-0.2049202858713539,1151.64,1141.605,1105.4183333333335,0.15525601690093685,1527.5,-0.24255319148936172
2004-02-18,1151.8,1157.0,1157.4,1149.4,,-0.45,-0.004494382022471988,-0.20849367784496586,1152.9,1142.2549999999999,1107.2416666666666,0.15428710267292695,1527.5,-0.24595744680851062
2004-02-19,1147.1,1151.8,1158.6,1146.8,,-0.41,-0.004080569543323587,-0.21172347443649975,1150.76,1142.23,1109.1316666666667,0.15414894265633264,1527.5,-0.24903436988543382
2004-02-20,1144.1,1147.1,1149.8,1139.0,,-0.26,-0.0026152907331531416,-0.21378504672896814,1149.1599999999999,1142.24,1110.945,0.15382221407251367,1527.5,-0.2509983633387889
2004-02-23,1141.0,1144.1,1146.7,1137.0,,-0.27,-0.002709553360720096,-0.21591533809785202,1148.2,1142.215,1112.4266666666667,0.1534026615293026,1527.5,-0.25302782324058914
2004-02-24,1139.1,1141.0,1144.5,1134.4,,-0.17,-0.001665205959684557,-0.2172210005497487,1144.6200000000001,1141.3999999999999,1113.8466666666668,0.15216218402513085,1527.5,-0.25427168576104753
2004-02-25,1143.7,1139.1,1145.2,1138.7,,0.4,0.004038275831797167,-0.2140599230346304,1143.0,1141.3849999999998,1115.2666666666667,0.15207147173103158,1527.5,-0.2512602291325695
2004-02-26,1144.9,1143.7,1147.2,1138.6,,0.1,0.001049226195680708,-0.21323529411764297,1142.56,1142.205,1116.7116666666666,0.1513719762879362,1527.5,-0.2504746317512274
2004-02-27,1144.9,1145.8,1151.7,1141.8,,0.0,0.0,-0.21323529411764297,1142.72,1142.745,1117.9583333333333,0.15100938783258513,1527.5,-0.2504746317512274
2004-03-01,1156.0,1144.9,1157.5,1144.9,,0.97,0.009695169883832566,-0.20560747663550993,1145.72,1143.99,1119.4483333333335,0.1512087647404173,1527.5,-0.24320785597381345
2004-03-02,1149.1,1156.0,1156.5,1147.3,,-0.6,-0.005968858131487953,-0.21034909290818726,1147.72,1144.68,1120.855,0.15112752505016183,1527.5,-0.24772504091653036
2004-03-03,1151.0,1149.1,1152.4,1143.8,,0.17,0.0016534679314246237,-0.2090434304562906,1149.1799999999998,1145.4299999999998,1122.2099999999998,0.15020077105884794,1527.5,-0.24648117839607198
2004-03-04,1154.9,1151.0,1155.0,1149.8,,0.34,0.003388357949609011,-0.20636338647608166,1151.18,1146.85,1123.7666666666667,0.14998722849032295,1527.5,-0.24392798690671025
2004-03-05,1156.9,1154.9,1163.2,1148.7,,0.17,0.0017317516668109434,-0.2049890049477694,1153.58,1148.2649999999999,1125.2266666666667,0.14959839081633877,1527.5,-0.2426186579378068
2004-03-08,1147.2,1156.9,1159.9,1147.0,,-0.84,-0.008384475754170673,-0.21165475536008393,1151.8200000000002,1148.4850000000001,1126.6766666666665,0.14975750676234592,1527.5,-0.24896890343698852
2004-03-09,1140.6,1147.2,1147.3,1136.8,,-0.58,-0.005753138075313968,-0.2161902144035145,1150.12,1148.525,1128.0366666666666,0.14743125378102293,1527.5,-0.25328968903437
2004-03-10,1123.9,1140.6,1141.5,1122.5,,-1.46,-0.01464141679817621,-0.22766630016492173,1144.7000000000003,1147.4450000000002,1128.915,0.14797808591763872,1527.5,-0.2642225859247135
2004-03-11,1106.8,1123.9,1126.0,1105.9,,-1.52,-0.015214876768395835,-0.23941726223199167,1135.08,1144.895,1129.46,0.14887534361966434,1527.5,-0.27541734860883804
2004-03-12,1120.6,1106.8,1120.6,1106.8,,1.25,0.012468377303939349,-0.229934029686637,1127.8200000000002,1143.32,1130.3366666666668,0.1455499420541908,1527.5,-0.26638297872340433
2004-03-15,1104.5,1120.6,1120.6,1103.4,,-1.44,-0.014367303230412243,-0.2409978009895507,1119.28,1141.2549999999999,1130.8266666666668,0.14638178559081153,1527.5,-0.27692307692307694
2004-03-16,1110.7,1104.5,1113.8,1102.6,,0.56,0.005613399728383817,-0.23673721825178273,1113.3,1138.94,1131.3966666666668,0.14236192394430564,1527.5,-0.2728641571194762
2004-03-17,1123.8,1110.7,1125.8,1110.7,,1.18,0.011794363914648276,-0.22773501924133754,1113.28,1137.54,1131.9733333333336,0.14273112536142715,1527.5,-0.2642880523731588
2004-03-18,1122.3,1123.8,1125.5,1113.2,,-0.13,-0.0013347570742124892,-0.22876580538757174,1116.38,1136.3,1132.5333333333333,0.1425477632222513,1527.5,-0.2652700490998363
2004-03-19,1109.8,1122.3,1122.7,1109.7,,-1.11,-0.011137841931747272,-0.23735568993952338,1114.22,1134.585,1132.8149999999998,0.14306315159311406,1527.5,-0.27345335515548286
2004-03-22,1095.4,1109.8,1109.8,1089.5,,-1.3,-0.012975310866822687,-0.2472512369433716,1112.4,1132.3049999999998,1132.805,0.14203092247568969,1527.5,-0.28288052373158745
2004-03-23,1094.0,1095.4,1101.5,1091.6,,-0.13,-0.0012780719371919824,-0.2482133040131902,1109.06,1130.05,1132.805,0.13734353282487674,1527.5,-0.2837970540098199
2004-03-24,1091.3,1094.0,1098.4,1087.1,,-0.25,-0.0024680073126143176,-0.2500687190764118,1102.56,1127.43,1132.7283333333332,0.13692651462812394,1527.5,-0.28556464811783966
2004-03-25,1109.2,1091.3,1110.4,1091.3,,1.64,0.01640245578667643,-0.23776800439801704,1099.94,1125.645,1132.7233333333336,0.13765203692408676,1527.5,-0.27384615384615385
2004-03-26,1108.1,1109.2,1115.3,1106.1,,-0.1,-0.0009917057338623136,-0.23852391423858887,1099.6,1123.805,1132.6983333333333,0.1376394229684931,1527.5,-0.27456628477905076
2004-03-29,1122.5,1108.1,1124.4,1108.1,,1.3,0.012995217038173523,-0.22862836723474045,1105.02,1122.13,1132.875,0.13799149643734274,1527.5,-0.26513911620294595
2004-03-30,1127.0,1122.5,1127.6,1119.7,,0.4,0.004008908685968926,-0.22553600879603775,1111.6200000000001,1121.025,1133.1833333333334,0.13672465226937547,1527.5,-0.2621931260229132
2004-03-31,1126.2,1127.0,1130.8,1121.5,,-0.07,-0.0007098491570540766,-0.22608576140736258,1118.6,1119.785,1133.25,0.13629198217447547,1527.5,-0.2627168576104746
2004-04-01,1132.2,1126.2,1135.7,1126.2,,0.53,0.005327650506126824,-0.2219626168224258,1123.2,1118.65,1133.3916666666667,0.13403446244889944,1527.5,-0.25878887070376433
2004-04-02,1141.8,1132.2,1144.8,1132.2,,0.85,0.008479067302596732,-0.21536558548652696,1129.94,1117.895,1133.65,0.1341034242000933,1527.5,-0.2525040916530279
2004-04-05,1150.6,1141.8,1150.6,1141.6,,0.77,0.007707129094412402,-0.20931830676195295,1135.56,1118.065,1133.9616666666666,0.13425688023998464,1527.5,-0.2467430441898527
2004-04-06,1148.2,1150.6,1150.6,1143.3,,-0.21,-0.002085868242655886,-0.21096756459592758,1139.8,1118.4450000000002,1134.4,0.13429478813154566,1527.5,-0.2483142389525368
2004-04-07,1140.5,1148.2,1148.2,1138.4,,-0.67,-0.006706148754572427,-0.21625893347992986,1142.6599999999999,1119.275,1134.6216666666667,0.13448995142660938,1527.5,-0.25335515548281506
2004-04-08,1139.3,1140.5,1149.0,1134.5,,-0.11,-0.0010521701008330275,-0.21708356239691728,1144.08,1120.9,1134.9233333333332,0.1336532245279957,1527.5,-0.25414075286415716
2004-04-12,1145.2,1139.3,1147.3,1139.3,,0.52,0.0051786184499253984,-0.2130291368883961,1144.7599999999998,1122.13,1135.1683333333333,0.133607738671389,1527.5,-0.250278232405892
2004-04-13,1129.4,1145.2,1147.8,1127.7,,-1.38,-0.013796716730702041,-0.223886750962063,1140.52,1123.375,1135.125,0.13434969611250056,1527.5,-0.26062193126022903
2004-04-14,1128.2,1129.4,1132.5,1122.2,,-0.11,-0.0010625110678236238,-0.22471137987905032,1136.52,1124.25,1134.9316666666668,0.13309190642373214,1527.5,-0.26140752864157113
2004-04-15,1128.8,1128.2,1134.1,1120.8,,0.05,0.0005318205991844405,-0.22429906542055666,1134.18,1124.5,1134.765,0.1329850990997479,1527.5,-0.26101472995090025
2004-04-16,1134.6,1128.8,1136.8,1126.8,,0.51,0.005138199858256476,-0.22031335898845117,1133.2400000000002,1125.115,1134.5483333333332,0.13238581499964713,1527.5,-0.25721767594108025
2004-04-19,1135.8,1134.6,1136.2,1129.8,,0.11,0.0010576414595453443,-0.21948873007146374,1131.36,1126.415,1134.4133333333334,0.1315800890631632,1527.5,-0.25643207855973815
2004-04-20,1118.2,1135.8,1139.3,1118.1,,-1.55,-0.01549568586018657,-0.23158328752061164,1129.1200000000001,1127.555,1134.025,0.13258042850331866,1527.5,-0.2679541734860883
2004-04-21,1124.1,1118.2,1125.7,1116.0,,0.53,0.005276336970130524,-0.22752886201209044,1128.3,1129.06,1133.5033333333333,0.13099758698855116,1527.5,-0.26409165302782334
2004-04-22,1139.9,1124.1,1142.8,1121.9,,1.41,0.014055688995641136,-0.2166712479384234,1130.52,1131.49,1133.435,0.13144894847299984,1527.5,-0.25374795417348606
2004-04-23,1140.6,1139.9,1141.9,1134.8,,0.06,0.0006140889551713435,-0.21619021440351427,1131.7199999999998,1133.06,1133.6366666666665,0.1311272790042422,1527.5,-0.25328968903437
2004-04-26,1135.5,1140.6,1145.1,1132.9,,-0.45,-0.004471330878484947,-0.21969488730071052,1131.66,1134.4299999999998,1133.66,0.1304025832022827,1527.5,-0.2566284779050737
2004-04-27,1138.1,1135.5,1146.8,1135.5,,0.23,0.0022897402025539026,-0.2179081913139046,1135.64,1135.2099999999998,1133.7766666666664,0.12930945712577716,1527.5,-0.25492635024549926
2004-04-28,1122.4,1138.1,1138.1,1121.7,,-1.38,-0.013794921360161472,-0.2286970863111557,1135.3,1134.98,1133.5616666666667,0.13011877274036843,1527.5,-0.26520458265139113
2004-04-29,1113.9,1122.4,1128.8,1108.0,,-0.76,-0.007573057733428312,-0.23453820780648282,1130.1,1134.365,1133.1933333333332,0.13037773748984738,1527.5,-0.27076923076923076
2004-04-30,1107.3,1113.9,1119.3,1107.2,,-0.59,-0.005925127928898544,-0.23907366684991338,1123.44,1133.1200000000001,1132.8733333333332,0.13054345343780535,1527.5,-0.2750900163666121
2004-05-03,1117.5,1107.3,1118.7,1107.3,,0.92,0.009211595773503056,-0.23206432105552088,1119.84,1131.905,1132.6883333333333,0.13003133028863645,1527.5,-0.2684124386252046
2004-05-04,1119.5,1117.5,1127.7,1112.9,,0.18,0.0017897091722594016,-0.23068993952720873,1116.1200000000001,1130.35,1132.3,0.12995204021609927,1527.5,-0.26710310965630113
2004-05-05,1121.5,1119.5,1125.1,1117.9,,0.18,0.001786511835640825,-0.22931555799889658,1115.94,1129.0149999999999,1131.995,0.12972347341629095,1527.5,-0.2657937806873977
2004-05-06,1114.0,1121.5,1121.5,1106.3,,-0.67,-0.006687472135532779,-0.23446948873006757,1115.9599999999998,1127.69,1131.47,0.12980345107647073,1527.5,-0.2707037643207856
2004-05-07,1098.7,1114.0,1117.3,1098.6,,-1.37,-0.013734290843806063,-0.24498350742165642,1114.2400000000002,1125.66,1130.485,0.13016684457117259,1527.5,-0.2807201309328968
2004-05-10,1087.1,1098.7,1098.7,1079.6,,-1.06,-0.01055793210157474,-0.25295492028586763,1108.16,1122.7549999999999,1129.4016666666669,0.12994662726975592,1527.5,-0.28831423895253694
2004-05-11,1095.5,1087.1,1095.7,1087.1,,0.77,0.007726980038635034,-0.247182517866956,1103.3600000000001,1121.06,1128.5633333333333,0.12959318598748204,1527.5,-0.2828150572831424
2004-05-12,1097.3,1095.5,1097.5,1076.3,,0.16,0.001643085349155582,-0.24594557449147503,1098.52,1119.5149999999999,1127.5683333333334,0.1295472096194915,1527.5,-0.2816366612111293
2004-05-13,1096.4,1097.3,1102.8,1091.8,,-0.08,-0.0008201950241500944,-0.24656404617921546,1095.0,1117.895,1126.645,0.129498765114478,1527.5,-0.28222585924713584
2004-05-14,1095.7,1096.4,1102.4,1088.2,,-0.06,-0.0006384531192995535,-0.24704507971412482,1094.4,1115.95,1125.7883333333334,0.12930120621448238,1527.5,-0.282684124386252
2004-05-17,1084.1,1095.7,1095.7,1079.4,,-1.06,-0.010586839463356923,-0.25501649257833614,1093.8,1113.365,1124.7883333333334,0.12974796089614796,1527.5,-0.290278232405892
2004-05-18,1091.5,1084.1,1094.1,1084.1,,0.68,0.006825938566553003,-0.24993128092358063,1093.0,1112.03,1123.9633333333334,0.12735188834789385,1527.5,-0.2854337152209493
2004-05-19,1088.7,1091.5,1105.9,1088.5,,-0.26,-0.0025652771415483056,-0.25185541506321774,1091.28,1110.26,1123.1233333333332,0.12737981092254186,1527.5,-0.287266775777414
2004-05-20,1089.2,1088.7,1092.6,1085.4,,0.05,0.0004592633416000691,-0.25151181968113967,1089.8400000000001,1107.725,1122.215,0.1273363623858679,1527.5,-0.2869394435351882
2004-05-21,1093.6,1089.2,1099.7,1089.2,,0.4,0.00403966213734841,-0.24848818031885278,1089.4199999999998,1105.375,1121.3600000000001,0.12709400577282945,1527.5,-0.28405891980360076
2004-05-24,1095.4,1093.6,1101.7,1091.8,,0.16,0.001645940014630698,-0.2472512369433717,1091.6799999999998,1103.3700000000001,1120.5349999999999,0.12709569653765945,1527.5,-0.28288052373158745
2004-05-25,1113.0,1095.4,1113.8,1090.7,,1.61,0.01606719006755508,-0.23515667949422392,1095.98,1102.1150000000002,1119.8183333333332,0.12661405700794315,1527.5,-0.2713584288052373
2004-05-26,1114.9,1113.0,1116.7,1109.9,,0.17,0.001707097933513202,-0.23385101704232714,1101.22,1101.74,1119.2483333333334,0.12661336747701574,1527.5,-0.27011456628477903
2004-05-27,1121.3,1114.9,1124.0,1114.9,,0.57,0.005740425150237538,-0.22945299615172798,1107.6399999999999,1102.1100000000001,1118.7533333333333,0.1266367064321505,1527.5,-0.26592471358428804
2004-05-28,1120.7,1121.3,1122.7,1118.1,,-0.05,-0.0005350931953981286,-0.22986531061022164,1113.06,1102.78,1118.1833333333334,0.12585388803214126,1527.5,-0.26631751227495903
2004-06-01,1121.2,1120.7,1122.7,1113.3,,0.04,0.0004461497278487325,-0.22952171522814357,1118.2199999999998,1102.965,1117.5883333333334,0.125820379062337,1527.5,-0.2659901800327332
2004-06-02,1125.0,1121.2,1128.1,1118.6,,0.34,0.003389225829468323,-0.22691039032435034,1120.6200000000001,1103.24,1117.2183333333335,0.12578264101688721,1527.5,-0.2635024549918167
2004-06-03,1116.6,1125.0,1125.3,1116.6,,-0.75,-0.0074666666666667325,-0.23268279274326187,1120.96,1102.9950000000001,1116.8183333333332,0.1252047139923488,1527.5,-0.26900163666121124
2004-06-04,1122.5,1116.6,1129.2,1116.6,,0.53,0.00528389754612224,-0.22862836723474067,1121.2,1103.42,1116.7949999999998,0.12524833270967273,1527.5,-0.26513911620294595
2004-06-07,1140.4,1122.5,1140.5,1122.5,,1.59,0.015946547884187146,-0.2163276525563459,1125.1399999999999,1105.5049999999999,1117.355,0.12615978256329574,1527.5,-0.25342062193126014
2004-06-08,1142.2,1140.4,1142.2,1135.5,,0.16,0.0015783935461242127,-0.21509070918086481,1129.3400000000001,1108.26,1117.715,0.1255224428678767,1527.5,-0.25224222585924716
2004-06-09,1131.3,1142.2,1142.2,1131.2,,-0.95,-0.009542987217650234,-0.22258108851016678,1130.6,1110.05,1118.1616666666666,0.12564632273468834,1527.5,-0.2593780687397709
2004-06-10,1136.5,1131.3,1136.5,1131.3,,0.46,0.004596481923450968,-0.21900769653655483,1134.58,1112.01,1118.5916666666667,0.12510259594771747,1527.5,-0.255973813420622
2004-06-14,1125.3,1136.5,1136.5,1122.2,,-0.99,-0.009854817421909412,-0.22670423309510357,1135.1399999999999,1113.455,1118.6166666666666,0.12553345449858944,1527.5,-0.26330605564648124
2004-06-15,1132.0,1125.3,1137.4,1125.3,,0.6,0.0059539678308007105,-0.22210005497525742,1133.46,1115.27,1118.7783333333334,0.1252135277124364,1527.5,-0.2589198036006547
2004-06-16,1133.6,1132.0,1135.3,1130.5,,0.14,0.001413427561837377,-0.22100054975260763,1131.7400000000002,1117.7450000000001,1119.175,0.12329179315701919,1527.5,-0.257872340425532
2004-06-17,1132.0,1133.6,1133.6,1126.9,,-0.14,-0.0014114326040930436,-0.2221000549752573,1131.8799999999999,1119.77,1119.7849999999999,0.12330531673370512,1527.5,-0.2589198036006547
2004-06-18,1135.0,1132.0,1139.1,1129.8,,0.27,0.0026501766784452485,-0.22003848268278892,1131.58,1122.085,1120.4683333333332,0.1233070378500374,1527.5,-0.2569558101472995
2004-06-21,1130.3,1135.0,1138.0,1129.6,,-0.41,-0.004140969162995667,-0.2232682792743228,1132.58,1124.1399999999999,1121.1183333333333,0.12238053269311816,1527.5,-0.2600327332242226
2004-06-22,1134.4,1130.3,1135.0,1124.4,,0.36,0.003627355569318036,-0.22045079714128257,1133.06,1126.18,1121.5383333333332,0.12241869266865267,1527.5,-0.2573486088379705
2004-06-23,1144.1,1134.4,1145.2,1131.7,,0.86,0.008550775740479466,-0.21378504672896814,1135.16,1128.615,1122.1383333333333,0.12178424071214741,1527.5,-0.2509983633387889
2004-06-24,1140.7,1144.1,1146.3,1139.9,,-0.3,-0.002971768202080116,-0.2161214953270989,1136.9,1130.0,1122.4416666666666,0.12183058350691921,1527.5,-0.2532242225859247
2004-06-25,1134.4,1140.7,1146.0,1134.2,,-0.55,-0.005522924520031558,-0.22045079714128257,1136.78,1130.975,1122.565,0.12165524841435167,1527.5,-0.2573486088379705
2004-06-28,1133.3,1134.4,1142.6,1131.6,,-0.1,-0.0009696755994359485,-0.2212067069818544,1137.38,1131.575,1122.6833333333334,0.1212388223200289,1527.5,-0.2580687397708674
2004-06-29,1136.2,1133.3,1138.3,1131.8,,0.26,0.0025588987911409067,-0.2192138537658016,1137.74,1132.35,1122.75,0.12081071201064938,1527.5,-0.2561702127659574
2004-06-30,1140.8,1136.2,1144.2,1133.6,,0.4,0.004048582995951344,-0.21605277625068342,1137.0800000000002,1133.3300000000002,1122.7333333333333,0.12083528662993254,1527.5,-0.2531587561374796
2004-07-01,1128.9,1140.8,1140.8,1123.1,,-1.04,-0.01043127629733509,-0.2242303463441413,1134.72,1133.525,1122.3716666666667,0.12111546789479631,1527.5,-0.26094926350245495
2004-07-02,1125.4,1128.9,1129.2,1123.3,,-0.31,-0.0031003631854017444,-0.22663551401868776,1132.92,1133.965,1121.9916666666666,0.12065408098698616,1527.5,-0.26324058919803595
2004-07-06,1116.2,1125.4,1125.4,1113.2,,-0.82,-0.008174871156922059,-0.23295766904892423,1129.5,1133.65,1121.5866666666666,0.12065583986074388,1527.5,-0.26926350245499175
2004-07-07,1118.3,1116.2,1122.4,1114.9,,0.19,0.001881383264647818,-0.23151456844419638,1125.92,1132.545,1121.2366666666667,0.11923422433226682,1527.5,-0.2678887070376432
2004-07-08,1109.1,1118.3,1119.1,1108.7,,-0.82,-0.008226772780112745,-0.23783672347443285,1119.58,1130.8899999999999,1120.635,0.11951277769374669,1527.5,-0.27391162029459903
2004-07-09,1112.8,1109.1,1115.6,1109.1,,0.33,0.0033360382291949264,-0.2352941176470551,1116.3600000000001,1129.965,1120.3583333333333,0.11939795217368565,1527.5,-0.2714893617021277
2004-07-12,1114.3,1112.8,1116.1,1106.7,,0.13,0.0013479511143061895,-0.2342633315008209,1114.1399999999999,1128.855,1120.1266666666666,0.11858096679868009,1527.5,-0.27050736497545014
2004-07-13,1115.1,1114.3,1116.3,1113.0,,0.07,0.0007179395135958888,-0.23371357888949607,1113.9199999999998,1128.345,1119.8983333333333,0.11823608574749446,1527.5,-0.2699836333878888
2004-07-14,1111.5,1115.1,1119.6,1107.8,,-0.32,-0.0032284100080709477,-0.23618746564045812,1112.56,1127.3200000000002,1119.5133333333333,0.11817146426776542,1527.5,-0.27234042553191484
2004-07-15,1106.7,1111.5,1114.7,1106.6,,-0.43,-0.004318488529014841,-0.2394859813084076,1112.08,1125.975,1119.0283333333332,0.11820208851542936,1527.5,-0.2754828150572831
2004-07-16,1101.4,1106.7,1112.2,1101.1,,-0.48,-0.004789012379145197,-0.24312809235843513,1109.8,1124.445,1118.7483333333334,0.1181197506464314,1527.5,-0.2789525368248772
2004-07-19,1100.9,1101.4,1105.5,1096.5,,-0.05,-0.0004539676775013879,-0.2434716877405132,1107.1200000000001,1122.74,1118.3616666666667,0.11742136614700846,1527.5,-0.279279869067103
2004-07-20,1108.7,1100.9,1108.9,1099.1,,0.71,0.007085112180942765,-0.23811159978009544,1105.8400000000001,1121.66,1117.8416666666667,0.1170576227335093,1527.5,-0.27417348608837966
2004-07-21,1093.9,1108.7,1116.3,1093.9,,-1.33,-0.01334896725895185,-0.24828202308960612,1102.3200000000002,1119.6349999999998,1117.0633333333333,0.11690286113883255,1527.5,-0.2838625204582651
2004-07-22,1096.8,1093.9,1099.7,1084.2,,0.27,0.0026510649968003452,-0.24628916987355343,1100.34,1117.27,1116.4183333333333,0.11657166299282859,1527.5,-0.2819639934533552
2004-07-23,1086.2,1096.8,1096.8,1083.5,,-0.97,-0.009664478482859118,-0.2535733919736084,1097.3,1114.5449999999998,1115.5533333333335,0.11700882772412621,1527.5,-0.28890343698854337
2004-07-26,1084.1,1086.2,1089.8,1078.8,,-0.19,-0.0019333456085436351,-0.25501649257833636,1093.94,1112.0300000000002,1114.915,0.11679141517250968,1527.5,-0.290278232405892
2004-07-27,1094.8,1084.1,1096.7,1084.1,,0.99,0.009869938197583306,-0.2476635514018657,1091.1599999999999,1110.105,1114.5966666666668,0.11592891143205449,1527.5,-0.28327332242225867
2004-07-28,1095.4,1094.8,1098.8,1082.2,,0.05,0.0005480453050785705,-0.24725123694337203,1091.46,1108.065,1114.3983333333333,0.1158997458111096,1527.5,-0.28288052373158745
2004-07-29,1100.4,1095.4,1103.7,1095.4,,0.46,0.004564542632828239,-0.24381528312259138,1092.1799999999998,1106.0449999999998,1114.1133333333335,0.11572027924447832,1527.5,-0.2796072013093289
2004-07-30,1101.7,1100.4,1103.7,1097.0,,0.12,0.0011813885859686124,-0.24292193512918847,1095.2800000000002,1104.685,1113.8166666666666,0.11570012889292808,1527.5,-0.27875613747954175
2004-08-02,1106.6,1101.7,1108.6,1097.3,,0.44,0.004447671779976181,-0.23955470038482363,1099.78,1103.745,1113.5683333333334,0.11574457446434681,1527.5,-0.2755482815057284
2004-08-03,1099.7,1106.6,1106.6,1099.2,,-0.62,-0.006235315380444528,-0.24429631665750084,1100.7600000000002,1102.9199999999998,1113.3300000000002,0.1154359164916553,1527.5,-0.2800654664484451
2004-08-04,1098.6,1099.7,1102.5,1092.4,,-0.1,-0.001000272801673363,-0.24505222649807268,1101.4,1101.935,1113.3283333333334,0.11542280669944702,1527.5,-0.2807855973813421
2004-08-05,1080.7,1098.6,1098.8,1080.0,,-1.63,-0.01629346440924806,-0.25735294117646734,1097.46,1100.5149999999999,1113.2216666666668,0.11522425388058834,1527.5,-0.2925040916530278
2004-08-06,1064.0,1080.7,1080.7,1062.2,,-1.55,-0.015452947163875352,-0.2688290269378748,1089.9199999999998,1098.075,1112.6966666666667,0.11631303644054827,1527.5,-0.30343698854337153
2004-08-09,1065.2,1064.0,1069.5,1064.0,,0.11,0.0011278195488721998,-0.2680043980208874,1081.64,1095.62,1112.1616666666666,0.1161130031369796,1527.5,-0.30265139116202944
2004-08-10,1079.0,1065.2,1079.0,1065.2,,1.3,0.012955313556139547,-0.25852116547553283,1077.5,1093.815,1111.8716666666667,0.11674868736551947,1527.5,-0.2936170212765957
2004-08-11,1075.8,1079.0,1079.0,1065.9,,-0.3,-0.0029657089898054156,-0.2607201759208325,1072.94,1092.03,1111.5400000000002,0.11676711585089478,1527.5,-0.2957119476268413
2004-08-12,1063.2,1075.8,1075.8,1062.8,,-1.17,-0.011712214166201829,-0.26937877954919975,1069.44,1089.855,1111.1916666666666,0.1169928708950763,1527.5,-0.3039607201309329
2004-08-13,1064.8,1063.2,1067.6,1060.7,,0.15,0.0015048908954100604,-0.26827927432654997,1069.6,1088.025,1110.7466666666667,0.11680108017028408,1527.5,-0.3029132569558102
2004-08-16,1079.3,1064.8,1080.7,1064.8,,1.36,0.013617580766341009,-0.25831500824628606,1072.4199999999998,1086.9450000000002,1110.59,0.11738771339104254,1527.5,-0.2934206219312603
2004-08-17,1081.7,1079.3,1087.0,1079.3,,0.22,0.002223663485592553,-0.2566657504123113,1072.96,1085.5949999999998,1110.4650000000001,0.11740225082104525,1527.5,-0.2918494271685761
2004-08-18,1095.2,1081.7,1095.2,1078.9,,1.25,0.012480354996764254,-0.24738867509620366,1076.8400000000001,1085.66,1110.4916666666666,0.11770387289027329,1527.5,-0.2830114566284778
2004-08-19,1091.2,1095.2,1095.2,1086.3,,-0.37,-0.0036523009495982306,-0.2501374381528282,1082.44,1085.3799999999999,1110.4216666666666,0.11775006846944122,1527.5,-0.28563011456628473
2004-08-20,1098.3,1091.2,1100.3,1089.6,,0.65,0.006506598240469064,-0.24525838372731978,1089.14,1085.9850000000001,1110.1766666666667,0.11788379936125609,1527.5,-0.28098199672667756
2004-08-23,1095.7,1098.3,1101.4,1094.7,,-0.24,-0.0023672949103158425,-0.2470450797141257,1092.42,1086.565,1109.8566666666668,0.11788708393812053,1527.5,-0.282684124386252
2004-08-24,1096.2,1095.7,1100.9,1092.8,,0.05,0.00045632928721373034,-0.24670148433204753,1095.3200000000002,1086.635,1109.4383333333333,0.11741086601060058,1527.5,-0.2823567921440262
2004-08-25,1105.0,1096.2,1106.3,1093.2,,0.8,0.008027732165663215,-0.24065420560747353,1097.28,1087.115,1109.1766666666667,0.11765703044481178,1527.5,-0.276595744680851
2004-08-26,1105.1,1105.0,1106.8,1102.4,,0.01,9.049773755642754e-05,-0.24058548653105805,1100.06,1087.35,1108.9083333333333,0.11762924297847419,1527.5,-0.27653027823240595
2004-08-27,1107.8,1105.1,1109.7,1104.6,,0.24,0.002443217808343112,-0.23873007146783654,1101.96,1087.655,1108.6216666666667,0.11764583948645352,1527.5,-0.2747626841243863
2004-08-30,1099.2,1107.8,1107.8,1099.2,,-0.78,-0.007763134139736283,-0.24463991203957913,1102.6599999999999,1087.285,1108.3316666666665,0.11779758697623997,1527.5,-0.280392798690671
2004-08-31,1104.2,1099.2,1104.2,1094.7,,0.45,0.004548762736535705,-0.24120395821879848,1104.26,1087.51,1108.0266666666669,0.11777329085110808,1527.5,-0.2771194762684124
2004-09-01,1105.9,1104.2,1109.2,1099.1,,0.15,0.0015395761637384542,-0.2400357339197331,1104.44,1087.875,1107.4516666666666,0.1169970137354755,1527.5,-0.2760065466448445
2004-09-02,1118.3,1105.9,1119.1,1105.6,,1.12,0.011212587033185617,-0.23151456844419704,1107.0800000000002,1089.755,1107.0533333333333,0.11743836916663235,1527.5,-0.2678887070376432
2004-09-03,1113.6,1118.3,1120.8,1113.6,,-0.42,-0.0042028078333185,-0.23474436503573093,1108.2400000000002,1092.2350000000001,1106.7583333333334,0.11751996613411918,1527.5,-0.2709656301145663
2004-09-07,1121.3,1113.6,1124.1,1113.6,,0.69,0.006914511494252817,-0.22945299615172876,1112.6599999999999,1095.04,1106.505,0.11750583318759047,1527.5,-0.26592471358428804
2004-09-08,1116.3,1121.3,1123.0,1116.3,,-0.45,-0.004459109961651664,-0.23288894997250942,1115.08,1096.9050000000002,1106.355,0.1172099107616061,1527.5,-0.2691980360065467
2004-09-09,1118.4,1116.3,1121.3,1113.6,,0.19,0.0018812147272240232,-0.23144584936778145,1117.58,1099.035,1106.1283333333333,0.11690978733728112,1527.5,-0.26782324058919793
2004-09-10,1123.9,1118.4,1125.3,1114.4,,0.49,0.004917739628039985,-0.22766630016492273,1118.7,1102.0700000000002,1105.9666666666667,0.1163315287973234,1527.5,-0.2642225859247135
2004-09-13,1125.8,1123.9,1129.8,1123.3,,0.17,0.0016905418631549818,-0.22636063771302617,1121.1399999999999,1105.1200000000001,1105.8633333333335,0.11623031956975548,1527.5,-0.2629787234042553
2004-09-14,1128.3,1125.8,1129.5,1124.7,,0.22,0.002220643098241215,-0.22464266080263584,1122.5400000000002,1107.57,1105.7516666666668,0.11623117306930353,1527.5,-0.26134206219312606
2004-09-15,1120.4,1128.3,1128.3,1119.7,,-0.7,-0.007001683949304116,-0.2300714678394692,1123.3600000000001,1109.505,1105.5866666666666,0.11639471969433297,1527.5,-0.2665139116202946
2004-09-16,1123.5,1120.4,1126.1,1120.4,,0.28,0.0027668689753659326,-0.2279411764705852,1124.3799999999999,1110.92,1105.405,0.11558383056547648,1527.5,-0.2644844517184942
2004-09-17,1128.5,1123.5,1130.5,1123.5,,0.45,0.004450378282153888,-0.22450522264980466,1125.3,1112.785,1105.145,0.11559932560817068,1527.5,-0.2612111292962357
2004-09-20,1122.2,1128.5,1128.5,1120.3,,-0.56,-0.0055826318121399154,-0.22883452446398822,1124.58,1113.98,1104.8366666666666,0.11503030192534139,1527.5,-0.2653355155482815
2004-09-21,1129.3,1122.2,1131.5,1122.2,,0.63,0.006326857957583254,-0.2239554700384797,1124.7800000000002,1115.66,1104.7516666666668,0.11513207667854237,1527.5,-0.26068739770867433
2004-09-22,1113.6,1129.3,1129.3,1112.7,,-1.39,-0.0139024174267246,-0.23474436503573104,1123.42,1116.53,1104.4233333333332,0.11523759348285259,1527.5,-0.2709656301145663
2004-09-23,1108.4,1113.6,1113.6,1108.0,,-0.47,-0.004669540229884861,-0.23831775700934277,1120.4,1116.7,1103.96,0.11520452927252309,1527.5,-0.2743698854337152
2004-09-24,1110.1,1108.4,1113.8,1108.4,,0.15,0.0015337423312882237,-0.2371495327102774,1116.72,1116.95,1103.4483333333333,0.11355714343780864,1527.5,-0.2732569558101473
2004-09-27,1103.5,1110.1,1110.1,1103.2,,-0.59,-0.00594541032339424,-0.24168499175370783,1112.98,1116.7350000000001,1103.025,0.11355161257429655,1527.5,-0.27757774140752867
2004-09-28,1110.1,1103.5,1111.8,1101.3,,0.6,0.005980969642047862,-0.2371495327102775,1109.1399999999999,1117.2800000000002,1102.77,0.11348309288386471,1527.5,-0.2732569558101473
2004-09-29,1114.8,1110.1,1114.8,1107.4,,0.42,0.004233852806053484,-0.23391973611874373,1109.38,1117.81,1102.7466666666667,0.11316460535552898,1527.5,-0.2701800327332242
2004-09-30,1114.6,1114.8,1116.3,1109.6,,-0.02,-0.0001794043774668852,-0.23405717427157502,1110.62,1118.245,1102.6850000000002,0.11263015440603902,1527.5,-0.2703109656301146
2004-10-01,1131.5,1114.6,1131.6,1114.6,,1.52,0.015162390095101452,-0.22244365035733638,1114.9,1118.905,1103.0583333333334,0.1114635652361912,1527.5,-0.2592471358428805
2004-10-04,1135.2,1131.5,1140.2,1131.5,,0.33,0.003269995581087093,-0.21990104452995862,1121.2400000000002,1119.9850000000001,1103.4316666666666,0.11148909832893392,1527.5,-0.25682487725040914
2004-10-05,1134.5,1135.2,1137.9,1132.0,,-0.06,-0.0006166314305849907,-0.22038207806486798,1126.1200000000001,1120.645,1103.7683333333334,0.11113024217487738,1527.5,-0.2572831423895253
2004-10-06,1142.0,1134.5,1142.0,1132.9,,0.66,0.00661084178051996,-0.2152281473336971,1131.56,1121.9299999999998,1104.2166666666667,0.11123298867861646,1527.5,-0.25237315875613753
2004-10-07,1130.7,1142.0,1142.0,1130.5,,-0.99,-0.00989492119089308,-0.22299340296866133,1134.7800000000002,1122.545,1104.5366666666666,0.11162419552217741,1527.5,-0.25977086743044187
2004-10-08,1122.1,1130.7,1132.9,1120.2,,-0.76,-0.007605907844698057,-0.22890324354040414,1132.9,1122.455,1104.7933333333335,0.1117705179667584,1527.5,-0.2654009819967268
2004-10-11,1124.4,1122.1,1126.2,1122.1,,0.2,0.0020497281882185803,-0.227322704782845,1130.74,1122.385,1105.1766666666667,0.11169679178835111,1527.5,-0.2638952536824877
2004-10-12,1121.8,1124.4,1124.4,1115.8,,-0.23,-0.0023123443614373462,-0.22910940076965103,1128.2,1122.06,1105.525,0.11172455611978203,1527.5,-0.26559738134206223
2004-10-13,1113.7,1121.8,1127.0,1109.6,,-0.72,-0.007220538420395717,-0.23467564595931567,1122.5400000000002,1121.725,1105.6083333333333,0.1117813716880027,1527.5,-0.27090016366612113
2004-10-14,1103.3,1113.7,1115.0,1102.1,,-0.93,-0.00933824189638155,-0.24182242990653957,1117.06,1120.715,1105.7649999999999,0.11212990134662167,1527.5,-0.27770867430441903
2004-10-15,1108.2,1103.3,1113.2,1102.1,,0.44,0.0044412217891780514,-0.2384551951621744,1114.2800000000002,1119.7,1105.9550000000002,0.11217367209241787,1527.5,-0.2745008183306056
2004-10-18,1114.0,1108.2,1114.5,1103.3,,0.52,0.0052337123262948815,-0.2344694887300688,1112.2,1119.29,1106.4183333333335,0.11224700174596897,1527.5,-0.2707037643207856
2004-10-19,1103.2,1114.0,1118.0,1103.2,,-0.97,-0.009694793536804247,-0.24189114898295494,1108.48,1117.9850000000001,1106.7366666666667,0.11219290126331283,1527.5,-0.2777741407528641
2004-10-20,1103.7,1103.2,1104.1,1094.2,,0.05,0.00045322697606953177,-0.24154755360087699,1106.48,1117.49,1106.885,0.11208368202768708,1527.5,-0.2774468085106383
2004-10-21,1106.5,1103.7,1109.0,1098.5,,0.25,0.0025369212648365114,-0.23962341946123977,1107.1200000000001,1117.395,1107.07,0.11210272861287544,1527.5,-0.2756137479541735
2004-10-22,1095.7,1106.5,1108.3,1095.3,,-0.98,-0.009760506100316313,-0.24704507971412604,1104.6200000000001,1116.675,1106.9916666666666,0.11151988367508515,1527.5,-0.282684124386252
2004-10-25,1094.8,1095.7,1096.8,1090.2,,-0.08,-0.0008213927169846702,-0.24766355140186658,1100.78,1116.24,1106.8766666666668,0.1114835602656646,1527.5,-0.28327332242225867
2004-10-26,1111.1,1094.8,1111.1,1094.8,,1.49,0.014888564121300574,-0.2364623419461217,1102.3600000000001,1116.29,1106.9516666666668,0.11232591386063648,1527.5,-0.2726022913256957
2004-10-27,1125.4,1111.1,1126.3,1107.4,,1.29,0.01287012870128712,-0.22663551401868898,1106.7,1116.82,1107.38,0.11300996057878371,1527.5,-0.26324058919803595
2004-10-28,1127.4,1125.3,1130.7,1120.6,,0.18,0.001777145903678612,-0.22526113249037683,1110.88,1117.46,1107.8600000000001,0.11203121958768375,1527.5,-0.2619312602291325
2004-10-29,1130.2,1127.4,1131.4,1124.6,,0.25,0.0024835905623559196,-0.2233369983507396,1117.7800000000002,1117.395,1108.6850000000002,0.1120483669959036,1527.5,-0.2600981996726677
2004-11-01,1130.5,1130.2,1133.4,1127.5,,0.03,0.0002654397451777868,-0.22313084112149284,1124.92,1117.16,1109.7933333333335,0.11203867797686405,1527.5,-0.25990180032733223
2004-11-02,1130.5,1130.5,1140.5,1128.1,,0.0,0.0,-0.22313084112149284,1128.8,1116.96,1110.8816666666667,0.11199012613489281,1527.5,-0.25990180032733223
2004-11-03,1143.2,1130.5,1147.6,1130.5,,1.12,0.011233967271119027,-0.2144035184167099,1132.3600000000001,1117.02,1111.9516666666666,0.11226614367293813,1527.5,-0.25158756137479543
2004-11-04,1161.7,1143.2,1161.7,1142.3,,1.62,0.016182645206437973,-0.20169048927982158,1139.22,1118.5700000000002,1113.3833333333334,0.11322691639027196,1527.5,-0.23947626841243863
2004-11-05,1166.2,1161.7,1170.9,1160.4,,0.39,0.0038736334681932494,-0.19859813084111888,1146.42,1120.775,1115.1,0.11326600165398186,1527.5,-0.2365302782324059
2004-11-08,1164.9,1166.2,1166.9,1162.3,,-0.11,-0.0011147316069284319,-0.19949147883452178,1153.3,1122.8,1116.7683333333332,0.1131436170402752,1527.5,-0.23738134206219308
2004-11-09,1164.1,1164.9,1169.0,1162.5,,-0.07,-0.0006867542278308214,-0.20004123144584673,1160.02,1124.915,1118.1816666666668,0.11304016265439261,1527.5,-0.23790507364975455
2004-11-10,1162.9,1164.1,1169.3,1162.5,,-0.1,-0.0010308392749762696,-0.20086586036283405,1163.96,1127.375,1119.5349999999999,0.11287752364389377,1527.5,-0.23869067103109654
2004-11-11,1173.5,1162.9,1174.8,1162.9,,0.91,0.009115143176541274,-0.1935816382627792,1166.3200000000002,1130.885,1120.84,0.11320623903421084,1527.5,-0.23175122749590837
2004-11-12,1184.2,1173.5,1184.2,1171.4,,0.91,0.009118023008095388,-0.18622869708630863,1169.92,1134.685,1122.3899999999999,0.11300165879019165,1527.5,-0.22474631751227492
2004-11-15,1183.8,1184.2,1184.5,1179.8,,-0.03,-0.00033778078027368874,-0.1865035733919711,1173.7,1138.175,1123.8149999999998,0.11300262859337662,1527.5,-0.22500818330605565
2004-11-16,1175.4,1183.8,1183.8,1175.3,,-0.71,-0.007095793208312107,-0.19227597581088252,1175.96,1141.785,1125.1433333333334,0.1129637795096439,1527.5,-0.23050736497545
2004-11-17,1181.9,1175.4,1188.5,1175.4,,0.55,0.005530032329419843,-0.18780923584386755,1179.76,1145.6950000000002,1126.5716666666667,0.11286635501833123,1527.5,-0.22625204582651381
2004-11-18,1183.5,1181.9,1184.9,1180.1,,0.14,0.0013537524325237804,-0.18670973062121787,1181.76,1149.545,1127.88,0.11246320124882528,1527.5,-0.2252045826513912
2004-11-19,1170.3,1183.5,1184.0,1169.2,,-1.12,-0.011153358681875836,-0.19578064870807887,1178.98,1153.275,1128.9666666666667,0.11282625462661437,1527.5,-0.23384615384615393
2004-11-22,1177.2,1170.3,1178.2,1167.9,,0.59,0.005895924122020002,-0.19103903243540155,1177.66,1157.395,1130.1233333333332,0.11260579252162078,1527.5,-0.229328968903437
2004-11-23,1176.9,1177.2,1179.5,1171.4,,-0.03,-0.0002548419979612193,-0.19124518966464832,1177.96,1160.685,1131.4183333333333,0.11260404004483124,1527.5,-0.22952536824877245
2004-11-24,1181.8,1176.9,1182.5,1176.9,,0.42,0.004163480329679503,-0.18787795492028336,1177.94,1163.505,1132.7116666666666,0.1115574102953778,1527.5,-0.2263175122749591
2004-11-26,1182.7,1181.8,1186.6,1181.1,,0.08,0.0007615501776951916,-0.1872594832325427,1177.7800000000002,1166.27,1133.9916666666666,0.11155098471527196,1527.5,-0.22572831423895245
2004-11-29,1178.6,1182.7,1186.9,1172.4,,-0.35,-0.003466644119387907,-0.19007696536558294,1179.44,1168.69,1134.9966666666667,0.11155222953249883,1527.5,-0.22841243862520466
2004-11-30,1173.8,1178.6,1178.7,1173.8,,-0.41,-0.0040726285423383635,-0.19337548103353241,1178.76,1170.855,1136.0,0.11164160169794857,1527.5,-0.23155482815057282
2004-12-01,1191.4,1173.8,1191.4,1173.8,,1.5,0.014994036462770532,-0.1812809235843844,1181.6599999999999,1173.9,1137.1683333333333,0.11206810419610137,1527.5,-0.22003273322422257
2004-12-02,1190.3,1191.4,1194.8,1186.7,,-0.09,-0.0009232835319793464,-0.18203683342495625,1183.3600000000001,1176.2549999999999,1138.4016666666669,0.11201440870902013,1527.5,-0.22075286415711948
2004-12-03,1191.2,1190.3,1197.5,1187.7,,0.08,0.0007561119045620401,-0.1814183617372156,1185.06,1177.73,1139.615,0.11199216387124285,1527.5,-0.22016366612111293
2004-12-06,1190.2,1191.2,1192.4,1185.2,,-0.08,-0.00083948959032909,-0.18210555250137173,1187.38,1178.93,1140.72,0.11191924357824137,1527.5,-0.22081833060556466
2004-12-07,1177.1,1190.2,1192.2,1177.1,,-1.1,-0.011006553520416906,-0.19110775151181725,1188.04,1179.54,1141.575,0.11221190041669246,1527.5,-0.2293944353518822
2004-12-08,1182.8,1177.1,1184.0,1176.8,,0.48,0.004842409311018647,-0.18719076415612723,1186.32,1180.475,1142.4833333333333,0.11208482429008108,1527.5,-0.22566284779050738
2004-12-09,1189.2,1182.8,1190.5,1173.8,,0.54,0.005410889414947606,-0.18279274326552797,1186.1,1181.79,1143.63,0.11183483774669895,1527.5,-0.2214729950900164
2004-12-10,1188.0,1189.2,1191.5,1185.2,,-0.1,-0.0010090817356206427,-0.1836173721825154,1185.4599999999998,1182.5149999999999,1144.7050000000002,0.111833127948955,1527.5,-0.22225859247135837
2004-12-13,1198.7,1188.0,1198.8,1188.0,,0.9,0.00900673400673413,-0.17626443100604472,1187.1599999999999,1183.24,1145.875,0.11161204744214459,1527.5,-0.21525368248772503
2004-12-14,1203.4,1198.7,1205.3,1197.8,,0.39,0.003920914323850777,-0.17303463441451095,1192.42,1184.22,1147.2283333333335,0.11164305587549384,1527.5,-0.21217675941080194
2004-12-15,1205.7,1203.4,1206.6,1199.4,,0.19,0.0019112514542130032,-0.1714540956569519,1197.0,1185.735,1148.5016666666668,0.11148083476305362,1527.5,-0.21067103109656293
2004-12-16,1203.2,1205.7,1208.0,1198.4,,-0.21,-0.0020734842829891464,-0.17317207256734224,1199.8,1186.8,1149.995,0.11133947450244795,1527.5,-0.2123076923076923
2004-12-17,1194.2,1203.2,1203.2,1193.4,,-0.75,-0.007480053191489366,-0.17935678944474742,1201.0400000000002,1187.335,1151.425,0.11161968565949827,1527.5,-0.21819967266775775
2004-12-20,1194.7,1194.2,1203.6,1193.4,,0.04,0.0004186903366270034,-0.17901319406266936,1200.24,1188.555,1152.8349999999998,0.11103536107906675,1527.5,-0.21787234042553183
2004-12-21,1205.5,1194.7,1205.9,1194.7,,0.9,0.009039926341340987,-0.1715915338097831,1200.66,1189.97,1154.5349999999999,0.11136813986818493,1527.5,-0.2108019639934533
2004-12-22,1209.6,1205.5,1211.4,1203.8,,0.34,0.0034010783907092446,-0.16877405167674298,1201.44,1191.605,1156.1933333333334,0.11135495766672732,1527.5,-0.20811783960720132
2004-12-23,1210.1,1209.6,1213.7,1208.7,,0.04,0.0004133597883597684,-0.1684304562946649,1202.82,1193.02,1157.7816666666668,0.11132868242892713,1527.5,-0.2077905073649755
2004-12-27,1204.9,1210.1,1214.2,1204.9,,-0.43,-0.004297165523510338,-0.17200384826827675,1204.9599999999998,1194.1299999999999,1159.2866666666666,0.11140610461520332,1527.5,-0.2111947626841243
2004-12-28,1213.5,1204.9,1213.5,1204.9,,0.71,0.007137521786040324,-0.16609400769653404,1208.72,1195.875,1160.6533333333332,0.11160152694118049,1527.5,-0.2055646481178396
2004-12-29,1213.5,1213.5,1214.0,1211.0,,0.0,0.0,-0.16609400769653404,1210.3200000000002,1197.8600000000001,1161.9583333333333,0.11095207608117089,1527.5,-0.2055646481178396
2004-12-30,1213.5,1213.5,1216.5,1213.4,,0.0,0.0,-0.16609400769653404,1211.1,1198.965,1163.275,0.11095234905631446,1527.5,-0.2055646481178396
2004-12-31,1211.9,1213.5,1217.3,1211.7,,-0.13,-0.0013185002060155382,-0.16719351291918372,1211.46,1200.045,1164.4399999999998,0.11095221713927797,1527.5,-0.2066121112929623
2005-01-03,1202.1,1211.9,1217.9,1200.3,,-0.81,-0.008086475781830305,-0.17392798240791396,1210.9,1200.59,1165.63,0.11122164695261573,1527.5,-0.21302782324058922
2005-01-04,1188.0,1202.1,1205.8,1185.4,,-1.17,-0.011729473421512315,-0.1836173721825154,1205.8,1200.48,1166.7283333333332,0.11121808017581966,1527.5,-0.22225859247135837
2005-01-05,1183.7,1188.0,1192.8,1183.7,,-0.36,-0.0036195286195286336,-0.1865722924683868,1199.84,1200.81,1167.7166666666667,0.11127990255621874,1527.5,-0.22507364975450084
2005-01-06,1187.9,1183.7,1191.6,1183.2,,0.35,0.003548196333530429,-0.1836860912589311,1194.72,1201.065,1168.8183333333334,0.11130994203546277,1527.5,-0.22232405891980356
2005-01-07,1186.2,1187.9,1192.2,1182.1,,-0.14,-0.00143109689367793,-0.18485431555799647,1189.58,1200.9150000000002,1170.0266666666669,0.11122053963511117,1527.5,-0.22343698854337146
2005-01-10,1190.2,1186.2,1194.8,1184.8,,0.34,0.003372112628561741,-0.18210555250137195,1187.2,1201.025,1171.475,0.11089324134004158,1527.5,-0.22081833060556466
2005-01-11,1183.0,1190.2,1190.2,1180.4,,-0.6,-0.006049403461603098,-0.18705332600329605,1186.2,1200.24,1172.7216666666668,0.11098100279762121,1527.5,-0.225531914893617
2005-01-12,1187.7,1183.0,1188.0,1175.6,,0.4,0.003972950126796215,-0.18382352941176228,1187.0,1199.455,1173.95,0.1109044899633086,1527.5,-0.22245499181669393
2005-01-13,1177.5,1187.7,1187.7,1175.6,,-0.86,-0.00858802727961605,-0.19083287520615477,1184.92,1198.045,1175.1883333333333,0.11096043745246002,1527.5,-0.22913256955810146
2005-01-14,1184.5,1177.5,1185.2,1177.5,,0.59,0.005944798301486198,-0.18602253985706185,1184.58,1197.1100000000001,1176.5349999999999,0.11110410871765483,1527.5,-0.22454991816693948
2005-01-18,1196.0,1184.5,1196.0,1180.1,,0.97,0.009708737864077666,-0.17811984606926634,1185.74,1197.2,1178.0266666666664,0.11130993955734454,1527.5,-0.21702127659574466
2005-01-19,1184.6,1196.0,1196.0,1184.4,,-0.95,-0.009531772575250952,-0.18595382078064637,1186.06,1196.6950000000002,1179.5083333333334,0.11173089547395651,1527.5,-0.2244844517184943
2005-01-20,1175.4,1184.6,1184.6,1173.4,,-0.78,-0.007766334627722249,-0.19227597581088263,1183.6,1195.19,1180.8516666666665,0.11175454218932568,1527.5,-0.23050736497545
2005-01-21,1167.9,1175.4,1179.5,1167.8,,-0.64,-0.006380806533945904,-0.1974299065420536,1181.6799999999998,1193.105,1181.7983333333334,0.11189386529353032,1527.5,-0.2354173486088379
2005-01-24,1163.8,1167.9,1173.2,1163.8,,-0.35,-0.0035105745354911955,-0.20024738867509384,1177.54,1190.79,1182.438333333333,0.11193072307336818,1527.5,-0.23810147299509
2005-01-25,1168.4,1163.8,1174.3,1163.8,,0.4,0.0039525691699606735,-0.19708631115997544,1172.02,1188.9650000000001,1183.1216666666667,0.11134051422862189,1527.5,-0.2350900163666121
2005-01-26,1174.1,1168.4,1176.0,1168.4,,0.49,0.0048784662786716115,-0.19316932380428553,1169.9199999999998,1186.9950000000001,1183.8533333333332,0.11099530681370981,1527.5,-0.23135842880523738
2005-01-27,1174.5,1174.1,1177.5,1170.2,,0.03,0.0003406864832637968,-0.19289444749862306,1169.74,1185.045,1184.5866666666666,0.11014284785132851,1527.5,-0.23109656301145665
2005-01-28,1171.4,1174.5,1175.6,1166.3,,-0.26,-0.0026394210302255194,-0.19502473886750693,1170.44,1182.94,1185.2683333333334,0.11007394933256723,1527.5,-0.2331260229132569
2005-01-31,1181.3,1171.4,1182.1,1171.4,,0.85,0.008451425644527832,-0.18822155030236132,1173.94,1181.41,1185.9033333333334,0.11034978252277854,1527.5,-0.22664484451718492
2005-02-01,1189.4,1181.3,1190.4,1181.0,,0.69,0.006856852619995024,-0.18265530511269656,1178.1399999999999,1180.775,1186.365,0.11049505110916887,1527.5,-0.2213420621931259
2005-02-02,1193.2,1189.4,1195.2,1188.9,,0.32,0.0031948881789136685,-0.18004398020890333,1181.96,1181.035,1186.8149999999998,0.11053467659128151,1527.5,-0.21885433715220948
2005-02-03,1189.9,1193.2,1193.2,1185.6,,-0.28,-0.002765672142138742,-0.1823117097306185,1185.0400000000002,1181.345,1187.2316666666668,0.11023971095341192,1527.5,-0.2210147299509001
2005-02-04,1203.0,1189.9,1203.5,1189.7,,1.1,0.011009328515001249,-0.1733095107201732,1191.3600000000001,1182.1,1187.88,0.1107530064895721,1527.5,-0.21243862520458268
2005-02-07,1201.7,1203.0,1204.2,1199.3,,-0.11,-0.0010806317539484578,-0.17420285871357621,1195.44,1182.8750000000002,1188.5266666666669,0.1100696904111495,1527.5,-0.21328968903436984
2005-02-08,1202.3,1201.7,1205.1,1200.2,,0.05,0.0004992926687192867,-0.17379054425508256,1198.02,1183.48,1189.006666666667,0.11003284897362735,1527.5,-0.21289689034369885
2005-02-09,1192.0,1202.3,1203.8,1191.5,,-0.86,-0.008566913415952726,-0.18086860912589064,1197.7800000000002,1183.93,1189.1366666666668,0.11027916532721575,1527.5,-0.21963993453355157
2005-02-10,1197.0,1192.0,1198.8,1191.5,,0.42,0.004194630872483174,-0.17743265530511,1199.2,1184.395,1189.3566666666668,0.1098436270633754,1527.5,-0.21636661211129293
2005-02-11,1205.3,1197.0,1208.4,1193.3,,0.69,0.006934001670843681,-0.17172897196261416,1199.6599999999999,1185.785,1189.8549999999998,0.10993310041819096,1527.5,-0.21093289689034378
2005-02-14,1206.1,1205.3,1206.9,1203.6,,0.07,0.0006637351696672233,-0.17117921935128932,1200.54,1186.865,1190.2583333333334,0.10978641940668409,1527.5,-0.21040916530278242
2005-02-15,1210.1,1206.1,1212.4,1205.5,,0.33,0.003316474587513385,-0.1684304562946649,1202.1,1187.5700000000002,1190.7016666666668,0.10941186035441004,1527.5,-0.2077905073649755
2005-02-16,1210.3,1210.1,1212.4,1205.1,,0.02,0.0001652755970580344,-0.16829301814183373,1205.7599999999998,1188.855,1191.368333333333,0.1093102398963528,1527.5,-0.20765957446808514
2005-02-17,1200.8,1210.3,1211.3,1200.7,,-0.78,-0.00784929356357933,-0.17482133040131698,1206.52,1190.125,1191.7616666666665,0.10952386988494818,1527.5,-0.2138788870703765
2005-02-18,1201.6,1200.8,1202.9,1197.3,,0.07,0.0006662225183211579,-0.17427157778999203,1205.78,1191.81,1192.1733333333334,0.10948817821862165,1527.5,-0.21335515548281514
2005-02-22,1184.2,1201.6,1202.5,1184.2,,-1.45,-0.014480692410119733,-0.18622869708630863,1201.4,1192.83,1192.2133333333334,0.1104328931587674,1527.5,-0.22474631751227492
2005-02-23,1190.8,1184.2,1193.5,1184.2,,0.56,0.005573382874514365,-0.18169323804287818,1197.5399999999997,1193.95,1192.3483333333336,0.11054919029460727,1527.5,-0.22042553191489367
2005-02-24,1200.2,1190.8,1200.4,1187.8,,0.79,0.007893852872018936,-0.1752336448598104,1195.52,1195.2549999999999,1192.7083333333333,0.11075062960354623,1527.5,-0.21427168576104738
2005-02-25,1211.4,1200.2,1212.2,1199.6,,0.93,0.00933177803699392,-0.16753710830126167,1197.6399999999999,1197.1,1193.3349999999998,0.1111223041469298,1527.5,-0.20693944353518812
2005-02-28,1203.6,1211.4,1211.4,1198.1,,-0.64,-0.006438831104507381,-0.17289719626167965,1198.0400000000002,1198.7099999999998,1193.5383333333334,0.11132312273613704,1527.5,-0.21204582651391168
2005-03-01,1210.4,1203.6,1212.2,1203.6,,0.56,0.005649717514124353,-0.16822429906541791,1203.28,1200.165,1193.8733333333332,0.11105070478693597,1527.5,-0.20759410801963984
2005-03-02,1210.1,1210.4,1215.8,1204.2,,-0.02,-0.0002478519497688403,-0.1684304562946649,1207.14,1201.2,1194.1883333333333,0.11087851262074387,1527.5,-0.2077905073649755
2005-03-03,1210.5,1210.1,1215.7,1204.5,,0.03,0.00033055119411629086,-0.16815557998900232,1209.2,1202.065,1194.5266666666669,0.11086934785261508,1527.5,-0.20752864157119477
2005-03-04,1222.1,1210.5,1224.8,1210.5,,0.96,0.009582817017761203,-0.16018416712479122,1211.34,1203.675,1195.2766666666669,0.11121932678532044,1527.5,-0.19993453355155488
2005-03-07,1225.3,1222.1,1229.1,1222.1,,0.26,0.0026184436625480423,-0.15798515667949165,1215.6799999999998,1204.79,1195.985,0.11123472925605205,1527.5,-0.19783960720130933
2005-03-08,1219.4,1225.3,1225.7,1218.6,,-0.48,-0.004815147310862522,-0.16203958218801273,1217.48,1205.675,1196.4883333333335,0.11101352863641323,1527.5,-0.2017021276595744
2005-03-09,1207.0,1219.4,1219.4,1206.7,,-1.02,-0.01016893554206999,-0.1705607476635489,1216.86,1205.9099999999999,1196.805,0.11134127026166953,1527.5,-0.20981996726677576
2005-03-10,1209.2,1207.0,1211.2,1201.4,,0.18,0.0018227009113505055,-0.16904892798240534,1216.6,1206.77,1196.98,0.11034343952029843,1527.5,-0.20837970540098194
2005-03-11,1200.1,1209.2,1213.0,1198.2,,-0.75,-0.007525636784651124,-0.17530236393622622,1212.2,1206.925,1196.925,0.10952182809087103,1527.5,-0.21433715220949268
2005-03-14,1206.8,1200.1,1206.8,1199.5,,0.56,0.0055828680943255105,-0.17069818581638008,1208.5,1207.0,1196.9433333333332,0.10897166397651081,1527.5,-0.20995090016366613
2005-03-15,1197.8,1206.8,1210.5,1197.8,,-0.75,-0.007457739476300906,-0.17688290269378526,1204.18,1206.585,1196.8533333333332,0.10825352019936671,1527.5,-0.21584288052373157
2005-03-16,1188.1,1197.8,1197.8,1185.6,,-0.81,-0.008098179996660626,-0.1835486531060998,1200.3999999999999,1205.485,1196.7516666666668,0.10845174358082596,1527.5,-0.2221931260229133
2005-03-17,1190.2,1188.1,1193.3,1186.3,,0.18,0.0017675279858599957,-0.18210555250137173,1196.6,1204.48,1196.6766666666667,0.10784575278386171,1527.5,-0.22081833060556466
2005-03-18,1189.7,1190.2,1192.0,1182.8,,-0.04,-0.00042009746261129077,-0.1824491478834498,1194.52,1203.925,1196.4133333333334,0.10783612995375959,1527.5,-0.22114566284779047
2005-03-21,1183.8,1189.7,1189.7,1178.8,,-0.5,-0.004959233420190001,-0.186503573391971,1189.92,1203.035,1195.9833333333333,0.1073567338915649,1527.5,-0.22500818330605565
2005-03-22,1171.7,1183.8,1189.6,1171.6,,-1.02,-0.010221321169116337,-0.19481858163826016,1184.7,1202.41,1195.3433333333332,0.10705025760705204,1527.5,-0.23292962356792146
2005-03-23,1172.5,1171.7,1176.3,1168.7,,0.07,0.0006827686267816269,-0.1942688290269352,1181.5800000000002,1201.4950000000001,1194.8033333333333,0.10703938060863476,1527.5,-0.2324058919803601
2005-03-24,1171.4,1172.5,1180.1,1171.4,,-0.09,-0.0009381663113006145,-0.19502473886750693,1177.8200000000002,1200.055,1194.1016666666667,0.10701062378029642,1527.5,-0.2331260229132569
2005-03-28,1174.3,1171.4,1179.9,1171.4,,0.25,0.002475670138295971,-0.19303188565145424,1174.74,1198.2,1193.4483333333333,0.10580659634107431,1527.5,-0.231227495908347
2005-03-29,1165.4,1174.3,1179.4,1163.7,,-0.76,-0.0075789832240482635,-0.19914788345244372,1171.06,1196.2900000000002,1192.6466666666668,0.10608879306861727,1527.5,-0.23705400981996716
2005-03-30,1181.4,1165.4,1181.5,1165.4,,1.37,0.013729191693839127,-0.1881528312259455,1173.0,1194.84,1192.1383333333333,0.10618001400370236,1527.5,-0.22657937806873973
2005-03-31,1180.6,1181.4,1184.5,1179.5,,-0.07,-0.0006771626883360637,-0.18870258383727057,1174.6200000000001,1193.3650000000002,1191.78,0.10611574988698189,1527.5,-0.2271031096563012
2005-04-01,1172.9,1180.6,1189.8,1169.9,,-0.65,-0.006522107403015287,-0.19399395272127262,1174.92,1191.4850000000001,1191.5283333333332,0.10632511971216763,1527.5,-0.23214402618657937
2005-04-04,1176.1,1172.8,1178.6,1167.7,,0.27,0.002728280330803745,-0.19179494227597316,1175.28,1189.185,1191.4016666666669,0.10623059177829498,1527.5,-0.23004909983633393
2005-04-05,1181.4,1176.1,1183.6,1176.1,,0.45,0.004506419522149585,-0.18815283122594562,1178.48,1186.99,1191.2933333333333,0.105992762356534,1527.5,-0.22657937806873973
2005-04-06,1184.1,1181.4,1189.3,1181.4,,0.23,0.0022854240731333686,-0.18629741616272422,1179.02,1185.225,1191.2583333333334,0.10574341966141235,1527.5,-0.2248117839607202
2005-04-07,1191.1,1184.1,1191.9,1183.8,,0.59,0.005911662866312062,-0.18148708081363119,1181.12,1184.43,1191.2733333333333,0.10587705538289578,1527.5,-0.22022913256955812
2005-04-08,1181.2,1191.1,1191.8,1181.1,,-0.83,-0.008311644698178022,-0.1882902693787768,1182.78,1183.0300000000002,1191.2433333333333,0.10599381296401339,1527.5,-0.2267103109656301
2005-04-11,1181.2,1181.2,1184.1,1178.7,,0.0,0.0,-0.1882902693787768,1183.8,1182.0849999999998,1191.135,0.10598694066433878,1527.5,-0.2267103109656301
2005-04-12,1187.8,1181.2,1190.2,1170.8,,0.56,0.005587538096850642,-0.18375481033534635,1185.08,1181.135,1191.3066666666668,0.10600714615606807,1527.5,-0.22238952536824885
2005-04-13,1173.8,1187.8,1187.8,1171.4,,-1.18,-0.011786496043104888,-0.1933754810335322,1183.02,1179.935,1191.1283333333333,0.10576006528439193,1527.5,-0.23155482815057282
2005-04-14,1162.0,1173.8,1174.7,1161.7,,-1.01,-0.01005281990117568,-0.2014843320505746,1177.2,1178.63,1190.5616666666667,0.10624669118986262,1527.5,-0.23927986906710308
2005-04-15,1142.6,1162.0,1162.0,1141.9,,-1.67,-0.016695352839931177,-0.21481583287520356,1169.48,1176.25,1189.8616666666667,0.10757119748449197,1527.5,-0.25198036006546654
2005-04-18,1146.0,1142.6,1148.9,1139.8,,0.3,0.0029756695256433208,-0.2124793842770727,1162.4399999999998,1174.065,1189.3716666666667,0.10749063323609878,1527.5,-0.24975450081833062
2005-04-19,1152.8,1146.0,1154.7,1146.0,,0.59,0.005933682373472804,-0.20780648708081106,1155.44,1172.5149999999999,1189.12,0.10764643609359192,1527.5,-0.245302782324059
2005-04-20,1137.5,1152.8,1155.5,1136.2,,-1.33,-0.013272033310201214,-0.2183205057723998,1148.1799999999998,1170.8049999999998,1188.6816666666668,0.10734591606939173,1527.5,-0.25531914893617025
2005-04-21,1160.0,1137.5,1160.0,1137.5,,1.98,0.01978021978021971,-0.20285871357888685,1147.78,1170.1799999999998,1188.5416666666667,0.10901619889973146,1527.5,-0.24058919803600654
2005-04-22,1152.1,1160.0,1160.0,1143.0,,-0.68,-0.0068103448275862455,-0.2082875206157203,1149.6799999999998,1169.215,1188.175,0.10833847116774593,1527.5,-0.24576104746317518
2005-04-25,1162.1,1152.1,1164.0,1152.1,,0.87,0.008679802100512113,-0.201415612974159,1152.8999999999999,1168.605,1187.9683333333335,0.10867918728078675,1527.5,-0.239214402618658
2005-04-26,1151.7,1162.1,1164.8,1151.7,,-0.89,-0.008949315893640675,-0.20856239692138268,1152.6799999999998,1167.9199999999998,1187.6399999999999,0.1089600797998678,1527.5,-0.2460229132569558
2005-04-27,1156.4,1151.7,1159.9,1144.4,,0.41,0.004080923851697449,-0.2053326003298489,1156.46,1166.67,1187.225,0.10901126600042925,1527.5,-0.2429459901800327
2005-04-28,1143.2,1156.4,1156.4,1143.2,,-1.14,-0.01141473538567972,-0.2144035184167099,1153.1,1164.8,1186.4550000000002,0.10873258950458004,1527.5,-0.25158756137479543
2005-04-29,1156.8,1143.2,1157.0,1139.2,,1.19,0.011896431070678615,-0.20505772402418665,1154.04,1163.9950000000001,1185.8483333333336,0.1090963466393895,1527.5,-0.2426841243862521
2005-05-02,1162.2,1156.8,1162.9,1154.7,,0.47,0.004668049792531104,-0.20134689389774352,1154.06,1163.3,1185.3866666666665,0.10901608101540833,1527.5,-0.2391489361702127
2005-05-03,1161.2,1162.2,1166.9,1156.7,,-0.09,-0.0008604371020478618,-0.20203408466189965,1155.9600000000003,1162.29,1184.6899999999998,0.1086462721587385,1527.5,-0.23980360065466444
2005-05-04,1175.7,1161.2,1176.0,1161.2,,1.25,0.01248708232862561,-0.19206981858163574,1159.8200000000002,1161.87,1184.2566666666667,0.10933031647453291,1527.5,-0.23031096563011455
2005-05-05,1172.6,1175.7,1178.6,1166.8,,-0.26,-0.002636727056221977,-0.19420010995051984,1165.7,1160.945,1183.7616666666665,0.10935607967544,1527.5,-0.23234042553191492
2005-05-06,1171.3,1172.6,1177.8,1170.5,,-0.11,-0.0011086474501108556,-0.19509345794392285,1168.6,1160.45,1183.4166666666667,0.10914538988688628,1527.5,-0.2331914893617022
2005-05-09,1178.8,1171.3,1178.9,1169.4,,0.64,0.0064031418082473035,-0.18993952721275187,1171.92,1160.3300000000002,1183.1133333333332,0.10841531734110389,1527.5,-0.2282815057283143
2005-05-10,1166.2,1178.8,1178.8,1163.0,,-1.07,-0.010688836104512989,-0.1985981308411191,1172.9199999999998,1159.25,1182.4616666666668,0.1084285610358666,1527.5,-0.2365302782324059
2005-05-11,1171.1,1166.2,1171.8,1157.7,,0.42,0.004201680672268893,-0.19523089609675404,1172.0,1159.115,1181.8783333333333,0.10824334335495615,1527.5,-0.23332242225859257
2005-05-12,1159.4,1171.1,1173.4,1157.8,,-1.0,-0.009990607121509565,-0.20327102803738073,1169.3600000000001,1158.9850000000001,1181.0333333333333,0.1087212456642238,1527.5,-0.24098199672667753
2005-05-13,1154.0,1159.4,1163.8,1146.2,,-0.47,-0.004657581507676478,-0.20698185816382386,1165.9,1159.555,1180.0950000000003,0.10882655052020773,1527.5,-0.2445171849427169
2005-05-16,1165.7,1154.0,1165.8,1153.6,,1.01,0.010138648180242571,-0.19894172622319717,1163.28,1160.54,1179.51,0.10927325410037132,1527.5,-0.23685761047463172
2005-05-17,1173.8,1165.7,1174.3,1159.9,,0.69,0.0069486145663548715,-0.19337548103353264,1164.8,1161.5900000000001,1179.0466666666666,0.10893062984491035,1527.5,-0.23155482815057282
2005-05-18,1185.6,1173.8,1187.9,1173.8,,1.01,0.01005281990117557,-0.18526663001649035,1167.7,1163.9950000000001,1179.07,0.10917109100763306,1527.5,-0.22382978723404257
2005-05-19,1191.1,1185.6,1191.1,1184.5,,0.46,0.0046390013495276605,-0.18148708081363163,1174.04,1165.55,1179.075,0.10921552524463284,1527.5,-0.22022913256955812
2005-05-20,1189.3,1191.1,1191.2,1185.2,,-0.15,-0.001511208126941499,-0.1827240241891127,1181.1,1167.41,1178.8933333333334,0.10923187027853994,1527.5,-0.2214075286415712
2005-05-23,1193.9,1189.3,1197.4,1188.8,,0.39,0.003867821407550709,-0.17956294667399442,1186.74,1169.0,1178.6016666666667,0.10922621328163604,1527.5,-0.2183960720130932
2005-05-24,1194.1,1193.9,1195.3,1189.9,,0.02,0.0001675182176059664,-0.17942550852116335,1190.8,1171.1200000000001,1178.4433333333334,0.10921890451922912,1527.5,-0.21826513911620304
2005-05-25,1190.0,1194.1,1194.1,1186.0,,-0.34,-0.003433548279038523,-0.18224299065420346,1191.6799999999998,1172.8,1178.1033333333335,0.10813989976046098,1527.5,-0.22094926350245503
2005-05-26,1197.6,1190.0,1199.0,1190.0,,0.64,0.006386554621848672,-0.17702034084661689,1192.98,1175.52,1177.895,0.10830264877965638,1527.5,-0.21597381342062194
2005-05-27,1198.8,1197.6,1199.6,1195.3,,0.1,0.0010020040080160886,-0.17619571192962946,1194.8799999999999,1177.62,1177.7,0.10816756034563085,1527.5,-0.21518821603927984
2005-05-31,1191.5,1198.8,1198.8,1191.5,,-0.61,-0.006089422756089369,-0.18121220450796915,1194.4,1179.085,1177.1899999999998,0.1083524602910286,1527.5,-0.21996726677577738
2005-06-01,1202.3,1191.5,1205.6,1191.0,,0.91,0.00906420478388581,-0.173790544255083,1196.04,1181.1399999999999,1176.8066666666668,0.10870896174992338,1527.5,-0.21289689034369885
2005-06-02,1204.3,1202.3,1204.7,1198.4,,0.17,0.001663478333194801,-0.17241616272677063,1198.9,1182.5700000000002,1176.555,0.10867342570128888,1527.5,-0.2115875613747954
2005-06-03,1196.0,1204.3,1205.1,1194.5,,-0.69,-0.006891970439259265,-0.17811984606926645,1198.58,1183.7400000000002,1176.3716666666667,0.10863373562149123,1527.5,-0.21702127659574466
2005-06-06,1197.5,1196.0,1198.8,1192.8,,0.13,0.0012541806020067714,-0.17708905992303214,1198.3200000000002,1185.05,1176.1766666666667,0.10852265654135247,1527.5,-0.21603927986906712
2005-06-07,1197.3,1197.5,1208.8,1197.3,,-0.02,-0.00016701461377877092,-0.17722649807586344,1199.48,1185.975,1176.1299999999999,0.10737743441041143,1527.5,-0.2161702127659575
2005-06-08,1194.7,1197.3,1202.0,1193.3,,-0.22,-0.0021715526601518986,-0.17901319406266925,1197.9599999999998,1187.4,1175.9283333333335,0.10739514498316073,1527.5,-0.21787234042553183
2005-06-09,1200.9,1194.7,1201.9,1191.1,,0.52,0.005189587344103241,-0.17475261132490116,1197.2800000000002,1188.8899999999999,1175.98,0.1070631115770082,1527.5,-0.2138134206219312
2005-06-10,1198.1,1200.9,1202.8,1192.6,,-0.23,-0.002331584644849838,-0.1766767454645385,1197.7,1190.825,1176.1466666666668,0.10700549606900792,1527.5,-0.21564648117839613
2005-06-13,1200.8,1198.1,1206.0,1194.5,,0.23,0.0022535681495701176,-0.17482133040131698,1198.36,1193.165,1176.3233333333333,0.1065436208908454,1527.5,-0.2138788870703765
2005-06-14,1203.9,1200.8,1207.5,1200.2,,0.26,0.0025816122584945145,-0.17269103903243277,1199.68,1195.075,1176.5600000000002,0.10641661185332958,1527.5,-0.21184942716857602
2005-06-15,1206.6,1203.9,1208.1,1198.7,,0.22,0.0022427111886367257,-0.17083562396921137,1202.06,1196.715,1176.9399999999998,0.10642881359007485,1527.5,-0.2100818330605565
2005-06-16,1211.0,1206.5,1212.1,1205.5,,0.36,0.0036466103099619396,-0.16781198460692437,1204.08,1197.9850000000001,1177.595,0.1064687662148604,1527.5,-0.20720130932896885
2005-06-17,1217.0,1210.9,1219.5,1210.9,,0.5,0.004954582989264988,-0.1636888400219877,1207.86,1199.2800000000002,1178.3366666666666,0.10654496125047928,1527.5,-0.2032733224222586
2005-06-20,1216.1,1217.0,1219.1,1210.7,,-0.07,-0.0007395234182416832,-0.16430731170972834,1210.92,1200.62,1179.0816666666665,0.10645690062483797,1527.5,-0.20386252045826525
2005-06-21,1213.6,1216.1,1217.1,1211.9,,-0.21,-0.00205575199407948,-0.16602528862011867,1212.86,1201.605,1179.736666666667,0.10643094078282009,1527.5,-0.20549918166939452
2005-06-22,1213.9,1213.6,1219.6,1211.7,,0.02,0.0002471984179301945,-0.1658191313908718,1214.3200000000002,1202.5949999999998,1180.5449999999998,0.10610732232060353,1527.5,-0.20530278232405885
2005-06-23,1200.7,1213.9,1216.5,1200.7,,-1.09,-0.010874042342861934,-0.1748900494777328,1212.26,1203.1299999999999,1180.8666666666666,0.10664167456187905,1527.5,-0.21394435351882157
2005-06-24,1191.6,1200.7,1200.9,1191.5,,-0.76,-0.007578912301157814,-0.18114348543155367,1207.1799999999998,1202.83,1181.05,0.106772689080982,1527.5,-0.2199018003273323
2005-06-27,1190.7,1191.6,1194.3,1188.3,,-0.08,-0.0007552870090633546,-0.1817619571192941,1202.1,1202.425,1181.3466666666668,0.1067705105403299,1527.5,-0.22049099836333874
2005-06-28,1201.6,1190.7,1202.5,1190.7,,0.92,0.00915427899554877,-0.17427157778999236,1199.7,1202.9299999999998,1181.7716666666668,0.10711878495461637,1527.5,-0.21335515548281514
2005-06-29,1199.8,1201.6,1204.1,1198.7,,-0.15,-0.0014980026631158383,-0.17550852116547344,1196.8799999999999,1202.805,1182.0783333333334,0.10706462728865557,1527.5,-0.21453355155482823
2005-06-30,1191.3,1199.8,1203.3,1190.5,,-0.71,-0.007084514085680893,-0.18134964266080056,1195.0,1202.1550000000002,1182.1983333333333,0.10678219871028795,1527.5,-0.22009819967266775
2005-07-01,1194.4,1191.3,1197.9,1191.3,,0.26,0.0026021992780995706,-0.17921935129191657,1195.56,1202.0749999999998,1182.2533333333336,0.10675557735213163,1527.5,-0.21806873977086738
2005-07-05,1205.0,1194.4,1206.3,1192.5,,0.89,0.008874748827863321,-0.1719351291918616,1198.4199999999998,1202.45,1182.65,0.10676478461791383,1527.5,-0.21112929623567922
2005-07-06,1194.9,1205.0,1206.1,1194.8,,-0.84,-0.00838174273858916,-0.1788757559098385,1197.0800000000002,1202.33,1182.8783333333333,0.10710744450842033,1527.5,-0.21774140752864146
2005-07-07,1197.9,1194.9,1198.5,1183.5,,0.25,0.002510670348983224,-0.1768141836173701,1196.7,1202.4900000000002,1183.0466666666664,0.10678841919470689,1527.5,-0.2157774140752864
2005-07-08,1211.9,1197.9,1212.7,1197.2,,1.17,0.011687119125135759,-0.16719351291918416,1200.8200000000002,1203.04,1183.6816666666668,0.10734963510358939,1527.5,-0.2066121112929623
2005-07-11,1219.4,1211.9,1220.0,1211.9,,0.62,0.006188629424870085,-0.16203958218801318,1205.8200000000002,1204.105,1184.6383333333333,0.10750332960835127,1527.5,-0.2017021276595744
2005-07-12,1222.2,1219.4,1225.5,1216.6,,0.23,0.0022962112514350874,-0.16011544804837607,1209.2600000000002,1205.175,1185.965,0.1075198864049324,1527.5,-0.1998690671031096
2005-07-13,1223.3,1222.2,1224.5,1219.6,,0.09,0.0009000163639338865,-0.15935953820780435,1214.94,1206.145,1187.2533333333333,0.10745976174605167,1527.5,-0.1991489361702128
2005-07-14,1226.5,1223.3,1233.2,1223.3,,0.26,0.0026158750919644813,-0.15716052776250466,1220.66,1207.1399999999999,1188.4816666666666,0.10737756203493014,1527.5,-0.19705400981996724
2005-07-15,1227.9,1226.5,1229.5,1223.5,,0.11,0.0011414594374237197,-0.15619846069268595,1223.8600000000001,1207.9850000000001,1189.9883333333335,0.10725182293581004,1527.5,-0.19613747954173477
2005-07-18,1221.1,1227.9,1227.9,1221.1,,-0.55,-0.0055379102532781,-0.1608713578889478,1224.2,1208.19,1191.0066666666667,0.10741541622059685,1527.5,-0.2005891980360066
2005-07-19,1229.3,1221.1,1230.3,1221.1,,0.67,0.006715256735730035,-0.15523639362286756,1225.62,1208.85,1192.2933333333335,0.10739305845564583,1527.5,-0.19522094926350253
2005-07-20,1235.2,1229.3,1236.6,1222.9,,0.48,0.00479947937850822,-0.15118196811434625,1228.0,1209.93,1193.5116666666665,0.1065852386216219,1527.5,-0.19135842880523724
2005-07-21,1227.0,1235.2,1235.8,1224.7,,-0.66,-0.006638601036269454,-0.1568169323804266,1228.1,1210.585,1194.7666666666667,0.10680202743334895,1527.5,-0.19672667757774143
2005-07-22,1233.7,1227.0,1234.2,1226.2,,0.55,0.005460472697636609,-0.15221275426058045,1229.2599999999998,1212.2350000000001,1196.0549999999998,0.10643174440716567,1527.5,-0.19234042553191488
2005-07-25,1229.0,1233.7,1238.4,1228.2,,-0.38,-0.0038096782037773114,-0.15544255085211434,1230.8400000000001,1214.105,1197.485,0.1064918283161191,1527.5,-0.19541734860883797
2005-07-26,1231.2,1229.0,1234.4,1229.0,,0.18,0.001790073230268474,-0.1539307311709709,1231.22,1216.13,1198.725,0.10608536678471839,1527.5,-0.19397708674304415
2005-07-27,1236.8,1231.2,1237.6,1230.2,,0.45,0.00454840805717982,-0.1500824628916967,1231.5400000000002,1217.89,1199.9683333333332,0.10616302519181164,1527.5,-0.19031096563011463
2005-07-28,1243.7,1236.8,1245.2,1235.8,,0.56,0.005578913324709056,-0.14534084661901925,1234.88,1220.085,1201.3433333333335,0.10620681304107542,1527.5,-0.1857937806873977
2005-07-29,1234.2,1243.7,1245.0,1234.2,,-0.76,-0.00763849803007155,-0.1518691588785025,1234.98,1222.23,1202.3183333333334,0.10651645504639264,1527.5,-0.19201309328968896
2005-08-01,1235.3,1234.2,1239.1,1233.8,,0.09,0.0008912655971478056,-0.15111324903793089,1236.24,1224.275,1203.3633333333335,0.10644257075367324,1527.5,-0.19129296235679216
2005-08-02,1244.1,1235.3,1244.7,1235.3,,0.71,0.007123775601068472,-0.145065970313357,1238.82,1226.23,1204.5766666666666,0.10643735954932622,1527.5,-0.1855319148936171
2005-08-03,1245.0,1244.1,1245.9,1240.6,,0.07,0.0007234145165180283,-0.14444749862561646,1240.4599999999998,1228.7350000000001,1205.68,0.10642672664819106,1527.5,-0.18494271685761043
2005-08-04,1235.9,1245.0,1245.0,1235.2,,-0.73,-0.007309236947791065,-0.15070093457943712,1238.9,1230.635,1206.8416666666667,0.10537584228980074,1527.5,-0.19090016366612106
2005-08-05,1226.4,1235.9,1235.9,1225.6,,-0.77,-0.007686706044178315,-0.15722924683892037,1237.34,1231.3600000000001,1207.7633333333333,0.10447370655393391,1527.5,-0.19711947626841242
2005-08-08,1223.1,1226.4,1232.3,1222.7,,-0.27,-0.0026908023483367405,-0.15949697636063576,1234.9,1231.545,1208.825,0.10452357704530185,1527.5,-0.19927986906710315
2005-08-09,1231.4,1223.1,1234.1,1223.1,,0.68,0.006786035483607344,-0.15379329301813982,1232.3600000000001,1232.0049999999999,1210.115,0.10397026266261163,1527.5,-0.19384615384615378
2005-08-10,1229.1,1231.4,1242.7,1226.6,,-0.19,-0.0018677927562126273,-0.15537383177569908,1229.18,1232.295,1211.1716666666666,0.10393882625663955,1527.5,-0.1953518821603929
2005-08-11,1237.8,1229.1,1237.8,1228.3,,0.71,0.007078350012204027,-0.14939527212754078,1229.56,1232.8600000000001,1212.2383333333332,0.10341033017868964,1527.5,-0.1896563011456629
2005-08-12,1230.4,1237.8,1237.8,1225.9,,-0.6,-0.005978348683147394,-0.15448048378229606,1230.3600000000001,1232.985,1212.9850000000001,0.10361693527934618,1527.5,-0.1945008183306055
2005-08-15,1233.9,1230.4,1236.2,1226.2,,0.28,0.0028446033810143323,-0.1520753161077496,1232.52,1233.625,1213.6983333333333,0.10281451459376457,1527.5,-0.19220949263502451
2005-08-16,1219.3,1233.9,1233.9,1219.0,,-1.18,-0.011832401329119113,-0.1621083012644292,1230.1,1233.125,1214.1983333333333,0.10354333894879798,1527.5,-0.2017675941080197
2005-08-17,1220.2,1219.3,1225.6,1218.1,,0.07,0.000738128434347729,-0.16148982957668856,1228.3200000000002,1232.375,1214.6366666666665,0.10284233864009423,1527.5,-0.20117839607201304
2005-08-18,1219.0,1220.2,1222.6,1215.9,,-0.1,-0.0009834453368300355,-0.16231445849367587,1224.5600000000002,1231.975,1215.0516666666665,0.1027700635505926,1527.5,-0.20196399345335514
2005-08-19,1219.7,1219.0,1225.1,1219.0,,0.06,0.0005742411812961201,-0.16183342495876663,1222.42,1231.275,1215.5466666666664,0.10259072736411455,1527.5,-0.20150572831423896
2005-08-22,1221.7,1219.7,1229.0,1216.5,,0.16,0.001639747478888287,-0.16045904343045436,1219.98,1230.91,1215.9483333333335,0.10255901215595103,1527.5,-0.2001963993453355
2005-08-23,1217.6,1221.7,1223.0,1214.4,,-0.34,-0.0033559793730049137,-0.1632765255634946,1219.64,1230.23,1216.2616666666665,0.10262971216922484,1527.5,-0.2028805237315876
2005-08-24,1209.6,1217.6,1224.2,1209.4,,-0.66,-0.006570302233902758,-0.16877405167674364,1217.52,1228.87,1216.5633333333333,0.1025840059002093,1527.5,-0.20811783960720132
2005-08-25,1212.4,1209.6,1213.7,1209.6,,0.23,0.0023148148148148806,-0.16684991753710643,1216.2,1227.3049999999998,1216.7316666666666,0.10260182202858921,1527.5,-0.2062847790507364
2005-08-26,1205.1,1212.4,1212.4,1204.2,,-0.6,-0.006021115143517108,-0.17186641011544623,1213.28,1225.85,1216.745,0.10278063122868163,1527.5,-0.21106382978723415
2005-08-29,1212.3,1205.1,1214.3,1201.5,,0.6,0.005974607916355623,-0.16691863661352202,1211.4,1224.7,1217.0166666666667,0.10260918735505442,1527.5,-0.20635024549918168
2005-08-30,1208.4,1212.3,1212.3,1201.1,,-0.32,-0.003217025488740255,-0.16959868059373084,1209.56,1222.915,1217.1983333333333,0.10258853571996021,1527.5,-0.2089034369885433
2005-08-31,1220.3,1208.4,1220.4,1204.4,,0.98,0.009847732538894372,-0.16142111050027286,1211.7,1221.6799999999998,1217.5816666666667,0.1030184422357883,1527.5,-0.20111292962356797
2005-09-01,1221.6,1220.3,1227.3,1216.2,,0.11,0.0010653118085717228,-0.16052776250686984,1213.5400000000002,1220.965,1218.0299999999997,0.10244849227214106,1527.5,-0.2002618657937808
2005-09-02,1218.0,1221.6,1224.5,1217.8,,-0.29,-0.0029469548133594925,-0.1630016492578319,1216.1200000000001,1220.545,1218.3149999999998,0.10239988227525249,1527.5,-0.20261865793780687
2005-09-06,1233.4,1218.0,1233.6,1218.0,,1.26,0.012643678160919603,-0.15241891148982745,1220.34,1221.06,1218.9033333333332,0.10292605951987761,1527.5,-0.19253682487725032
2005-09-07,1236.4,1233.4,1237.1,1230.9,,0.24,0.0024323009567051024,-0.15035733919735905,1225.94,1221.31,1219.4966666666667,0.10283014327410586,1527.5,-0.19057283142389514
2005-09-08,1231.7,1236.4,1236.4,1229.5,,-0.38,-0.003801358783565245,-0.15358713578889294,1228.22,1221.44,1219.9599999999998,0.10290641732575466,1527.5,-0.19364975450081834
2005-09-09,1241.5,1231.7,1243.1,1231.7,,0.8,0.007956482909799334,-0.14685266630016292,1232.2,1221.625,1220.5416666666667,0.10308494880838562,1527.5,-0.18723404255319154
2005-09-12,1240.6,1241.5,1242.6,1239.2,,-0.07,-0.0007249295207411022,-0.14747113798790346,1236.7199999999998,1222.135,1221.035,0.10308326386826842,1527.5,-0.18782324058919808
2005-09-13,1231.2,1240.6,1240.6,1231.2,,-0.76,-0.007576978881186358,-0.153930731170971,1236.28,1222.0,1221.2716666666668,0.1033753372197745,1527.5,-0.19397708674304415
2005-09-14,1227.2,1231.2,1234.7,1226.2,,-0.32,-0.0032488628979857603,-0.15667949422759553,1234.44,1222.395,1221.4566666666665,0.10317467278070776,1527.5,-0.19659574468085106
2005-09-15,1227.7,1227.2,1231.9,1224.8,,0.04,0.0004074315514992488,-0.15633589884551757,1233.6399999999999,1222.77,1221.6916666666666,0.10314690120583547,1527.5,-0.19626841243862514
2005-09-16,1237.9,1228.4,1238.0,1228.4,,0.83,0.00830821862018416,-0.14932655305112497,1232.92,1223.715,1222.0916666666667,0.103371905890214,1527.5,-0.1895908346972176
2005-09-19,1231.0,1237.9,1237.9,1227.7,,-0.56,-0.005573955893044769,-0.1540681693238024,1231.0,1224.28,1222.5966666666668,0.10337140311689323,1527.5,-0.19410801963993451
2005-09-20,1221.3,1231.0,1236.5,1220.1,,-0.79,-0.007879772542648267,-0.16073391973611684,1229.02,1224.2599999999998,1223.0916666666667,0.10352812034181803,1527.5,-0.20045826513911624
2005-09-21,1210.2,1221.3,1221.5,1209.9,,-0.91,-0.00908867600098251,-0.16836173721824987,1225.6200000000001,1223.8899999999999,1223.4166666666667,0.102974055608045,1527.5,-0.2077250409165302
2005-09-22,1214.6,1210.2,1216.6,1205.3,,0.36,0.0036357626838539048,-0.16533809785596287,1223.0,1224.14,1223.6333333333334,0.10290240943616072,1527.5,-0.2048445171849428
2005-09-23,1215.3,1214.6,1218.8,1209.8,,0.06,0.0005763214226905955,-0.16485706432105363,1218.48,1224.285,1223.8916666666667,0.10289612387657171,1527.5,-0.2043862520458265
2005-09-26,1215.6,1215.3,1222.6,1211.8,,0.02,0.0002468526289804984,-0.16465090709180674,1215.3999999999999,1224.81,1224.2966666666666,0.10270006704198496,1527.5,-0.20418985270049106
2005-09-27,1215.7,1215.6,1220.2,1211.1,,0.01,8.226390259968852e-05,-0.16458218801539104,1214.28,1224.98,1224.6516666666664,0.10254780611806881,1527.5,-0.20412438625204576
2005-09-28,1216.9,1215.7,1221.0,1212.7,,0.1,0.0009870856296783082,-0.16375755909840373,1215.62,1225.4050000000002,1224.85,0.1024767220430058,1527.5,-0.20333878887070367
2005-09-29,1227.7,1216.9,1228.7,1211.5,,0.89,0.008875010272002548,-0.15633589884551757,1218.24,1225.775,1225.3966666666668,0.10282751885145781,1527.5,-0.19626841243862514
2005-09-30,1228.8,1227.7,1229.6,1225.2,,0.09,0.000895984361000135,-0.15557998900494596,1220.94,1226.135,1225.9116666666669,0.10175591721390623,1527.5,-0.19554828150572834
2005-10-03,1226.7,1228.8,1233.3,1225.2,,-0.17,-0.001708984374999889,-0.1570230896096737,1223.16,1226.57,1226.1583333333333,0.10173417601191015,1527.5,-0.19692307692307687
2005-10-04,1214.5,1226.7,1229.9,1214.0,,-0.99,-0.009945381918969654,-0.16540681693237858,1222.92,1225.625,1226.0766666666668,0.10224756669001984,1527.5,-0.20490998363338786
2005-10-05,1196.4,1214.5,1214.5,1196.2,,-1.49,-0.014903252367229225,-0.17784496976360453,1218.8200000000002,1223.625,1225.6466666666668,0.10317175168225196,1527.5,-0.21675941080196393
2005-10-06,1191.5,1196.4,1202.1,1181.9,,-0.41,-0.004095620193915184,-0.1812122045079697,1211.5800000000002,1221.615,1225.1166666666666,0.10276391487218078,1527.5,-0.21996726677577738
2005-10-07,1195.9,1191.5,1199.7,1191.5,,0.37,0.0036928241712128607,-0.1781885651456826,1205.0,1219.335,1224.6066666666668,0.10251992600467018,1527.5,-0.21708674304418984
2005-10-10,1187.3,1195.9,1196.5,1186.1,,-0.72,-0.007191236725478833,-0.18409840571742542,1197.1200000000001,1216.67,1223.9299999999998,0.10277535206310154,1527.5,-0.22271685761047466
2005-10-11,1184.9,1187.3,1193.1,1183.2,,-0.2,-0.0020213930767285504,-0.18574766355140004,1191.2,1214.355,1223.3266666666668,0.10276851815839466,1527.5,-0.22428805237315874
2005-10-12,1177.7,1184.9,1190.0,1173.7,,-0.61,-0.006076462148704609,-0.19069543705332426,1187.46,1211.8799999999999,1222.4666666666667,0.10269149356510747,1527.5,-0.2290016366612111
2005-10-13,1176.8,1177.7,1179.6,1168.2,,-0.08,-0.0007642014095271543,-0.1913139087410649,1184.52,1209.3349999999998,1221.4933333333333,0.10224534007160695,1527.5,-0.22959083469721775
2005-10-14,1186.6,1176.8,1187.1,1175.4,,0.83,0.00832766825288922,-0.18457943925233478,1182.66,1206.77,1220.82,0.10247787098863767,1527.5,-0.22317512274959095
2005-10-17,1190.1,1186.6,1191.2,1184.5,,0.29,0.002949603910332055,-0.18217427157778832,1183.22,1204.725,1220.0933333333335,0.10239270781107605,1527.5,-0.22088379705400984
2005-10-18,1178.1,1190.1,1190.1,1178.1,,-1.01,-0.010083186286866663,-0.1904205607476619,1181.8600000000001,1202.565,1219.2450000000001,0.10243143524079118,1527.5,-0.22873977086743047
2005-10-19,1195.8,1178.1,1195.8,1170.5,,1.5,0.015024191494779737,-0.1782572842220984,1185.48,1201.845,1218.6549999999997,0.10348689919188683,1527.5,-0.21715220949263503
2005-10-20,1177.8,1195.8,1197.3,1173.3,,-1.51,-0.015052684395383875,-0.19062671797690878,1185.6799999999998,1200.0049999999999,1217.6716666666666,0.10460072801863413,1527.5,-0.22893617021276602
2005-10-21,1179.6,1177.8,1186.5,1174.9,,0.15,0.0015282730514518672,-0.1893897746014277,1184.28,1198.2199999999998,1216.6033333333332,0.10412201802033784,1527.5,-0.22775777414075293
2005-10-24,1199.4,1179.6,1199.4,1179.6,,1.68,0.016785350966429524,-0.17578339747113614,1186.1399999999999,1197.41,1216.0233333333333,0.10540987991225984,1527.5,-0.21479541734860874
2005-10-25,1196.5,1199.4,1201.3,1189.3,,-0.24,-0.002417875604468933,-0.17777625068718894,1189.8200000000002,1196.45,1215.3766666666666,0.10443521842074216,1527.5,-0.21669394435351885
2005-10-26,1191.4,1196.5,1204.0,1191.4,,-0.43,-0.004262432093606328,-0.1812809235843852,1188.94,1195.175,1214.4983333333334,0.10377060145418798,1527.5,-0.22003273322422257
2005-10-27,1178.9,1191.4,1192.7,1178.9,,-1.05,-0.010491858317945302,-0.18987080813633683,1189.1599999999999,1192.7350000000001,1213.3966666666668,0.1043128999502311,1527.5,-0.228216039279869
2005-10-28,1198.4,1178.9,1198.4,1178.9,,1.65,0.01654084315887694,-0.17647058823529227,1192.92,1191.215,1212.7716666666665,0.10556173545202073,1527.5,-0.21545008183306047
2005-10-31,1207.0,1198.4,1211.4,1198.4,,0.72,0.007176234979973328,-0.17056074766354956,1194.44,1190.23,1212.4483333333333,0.10578842171397657,1527.5,-0.20981996726677576
2005-11-01,1202.8,1207.0,1207.3,1201.7,,-0.35,-0.0034797017398509045,-0.17344694887300538,1195.7000000000003,1189.645,1212.11,0.10585494175559887,1527.5,-0.21256955810147304
2005-11-02,1214.8,1202.8,1215.2,1201.1,,1.0,0.009976720984369747,-0.1652006597031318,1200.3799999999999,1190.565,1211.8333333333333,0.10573157563223594,1527.5,-0.20471358428805242
2005-11-03,1219.9,1214.8,1224.7,1214.8,,0.42,0.004198221929535784,-0.16169598680593544,1208.5800000000002,1191.9850000000001,1211.6799999999998,0.10459302569338175,1527.5,-0.2013747954173486
2005-11-04,1220.1,1219.9,1222.5,1214.5,,0.02,0.0001639478645789616,-0.16155854865310426,1212.92,1193.195,1211.385,0.10452853443495692,1527.5,-0.20124386252045834
2005-11-07,1222.8,1220.1,1224.2,1217.3,,0.22,0.0022129333661176087,-0.15970313358988264,1216.08,1194.9699999999998,1211.2583333333334,0.10453945196823192,1527.5,-0.1994762684124387
2005-11-08,1218.6,1222.8,1222.8,1216.1,,-0.34,-0.0034347399411187585,-0.16258933479933846,1219.24,1196.6550000000002,1211.0033333333333,0.10459932727350922,1527.5,-0.20222585924713588
2005-11-09,1220.7,1218.6,1226.6,1216.5,,0.17,0.0017232890201872575,-0.1611462341946105,1220.4199999999998,1198.805,1211.0266666666669,0.10460296362976133,1527.5,-0.20085106382978724
2005-11-10,1231.0,1220.7,1232.4,1215.0,,0.84,0.00843778160072084,-0.1540681693238024,1222.6399999999999,1201.515,1211.2066666666667,0.10454727336505494,1527.5,-0.19410801963993451
2005-11-11,1234.7,1231.0,1235.7,1230.7,,0.3,0.0030056864337937306,-0.15152556349642465,1225.56,1203.9199999999998,1211.4683333333335,0.10420258727288123,1527.5,-0.19168576104746315
2005-11-14,1233.8,1234.7,1237.2,1231.8,,-0.07,-0.000728922005345467,-0.1521440351841652,1227.76,1206.105,1211.7033333333336,0.10420529974270287,1527.5,-0.1922749590834697
2005-11-15,1229.0,1233.8,1237.9,1226.4,,-0.39,-0.003890419841141135,-0.15544255085211456,1229.84,1208.65,1211.825,0.10402958018196601,1527.5,-0.19541734860883797
2005-11-16,1231.2,1229.0,1232.2,1227.2,,0.18,0.001790073230268474,-0.1539307311709711,1231.94,1210.4199999999998,1212.0516666666667,0.10390428981255469,1527.5,-0.19397708674304415
2005-11-17,1242.8,1231.2,1243.0,1231.2,,0.94,0.009421702404158516,-0.14595931830676,1234.3,1213.67,1212.605,0.10430796402660532,1527.5,-0.18638297872340426
2005-11-18,1248.3,1242.8,1249.6,1240.7,,0.44,0.004425490827164369,-0.1421797691039014,1237.02,1217.105,1213.2033333333334,0.10376517855603629,1527.5,-0.1827823240589198
2005-11-21,1254.8,1248.3,1255.9,1246.9,,0.52,0.005207081631018129,-0.13771302913688654,1241.22,1219.875,1214.0316666666665,0.1037300116618397,1527.5,-0.17852700490998363
2005-11-22,1261.2,1254.8,1261.9,1251.4,,0.51,0.005100414408670817,-0.13331500824628717,1247.66,1223.1100000000001,1214.8466666666666,0.10384074698283557,1527.5,-0.17433715220949264
2005-11-23,1265.6,1261.2,1270.6,1259.5,,0.35,0.0034887408816999255,-0.13029136888400028,1254.54,1226.82,1215.8,0.10381770538067764,1527.5,-0.1714566284779051
2005-11-25,1268.2,1265.6,1268.8,1265.5,,0.21,0.002054361567636054,-0.12850467289719425,1259.6200000000001,1231.285,1216.5983333333331,0.10383160954774581,1527.5,-0.16975450081833054
2005-11-28,1257.5,1268.2,1268.4,1257.2,,-0.84,-0.008437155022867127,-0.13585761407366492,1261.4599999999998,1234.24,1217.1966666666667,0.10413109918994827,1527.5,-0.176759410801964
2005-11-29,1257.5,1257.5,1266.2,1257.5,,0.0,0.0,-0.13585761407366492,1262.0,1236.7649999999999,1217.855,0.10403984373016044,1527.5,-0.176759410801964
2005-11-30,1249.5,1257.5,1260.9,1249.4,,-0.64,-0.006361829025844923,-0.14135514018691397,1259.6599999999999,1239.1,1218.1233333333332,0.10319897798475072,1527.5,-0.1819967266775777
2005-12-01,1264.7,1249.5,1266.2,1249.5,,1.22,0.012164865946378667,-0.1309098405717407,1259.48,1241.595,1218.595,0.10388236169281506,1527.5,-0.17204582651391154
2005-12-02,1265.1,1264.7,1266.8,1261.4,,0.03,0.00031628054083965296,-0.13063496426607835,1258.8600000000001,1243.855,1219.1516666666669,0.10388119220088796,1527.5,-0.17178396072013102
2005-12-05,1262.1,1265.1,1265.1,1258.1,,-0.24,-0.002371354043158691,-0.13269653655854674,1259.78,1245.9550000000002,1219.4950000000001,0.1039087642290133,1527.5,-0.1737479541734861
2005-12-06,1263.7,1262.1,1272.9,1262.1,,0.13,0.001267728389192646,-0.13159703133589695,1261.02,1248.0,1219.88,0.10329643989650929,1527.5,-0.17270049099836327
2005-12-07,1257.4,1263.7,1264.8,1253.0,,-0.5,-0.00498536044947373,-0.1359263331500805,1262.6,1249.94,1220.3166666666666,0.1033303256983942,1527.5,-0.17682487725040907
2005-12-08,1255.8,1257.4,1263.4,1250.9,,-0.13,-0.0012724669953874113,-0.1370258383727304,1260.82,1251.695,1220.7933333333335,0.10321216074465604,1527.5,-0.1778723404255319
2005-12-09,1259.4,1255.8,1263.1,1254.2,,0.29,0.002866698518872557,-0.13455195162176825,1259.68,1253.115,1221.3216666666665,0.10323793788106005,1527.5,-0.17551554828150562
2005-12-12,1260.4,1259.4,1263.9,1255.5,,0.08,0.0007940289026520109,-0.13386476085761212,1259.34,1254.4,1221.6966666666667,0.10286475942953315,1527.5,-0.174860883797054
2005-12-13,1267.4,1260.4,1272.1,1258.6,,0.56,0.005553792446842287,-0.1290544255085192,1260.0800000000002,1256.08,1222.3033333333333,0.10293667533566292,1527.5,-0.1702782324058919
2005-12-14,1272.7,1267.4,1275.8,1267.1,,0.42,0.004181789490295129,-0.12541231445849166,1263.1399999999999,1258.2649999999999,1223.1599999999999,0.1029990056729459,1527.5,-0.16680851063829782
2005-12-15,1270.9,1272.7,1275.2,1267.7,,-0.14,-0.0014143160210575711,-0.12664925783397263,1266.1600000000003,1260.25,1224.1716666666666,0.1029862777584003,1527.5,-0.1679869067103109
2005-12-16,1267.3,1270.9,1275.2,1267.3,,-0.28,-0.002832638287827649,-0.1291231445849348,1267.74,1261.475,1225.05,0.10274116091420396,1527.5,-0.1703436988543372
2005-12-19,1259.9,1267.3,1270.5,1259.3,,-0.58,-0.0058391856703226,-0.13420835623969007,1267.64,1262.0549999999998,1225.7933333333335,0.10292167411754675,1527.5,-0.1751882160392798
2005-12-20,1259.6,1259.9,1263.9,1257.2,,-0.02,-0.0002381141360426886,-0.13441451346893707,1266.08,1262.295,1226.5266666666669,0.10254198092825599,1527.5,-0.17538461538461547
2005-12-21,1262.8,1259.6,1269.4,1259.6,,0.25,0.0025404890441409478,-0.1322155030236375,1264.1,1262.375,1227.3116666666667,0.10251857511972022,1527.5,-0.17328968903436992
2005-12-22,1268.1,1262.8,1268.2,1262.5,,0.42,0.0041970224897054376,-0.12857339197360995,1263.5400000000002,1262.5,1228.165,0.10259658518262496,1527.5,-0.16981996726677584
2005-12-23,1268.7,1268.1,1269.8,1265.9,,0.05,0.00047314880529936154,-0.12816107751511618,1263.8200000000002,1262.525,1228.8483333333331,0.10249719639340117,1527.5,-0.16942716857610474
2005-12-27,1256.5,1268.7,1271.8,1256.5,,-0.96,-0.009616142508079184,-0.13654480483782105,1263.1399999999999,1262.475,1229.31,0.10273186141311218,1527.5,-0.17741407528641573
2005-12-28,1258.2,1256.5,1261.1,1256.5,,0.14,0.0013529645841623417,-0.13537658053875568,1262.8600000000001,1262.51,1229.8349999999998,0.10273866742644393,1527.5,-0.1763011456628477
2005-12-29,1254.4,1258.2,1260.6,1254.2,,-0.3,-0.0030201875695438085,-0.13798790544254902,1261.1799999999998,1262.7549999999999,1230.5,0.10278790003402793,1527.5,-0.17878887070376426
2005-12-30,1248.3,1254.4,1254.4,1246.6,,-0.49,-0.00486288265306134,-0.1421797691039015,1257.2199999999998,1261.935,1231.3650000000002,0.10289987196858769,1527.5,-0.1827823240589198
2006-01-03,1268.8,1248.3,1270.2,1245.7,,1.64,0.016422334374749603,-0.12809235843870082,1257.24,1262.1200000000001,1232.6533333333332,0.10384747059059816,1527.5,-0.16936170212765955
2006-01-04,1273.5,1268.8,1275.4,1267.7,,0.37,0.003704287515762905,-0.12486256184716704,1260.6399999999999,1262.69,1233.9466666666665,0.10320704371069345,1527.5,-0.16628477905073646
2006-01-05,1273.5,1273.5,1276.9,1270.3,,0.0,0.0,-0.12486256184716704,1263.7,1263.18,1235.3833333333334,0.10313258894600814,1527.5,-0.16628477905073646
2006-01-06,1285.5,1273.5,1286.1,1273.5,,0.94,0.009422850412249772,-0.11661627267729346,1269.92,1264.585,1237.06,0.10348442448608496,1527.5,-0.15842880523731584
2006-01-09,1290.2,1285.5,1290.8,1284.8,,0.37,0.003656164916374882,-0.11338647608575969,1278.3,1266.305,1238.9350000000002,0.1035223176202195,1527.5,-0.15535188216039275
2006-01-10,1289.7,1290.2,1290.2,1283.8,,-0.04,-0.00038753681599756895,-0.11373007146783776,1282.48,1267.8200000000002,1240.8166666666666,0.1034805595529464,1527.5,-0.15567921440261867
2006-01-11,1294.2,1289.7,1294.9,1288.1,,0.35,0.0034891835310537633,-0.11063771302913517,1286.6200000000001,1269.51,1242.6100000000001,0.10332878161219858,1527.5,-0.15273322422258595
2006-01-12,1286.1,1294.2,1294.2,1285.0,,-0.63,-0.006258692628650975,-0.11620395821879992,1289.1399999999999,1270.4450000000002,1244.21,0.1034778192798927,1527.5,-0.15803600654664496
2006-01-13,1287.6,1286.1,1289.0,1282.8,,0.12,0.0011663167716351452,-0.11517317207256572,1289.56,1271.19,1246.0349999999999,0.10309217180901187,1527.5,-0.1570540098199673
2006-01-17,1282.9,1287.6,1287.6,1278.6,,-0.37,-0.003650201926063801,-0.11840296866409938,1288.1,1271.7900000000002,1247.486666666667,0.10301827230620969,1527.5,-0.1601309328968903
2006-01-18,1277.9,1282.9,1282.9,1272.1,,-0.39,-0.0038974199080208383,-0.12183892248488004,1285.74,1272.32,1249.155,0.10267359993286758,1527.5,-0.16340425531914893
2006-01-19,1285.0,1277.9,1287.8,1277.9,,0.56,0.005555990296580271,-0.11695986805937153,1283.9,1273.575,1250.9116666666666,0.1023334826474091,1527.5,-0.15875613747954176
2006-01-20,1261.5,1285.0,1285.0,1260.9,,-1.83,-0.018287937743190708,-0.13310885101704062,1278.98,1273.6699999999998,1251.9466666666667,0.10370238248723022,1527.5,-0.1741407528641571
2006-01-23,1263.8,1261.5,1268.2,1261.5,,0.18,0.0018232263178754593,-0.13152831225948158,1274.22,1273.72,1253.0683333333334,0.10349591531918319,1527.5,-0.1726350245499182
2006-01-24,1266.9,1263.8,1271.5,1263.8,,0.25,0.002452919765785877,-0.1293980208905975,1271.02,1273.66,1254.3266666666666,0.10344528209324738,1527.5,-0.17060556464811782
2006-01-25,1264.7,1266.9,1271.9,1259.4,,-0.17,-0.0017365222195911967,-0.13090984057174104,1268.3799999999999,1273.46,1255.7566666666667,0.10340323970394386,1527.5,-0.17204582651391154
2006-01-26,1273.8,1264.7,1276.4,1264.7,,0.72,0.00719538230410377,-0.12465640461792027,1266.1399999999999,1274.325,1257.0133333333333,0.10353131634927501,1527.5,-0.16608837970540102
2006-01-27,1283.7,1273.8,1286.4,1273.8,,0.78,0.007772020725388629,-0.11785321605277455,1270.58,1275.6,1258.2916666666667,0.10379739371245952,1527.5,-0.15960720130932893
2006-01-30,1285.2,1283.7,1287.9,1283.5,,0.12,0.0011684973124561626,-0.11682242990654035,1274.8600000000001,1277.1399999999999,1259.6650000000002,0.10375623791425573,1527.5,-0.1586252045826514
2006-01-31,1280.1,1285.2,1285.2,1276.8,,-0.4,-0.003968253968254065,-0.12032710280373671,1277.5,1278.73,1260.7533333333333,0.10353042264223396,1527.5,-0.16196399345335522
2006-02-01,1282.5,1280.1,1283.3,1277.6,,0.19,0.0018748535270682876,-0.11867784496976186,1281.06,1279.415,1261.7966666666666,0.10333525946905872,1527.5,-0.16039279869067102
2006-02-02,1270.8,1282.5,1282.5,1267.7,,-0.91,-0.009122807017543866,-0.12671797691038855,1280.46,1279.28,1262.6416666666667,0.10372463705039377,1527.5,-0.1680523731587562
2006-02-03,1264.0,1270.8,1270.9,1261.0,,-0.54,-0.005350960025180984,-0.1313908741066503,1276.52,1278.8049999999998,1263.3283333333334,0.10383279646869159,1527.5,-0.17250409165302782
2006-02-06,1265.0,1264.0,1267.0,1261.6,,0.08,0.0007911392405062223,-0.13070368334249427,1272.48,1277.78,1264.1016666666667,0.10327211772158136,1527.5,-0.1718494271685761
2006-02-07,1254.8,1265.0,1265.8,1253.6,,-0.81,-0.00806324110671941,-0.13771302913688688,1267.42,1276.0099999999998,1264.6699999999998,0.10359599576855576,1527.5,-0.17852700490998363
2006-02-08,1265.7,1254.8,1266.5,1254.8,,0.87,0.008686643289767426,-0.1302226498075849,1264.06,1274.81,1265.2483333333332,0.10394326168971617,1527.5,-0.17139116202945992
2006-02-09,1263.8,1265.7,1274.6,1262.8,,-0.15,-0.0015011456111243549,-0.13152831225948158,1262.6599999999999,1273.2900000000002,1265.7333333333333,0.1035827412481827,1527.5,-0.1726350245499182
2006-02-10,1267.0,1263.8,1269.9,1255.0,,0.25,0.002532046209843264,-0.129329301814182,1263.2599999999998,1272.3349999999998,1266.2866666666666,0.10353255905656004,1527.5,-0.17054009819967264
2006-02-13,1262.9,1267.0,1267.0,1258.3,,-0.32,-0.003235990528808186,-0.13214678394722212,1262.84,1271.1,1266.8516666666665,0.10337242755652626,1527.5,-0.17322422258592463
2006-02-14,1275.5,1262.9,1278.2,1260.8,,1.0,0.009977036978382925,-0.123488180318855,1266.98,1270.73,1267.59,0.10383231321307504,1527.5,-0.164975450081833
2006-02-15,1280.0,1275.5,1281.0,1271.1,,0.35,0.003528028224225821,-0.12039582188015241,1269.84,1270.835,1268.2099999999998,0.10383881484655405,1527.5,-0.1620294599018003
2006-02-16,1289.4,1280.0,1289.4,1280.0,,0.73,0.007343749999999982,-0.11393622869708475,1274.9599999999998,1271.055,1268.8950000000002,0.1040811829971166,1527.5,-0.1558756137479541
2006-02-17,1287.2,1289.4,1289.5,1284.1,,-0.17,-0.0017062199472622774,-0.1154480483782282,1279.0,1272.3400000000001,1269.4350000000002,0.10378075391044576,1527.5,-0.15731587561374794
2006-02-21,1283.0,1287.2,1291.9,1281.3,,-0.33,-0.003262896208825361,-0.1183342495876839,1283.02,1273.3,1269.7983333333334,0.10384108138577691,1527.5,-0.16006546644844521
2006-02-22,1292.7,1283.0,1294.2,1283.0,,0.76,0.007560405300077955,-0.11166849917536947,1286.46,1274.59,1270.25,0.10303125705190926,1527.5,-0.1537152209492635
2006-02-23,1287.8,1292.7,1293.8,1285.1,,-0.38,-0.0037905159743173433,-0.11503573391973454,1288.02,1275.7450000000001,1270.5766666666668,0.10298187206311778,1527.5,-0.15692307692307694
2006-02-24,1289.4,1287.8,1292.1,1285.6,,0.12,0.0012424289485946094,-0.11393622869708464,1288.02,1276.525,1271.1083333333333,0.10270593556527385,1527.5,-0.1558756137479541
2006-02-27,1294.1,1289.4,1297.6,1289.4,,0.36,0.0036451062509692544,-0.11070643210555098,1289.4,1277.045,1271.7183333333335,0.10236101743744881,1527.5,-0.15279869067103113
2006-02-28,1280.7,1294.1,1294.1,1278.7,,-1.04,-0.010354686654817868,-0.11991478834524305,1288.94,1276.82,1272.2383333333335,0.10269354107449699,1527.5,-0.1615711947626841
2006-03-01,1291.2,1280.7,1291.8,1280.7,,0.82,0.008198641368001969,-0.11269928532160356,1288.6399999999999,1277.375,1272.68,0.10285916915389542,1527.5,-0.15469721767594102
2006-03-02,1289.1,1291.2,1291.2,1283.2,,-0.16,-0.0016263940520446774,-0.11414238592633152,1288.9,1277.7050000000002,1273.0800000000002,0.1028754728292507,1527.5,-0.15607201309328977
2006-03-03,1287.2,1289.1,1297.3,1284.2,,-0.15,-0.0014738965169497353,-0.11544804837822809,1288.46,1278.525,1273.4983333333332,0.102890264035727,1527.5,-0.15731587561374794
2006-03-06,1278.3,1287.2,1288.2,1275.7,,-0.69,-0.0069142324425109924,-0.12156404617921779,1285.3,1279.2400000000002,1273.7416666666666,0.10271267033563149,1527.5,-0.1631423895253683
2006-03-07,1275.9,1278.3,1278.3,1271.1,,-0.19,-0.0018774935461158826,-0.12321330401319242,1284.34,1279.785,1274.05,0.10270475440088203,1527.5,-0.16471358428805227
2006-03-08,1278.5,1275.9,1280.3,1268.4,,0.2,0.0020377772552706563,-0.1214266080263866,1281.8,1280.97,1274.4283333333333,0.10259860583416476,1527.5,-0.16301145662847794
2006-03-09,1272.2,1278.5,1282.7,1272.2,,-0.49,-0.004927649589362537,-0.12575590984057028,1278.42,1281.295,1274.6416666666667,0.10219945222831607,1527.5,-0.16713584288052374
2006-03-10,1281.6,1272.2,1284.4,1271.1,,0.74,0.007388775349787657,-0.11929631665750273,1277.3,1282.185,1274.995,0.10243786625903485,1527.5,-0.16098199672667768
2006-03-13,1284.1,1281.6,1287.4,1281.6,,0.2,0.0019506866416978408,-0.1175783397471124,1278.4599999999998,1283.04,1275.2733333333335,0.10215347424189589,1527.5,-0.1593453355155483
2006-03-14,1297.5,1284.1,1298.1,1282.7,,1.04,0.010435324351686148,-0.10836998350742011,1282.78,1284.77,1275.686666666667,0.10252052810595731,1527.5,-0.15057283142389521
2006-03-15,1303.0,1297.5,1304.4,1295.0,,0.42,0.004238921001926688,-0.1045904343045615,1287.6799999999998,1286.145,1276.2216666666668,0.10229795468905685,1527.5,-0.14697217675941077
2006-03-16,1305.3,1303.0,1310.5,1303.0,,0.18,0.0017651573292400968,-0.10300989554700246,1294.2999999999997,1287.41,1276.8549999999998,0.10195461549822292,1527.5,-0.14546644844517187
2006-03-17,1307.2,1305.3,1309.8,1305.3,,0.15,0.0014556040756914523,-0.10170423309510579,1299.42,1288.3,1277.6433333333334,0.10195087340571352,1527.5,-0.1442225859247136
2006-03-20,1305.1,1307.2,1310.0,1303.6,,-0.16,-0.0016064871481029641,-0.10314733369983375,1303.62,1289.195,1278.4016666666664,0.10196727104450477,1527.5,-0.14559738134206224
2006-03-21,1297.2,1305.1,1310.9,1295.8,,-0.61,-0.006053176001838856,-0.1085761407366671,1303.56,1289.905,1278.975,0.10203071490631785,1527.5,-0.15076923076923077
2006-03-22,1305.0,1297.2,1306.0,1295.8,,0.6,0.006012950971322706,-0.10321605277624946,1303.9599999999998,1290.52,1279.59,0.10162735249309766,1527.5,-0.1456628477905073
2006-03-23,1301.7,1305.0,1305.0,1298.1,,-0.25,-0.0025287356321839205,-0.10548378229796473,1303.2400000000002,1291.215,1280.14,0.10167063995512704,1527.5,-0.14782324058919805
2006-03-24,1303.0,1301.7,1306.5,1298.9,,0.1,0.00099869401551822,-0.10459043430456172,1302.4,1291.895,1280.9150000000002,0.10166281892267333,1527.5,-0.14697217675941077
2006-03-27,1301.6,1303.0,1303.7,1299.1,,-0.11,-0.0010744435917114936,-0.10555250137438033,1301.7,1292.27,1281.6383333333333,0.10165353998859558,1527.5,-0.14788870703764323
2006-03-28,1293.2,1301.6,1306.2,1291.8,,-0.65,-0.006453595574677173,-0.11132490379329174,1300.9,1292.895,1282.2849999999999,0.10157072851298003,1527.5,-0.15338788870703757
2006-03-29,1302.9,1293.2,1305.6,1293.2,,0.75,0.007500773275595396,-0.10465915338097731,1300.48,1293.48,1283.195,0.10094118358618061,1527.5,-0.14703764320785595
2006-03-30,1300.2,1302.9,1310.2,1296.7,,-0.21,-0.0020723002532812007,-0.10651456844419893,1300.18,1294.0349999999999,1283.7183333333335,0.100965889261125,1527.5,-0.14880523731587558
2006-03-31,1294.8,1300.2,1303.0,1294.8,,-0.42,-0.004153207198892561,-0.11022539857064206,1298.54,1294.4150000000002,1284.0733333333335,0.10083045846962269,1527.5,-0.15234042553191496
2006-04-03,1297.8,1302.9,1309.2,1296.7,,0.23,0.0023169601482855295,-0.10816382627817356,1297.78,1295.3899999999999,1284.4783333333335,0.1008218127348096,1527.5,-0.15037643207855977
2006-04-04,1305.9,1297.8,1307.5,1294.7,,0.62,0.006241331484049928,-0.10259758108850892,1300.3200000000002,1296.8899999999999,1284.8183333333334,0.10090745852206232,1527.5,-0.14507364975450077
2006-04-05,1311.6,1305.9,1312.8,1304.8,,0.44,0.004364805881001521,-0.09868059373281901,1302.06,1298.545,1285.175,0.1009675047893718,1527.5,-0.14134206219312606
2006-04-06,1309.0,1311.6,1312.0,1302.4,,-0.2,-0.001982311680390314,-0.10046728971962493,1303.8200000000002,1300.385,1285.4966666666667,0.10084542646305472,1527.5,-0.1430441898527005
2006-04-07,1295.5,1309.0,1314.1,1294.2,,-1.03,-0.01031321619556913,-0.1097443650357327,1303.9599999999998,1301.0800000000002,1285.5183333333334,0.10103859646119366,1527.5,-0.15188216039279867
2006-04-10,1296.6,1295.5,1300.7,1293.2,,0.08,0.0008490930142801556,-0.10898845519516098,1303.72,1301.705,1285.6933333333332,0.10103890097549668,1527.5,-0.15116202945990187
2006-04-11,1286.6,1296.6,1300.7,1283.0,,-0.77,-0.007712478790683375,-0.1158603628367223,1299.86,1301.1599999999999,1285.6766666666667,0.10122721060665633,1527.5,-0.15770867430441904
2006-04-12,1288.1,1286.6,1290.9,1286.5,,0.12,0.0011658635162443698,-0.1148295766904881,1295.1599999999999,1300.415,1285.763333333333,0.10049574824150075,1527.5,-0.1567266775777415
2006-04-13,1289.1,1288.1,1292.1,1283.4,,0.08,0.00077633724089754,-0.11414238592633186,1291.1799999999998,1299.605,1285.95,0.09994807686342601,1527.5,-0.15607201309328977
2006-04-17,1285.3,1289.1,1292.5,1280.7,,-0.29,-0.0029477930338995817,-0.11675371083012509,1289.1399999999999,1298.5099999999998,1285.9550000000002,0.09851815099607229,1527.5,-0.1585597381342062
2006-04-18,1307.7,1285.3,1309.0,1285.3,,1.74,0.017427837858865702,-0.10136063771302772,1291.36,1298.6399999999999,1286.725,0.0999346381003106,1527.5,-0.14389525368248768
2006-04-19,1309.9,1307.7,1310.4,1302.8,,0.17,0.0016823430450410015,-0.09984881803188417,1296.02,1299.275,1287.493333333333,0.09979475615747933,1527.5,-0.14245499181669385
2006-04-20,1311.5,1309.9,1318.2,1306.4,,0.12,0.0012214672875792143,-0.09874931280923438,1300.7,1299.6,1288.2366666666667,0.09883053955343109,1527.5,-0.14140752864157125
2006-04-21,1311.3,1311.5,1317.7,1306.6,,-0.02,-0.0001524971406786646,-0.09888675096206567,1305.1399999999999,1300.08,1289.0133333333333,0.0969354704924235,1527.5,-0.1415384615384616
2006-04-24,1308.1,1311.3,1311.3,1303.8,,-0.24,-0.002440326393655212,-0.10108576140736536,1309.7,1300.3349999999998,1289.585,0.09670258424299757,1527.5,-0.14363338788870705
2006-04-25,1301.7,1308.1,1310.8,1299.2,,-0.49,-0.004892592309456378,-0.10548378229796451,1308.5,1300.34,1289.885,0.09650538783198628,1527.5,-0.14782324058919805
2006-04-26,1305.4,1301.7,1311.0,1301.7,,0.28,0.0028424368133979083,-0.10294117647058676,1307.6,1300.95,1290.2216666666666,0.09606946152008013,1527.5,-0.14540098199672657
2006-04-27,1309.7,1305.4,1315.0,1295.6,,0.33,0.003294009499004158,-0.09998625618471535,1307.24,1301.29,1290.7150000000001,0.09604335937490664,1527.5,-0.14258592471358422
2006-04-28,1310.6,1309.7,1316.0,1306.2,,0.07,0.0006871802702907992,-0.09936778449697492,1307.1,1301.81,1291.1833333333334,0.0952940310043605,1527.5,-0.1419967266775778
2006-05-01,1305.2,1310.6,1317.2,1303.5,,-0.41,-0.004120250267053205,-0.10307861462341794,1306.52,1302.33,1291.7566666666667,0.09472543019336858,1527.5,-0.14553191489361694
2006-05-02,1313.2,1305.2,1313.7,1305.2,,0.61,0.006129328838492265,-0.09758108851016878,1308.82,1303.1,1292.5766666666668,0.09480127505776786,1527.5,-0.14029459901800323
2006-05-03,1307.8,1313.2,1313.5,1303.9,,-0.41,-0.004112092598233419,-0.10129191863661202,1309.3,1303.1950000000002,1293.29,0.09490392285030681,1527.5,-0.1438297872340426
2006-05-04,1312.2,1307.8,1315.1,1307.8,,0.34,0.003364428811744924,-0.09826827927432502,1309.8,1303.225,1294.2466666666667,0.09418178836563901,1527.5,-0.14094926350245496
2006-05-05,1325.8,1312.2,1326.5,1312.2,,1.04,0.010364273738759255,-0.08892248488180177,1312.84,1304.065,1295.2483333333332,0.09464968691955937,1527.5,-0.1320458265139116
2006-05-08,1324.7,1325.8,1326.7,1322.9,,-0.08,-0.0008296877357066856,-0.08967839472237349,1316.74,1305.525,1296.2633333333333,0.09464532282654248,1527.5,-0.13276595744680852
2006-05-09,1325.1,1324.7,1326.6,1322.5,,0.03,0.00030195515965858455,-0.08940351841671124,1319.1200000000001,1306.95,1297.2316666666666,0.0944601405112484,1527.5,-0.1325040916530279
2006-05-10,1322.8,1324.6,1325.5,1317.4,,-0.17,-0.0017357180590144017,-0.09098405717427027,1322.1200000000001,1308.76,1298.23,0.09381925315937732,1527.5,-0.1340098199672668
2006-05-11,1305.9,1322.6,1322.6,1303.5,,-1.28,-0.012775929845781575,-0.1025975810885088,1320.8600000000001,1309.65,1298.7366666666667,0.09468207994990242,1527.5,-0.14507364975450077
2006-05-12,1291.2,1305.9,1305.9,1290.4,,-1.13,-0.01125660464047784,-0.11269928532160389,1313.94,1309.755,1298.9233333333334,0.09483058709759772,1527.5,-0.15469721767594102
2006-05-15,1294.5,1291.2,1294.8,1284.5,,0.26,0.0025557620817844295,-0.11043155579988861,1307.9,1310.2150000000001,1299.0083333333334,0.09471517460681435,1527.5,-0.1525368248772504
2006-05-16,1292.1,1294.5,1297.9,1288.5,,-0.19,-0.0018539976825029392,-0.11208081363386335,1301.3,1309.435,1299.09,0.09424462105946346,1527.5,-0.1541080196399346
2006-05-17,1270.3,1291.7,1291.7,1267.3,,-1.69,-0.016871759151768417,-0.12706157229246695,1290.8,1307.455,1298.8783333333333,0.09559019636695518,1527.5,-0.16837970540098202
2006-05-18,1261.8,1270.2,1274.9,1261.8,,-0.67,-0.0066913327560418345,-0.13290269378779407,1281.98,1304.9699999999998,1298.3633333333335,0.09534678221783972,1527.5,-0.17394435351882165
2006-05-19,1267.0,1261.8,1272.2,1256.3,,0.41,0.0041210968457758845,-0.12932930181418223,1277.1399999999999,1302.7549999999999,1298.0166666666667,0.09532433377172263,1527.5,-0.17054009819967264
2006-05-22,1262.1,1267.0,1268.8,1253.0,,-0.39,-0.003867403314917195,-0.1326965365585473,1270.66,1300.4550000000002,1297.5616666666667,0.09539745759897723,1527.5,-0.1737479541734861
2006-05-23,1256.6,1262.1,1273.7,1256.2,,-0.44,-0.004357816337849596,-0.13647608576140602,1263.56,1298.2,1296.9366666666667,0.09543921335858233,1527.5,-0.17734860883797054
2006-05-24,1258.6,1256.6,1264.5,1245.3,,0.16,0.0015915963711603531,-0.13510170423309364,1261.22,1295.8600000000001,1296.5683333333334,0.09544903424514704,1527.5,-0.1760392798690672
2006-05-25,1272.9,1258.4,1273.3,1258.4,,1.14,0.01136183060543483,-0.1252748763056608,1263.44,1294.02,1296.2633333333333,0.09602436094410184,1527.5,-0.16667757774140746
2006-05-26,1280.2,1272.7,1280.5,1272.5,,0.57,0.0057349359729750304,-0.12025838372732112,1266.08,1292.5,1296.115,0.0959849972354921,1527.5,-0.16189852700490992
2006-05-30,1259.8,1280.0,1280.0,1259.8,,-1.59,-0.015935010154663365,-0.13427707531610622,1265.62,1290.23,1295.6583333333333,0.09734231573352319,1527.5,-0.1752536824877251
2006-05-31,1270.1,1259.4,1270.1,1259.4,,0.82,0.008175900936656655,-0.12719901044529802,1268.3200000000002,1288.075,1295.5216666666668,0.09745983800541255,1527.5,-0.16851063829787238
2006-06-01,1285.7,1270.0,1285.7,1269.2,,1.23,0.0122824974411464,-0.1164788345244624,1273.74,1286.9699999999998,1295.6850000000002,0.09780384804588785,1527.5,-0.15829787234042547
2006-06-02,1288.2,1285.7,1290.7,1280.2,,0.19,0.0019444660496228394,-0.11476085761407195,1276.8,1285.77,1295.8466666666668,0.09780822746712727,1527.5,-0.1566612111292962
2006-06-05,1265.3,1288.2,1288.2,1264.7,,-1.78,-0.017776742741810403,-0.1304975261132475,1273.82,1282.745,1295.7316666666668,0.09920592491337833,1527.5,-0.17165302782324066
2006-06-06,1263.8,1265.2,1269.9,1254.5,,-0.12,-0.001185489607207768,-0.1315283122594817,1274.6200000000001,1279.7,1295.4350000000002,0.09921095691639974,1527.5,-0.1726350245499182
2006-06-07,1256.2,1263.6,1272.5,1255.8,,-0.6,-0.006013609748377835,-0.13675096206706827,1271.84,1276.2549999999999,1294.97,0.09940672240521851,1527.5,-0.17761047463175117
2006-06-08,1257.9,1256.1,1259.8,1235.2,,0.14,0.0013532876930424376,-0.1355827377680029,1266.28,1273.01,1294.31,0.09938442562088996,1527.5,-0.17649754500818327
2006-06-09,1252.3,1257.9,1262.6,1250.0,,-0.45,-0.004451864218141477,-0.13943100604727732,1259.1,1270.33,1293.465,0.09936846204059473,1527.5,-0.180163666121113
2006-06-12,1236.4,1252.3,1255.2,1236.2,,-1.27,-0.012696638185738185,-0.15035733919735972,1253.3200000000002,1267.59,1292.3166666666666,0.10016945681050193,1527.5,-0.19057283142389514
2006-06-13,1223.7,1236.1,1243.4,1222.5,,-1.03,-0.010271756713037927,-0.15908466190214265,1245.3,1264.05,1290.925,0.10068646975367583,1527.5,-0.19888707037643205
2006-06-14,1230.0,1223.7,1231.5,1219.3,,0.51,0.005148320666830131,-0.15475536008795898,1240.06,1260.9450000000002,1289.6733333333334,0.10078278030354228,1527.5,-0.19476268412438624
2006-06-15,1256.2,1230.0,1258.6,1230.0,,2.13,0.021300813008130026,-0.13675096206706838,1239.7199999999998,1260.24,1288.9900000000002,0.10296688128940165,1527.5,-0.17761047463175117
2006-06-16,1251.5,1256.2,1256.3,1246.3,,-0.37,-0.0037414424454704776,-0.13998075865860216,1239.56,1259.725,1288.0983333333336,0.1029822659191893,1527.5,-0.18068739770867426
2006-06-19,1240.1,1251.5,1255.9,1237.2,,-0.91,-0.009109069117059554,-0.14781473336998208,1240.3,1258.38,1287.0716666666665,0.1032835782161583,1527.5,-0.188150572831424
2006-06-20,1240.1,1240.1,1249.0,1238.9,,0.0,0.0,-0.14781473336998208,1243.58,1257.28,1286.0233333333333,0.10328022159437125,1527.5,-0.188150572831424
2006-06-21,1252.2,1240.1,1258.0,1240.1,,0.98,0.009757277638900108,-0.1394997251236929,1248.02,1257.06,1285.2,0.1037075188431943,1527.5,-0.18022913256955808
2006-06-22,1245.6,1251.9,1251.9,1241.5,,-0.53,-0.005270723526593302,-0.14403518416712346,1245.9,1256.4099999999999,1284.4066666666668,0.10384878536680721,1527.5,-0.18454991816693955
2006-06-23,1244.5,1245.6,1253.1,1241.4,,-0.09,-0.0008831085420679674,-0.14479109400769508,1244.5,1254.99,1283.4333333333334,0.10326548210753816,1527.5,-0.18527004909983635
2006-06-26,1250.6,1244.5,1250.9,1243.7,,0.49,0.004901566894335074,-0.1405992303463427,1246.6,1253.51,1282.6066666666666,0.10308006704974006,1527.5,-0.1812765957446809
2006-06-27,1239.2,1250.5,1253.4,1238.9,,-0.91,-0.009115624500239727,-0.1484332050577225,1246.42,1252.48,1281.68,0.1034970857577206,1527.5,-0.18873977086743043
2006-06-28,1246.0,1239.0,1247.1,1237.6,,0.55,0.0054874112330536295,-0.14376030786146077,1245.1799999999998,1251.275,1280.8166666666666,0.10324249413799666,1527.5,-0.1842880523731587
2006-06-29,1272.9,1245.9,1272.9,1245.9,,2.16,0.021589085072231118,-0.1252748763056608,1250.6399999999999,1250.635,1280.2666666666667,0.10542736768646246,1527.5,-0.16667757774140746
2006-06-30,1270.2,1272.9,1276.3,1270.2,,-0.21,-0.0021211407023332685,-0.12713029136888232,1255.78,1249.7350000000001,1279.5766666666666,0.10519696048606597,1527.5,-0.1684451718494271
2006-07-03,1280.2,1270.1,1280.4,1270.1,,0.79,0.007872775940796828,-0.1202583837273209,1261.7,1250.48,1279.0966666666666,0.10544569260311239,1527.5,-0.16189852700490992
2006-07-05,1270.9,1280.0,1280.0,1265.9,,-0.73,-0.007264489923449413,-0.12664925783397285,1268.04,1250.8349999999998,1278.6866666666667,0.1053626999454943,1527.5,-0.1679869067103109
2006-07-06,1274.1,1270.6,1278.3,1270.6,,0.25,0.002517900700290898,-0.12445024738867339,1273.66,1251.73,1278.3116666666667,0.1050311958395624,1527.5,-0.16589198036006547
2006-07-07,1265.5,1274.1,1275.4,1263.1,,-0.67,-0.006749862648143701,-0.13036008796041598,1272.18,1252.1100000000001,1277.9599999999998,0.10524146207622957,1527.5,-0.1715220949263503
2006-07-10,1267.3,1265.5,1274.1,1264.5,,0.14,0.0014223627024891883,-0.1291231445849349,1271.6,1252.8600000000001,1277.6133333333335,0.10461923927518858,1527.5,-0.1703436988543372
2006-07-11,1272.5,1267.3,1273.6,1259.7,,0.41,0.00410321155211868,-0.12554975261132306,1270.06,1254.665,1277.3366666666666,0.10452010786304859,1527.5,-0.1669394435351882
2006-07-12,1258.6,1272.4,1273.3,1257.3,,-1.09,-0.010923379174852754,-0.13510170423309342,1267.6,1256.4099999999999,1276.8916666666667,0.1050872098039436,1527.5,-0.1760392798690672
2006-07-13,1242.3,1258.6,1258.6,1241.4,,-1.3,-0.01295089782297787,-0.1463029136888383,1261.24,1257.025,1275.8016666666667,0.10589609917130086,1527.5,-0.18671031096563018
2006-07-14,1236.2,1242.3,1242.7,1228.5,,-0.49,-0.00491024712227317,-0.15049477735019068,1255.3799999999999,1256.025,1274.5733333333335,0.10598279909127442,1527.5,-0.19070376432078562
2006-07-17,1234.5,1236.2,1240.1,1231.5,,-0.14,-0.0013751820093835798,-0.15166300164925606,1248.8200000000002,1255.175,1273.2900000000002,0.10598674017559552,1527.5,-0.19181669394435352
2006-07-18,1236.9,1234.5,1239.9,1224.5,,0.19,0.001944106925880984,-0.15001374381528132,1241.7,1255.0149999999999,1272.05,0.10585517045008393,1527.5,-0.19024549918166933
2006-07-19,1259.8,1236.7,1261.8,1236.7,,1.85,0.018514027002991318,-0.1342770753161059,1241.94,1256.0,1271.245,0.10724686435888307,1527.5,-0.1752536824877251
2006-07-20,1249.1,1259.8,1262.6,1249.1,,-0.85,-0.008493411652643279,-0.14163001649257645,1243.3,1255.845,1270.3683333333333,0.10748807759491633,1527.5,-0.18225859247135845
2006-07-21,1240.3,1249.1,1251.0,1238.7,,-0.7,-0.007045072452165568,-0.14767729521715045,1244.1200000000001,1255.5800000000002,1269.2833333333333,0.10751430236609935,1527.5,-0.18801963993453363
2006-07-24,1260.9,1240.2,1262.5,1240.2,,1.66,0.016608884947190372,-0.13352116547553394,1249.4,1256.4,1268.47,0.10864796310750807,1527.5,-0.17453355155482808
2006-07-25,1268.9,1260.9,1272.4,1257.2,,0.63,0.006344674438892861,-0.1280236393622849,1255.8,1257.315,1267.775,0.10875464645682088,1527.5,-0.16929623567921437
2006-07-26,1268.4,1268.9,1273.9,1261.9,,-0.04,-0.00039404208369453464,-0.12836723474436296,1257.52,1258.775,1267.1616666666669,0.10874351177360295,1527.5,-0.16962356792144018
2006-07-27,1263.2,1268.2,1275.8,1261.9,,-0.41,-0.004099653106275691,-0.1319406267179749,1260.34,1259.6349999999998,1266.3283333333334,0.10873552227062915,1527.5,-0.17302782324058918
2006-07-28,1278.5,1263.2,1280.4,1263.2,,1.21,0.012112096263457772,-0.12142660802638616,1267.98,1259.915,1265.8400000000001,0.109260592527263,1527.5,-0.16301145662847794
2006-07-31,1276.7,1278.5,1278.7,1274.3,,-0.14,-0.001407899882674979,-0.12266355140186713,1271.14,1260.24,1265.2483333333332,0.10899297407494478,1527.5,-0.16418985270049102
2006-08-01,1270.9,1278.5,1278.7,1265.7,,-0.45,-0.004542962324743494,-0.12664925783397274,1271.5400000000002,1259.775,1264.3333333333333,0.10909168585815844,1527.5,-0.1679869067103109
2006-08-02,1278.5,1270.7,1283.4,1270.7,,0.6,0.005980014163191383,-0.12142660802638616,1273.56,1260.1550000000002,1263.563333333333,0.10902410877033226,1527.5,-0.16301145662847794
2006-08-03,1280.3,1278.2,1284.0,1271.2,,0.14,0.001407899882674979,-0.12018966465090519,1276.98,1260.465,1262.8166666666666,0.10902998703745861,1527.5,-0.16183306055646485
2006-08-04,1279.4,1280.3,1292.9,1273.8,,-0.07,-0.0007029602436927629,-0.12080813633864562,1277.16,1261.16,1262.0933333333335,0.10877701687631036,1527.5,-0.16242225859247128
2006-08-07,1275.8,1279.3,1279.3,1273.0,,-0.28,-0.0028138189776458766,-0.12328202308960778,1276.98,1261.585,1261.5916666666667,0.10853295031192962,1527.5,-0.16477905073649757
2006-08-08,1271.5,1275.7,1282.8,1268.4,,-0.34,-0.003370434237341291,-0.1262369433754792,1277.1,1261.535,1261.263333333333,0.10855312474119803,1527.5,-0.16759410801963992
2006-08-09,1266.0,1271.1,1283.7,1264.7,,-0.43,-0.004325599685410908,-0.13001649257833792,1274.6,1261.9050000000002,1260.7883333333332,0.1084425929278155,1527.5,-0.17119476268412437
2006-08-10,1271.8,1265.7,1272.5,1261.3,,0.46,0.0045813586097946946,-0.1260307861462323,1272.9,1263.3799999999999,1260.45,0.10851486303445951,1527.5,-0.16739770867430448
2006-08-11,1266.7,1271.6,1271.6,1262.1,,-0.4,-0.004010064475546415,-0.12953545904342856,1270.3600000000001,1264.9050000000002,1260.3899999999999,0.10837141148119651,1527.5,-0.1707364975450082
2006-08-14,1268.2,1266.7,1278.9,1266.7,,0.12,0.0011841793637008546,-0.12850467289719447,1268.84,1266.5900000000001,1260.4966666666667,0.10820366249299769,1527.5,-0.16975450081833054
2006-08-15,1285.6,1268.2,1286.2,1268.2,,1.37,0.0137202334016715,-0.11654755360087798,1271.66,1269.025,1260.8066666666666,0.1090197460237851,1527.5,-0.15836333878887077
2006-08-16,1295.4,1285.3,1296.2,1285.3,,0.76,0.007622899813316986,-0.10981308411214763,1277.54,1270.805,1261.361666666667,0.10860153598037077,1527.5,-0.15194762684124385
2006-08-17,1297.5,1295.4,1300.8,1292.7,,0.16,0.0016211208893004425,-0.10836998350741989,1282.6799999999998,1273.225,1262.0433333333335,0.1086089992521062,1527.5,-0.15057283142389521
2006-08-18,1302.3,1297.5,1302.3,1293.6,,0.37,0.0036994219653179172,-0.10507146783947041,1289.8,1276.325,1262.7716666666665,0.10865581161156904,1527.5,-0.14743044189852705
2006-08-21,1297.5,1302.3,1302.3,1295.5,,-0.37,-0.00368578668509556,-0.10836998350741978,1295.66,1278.1550000000002,1263.1816666666666,0.10872793830938526,1527.5,-0.15057283142389521
2006-08-22,1298.8,1297.5,1302.5,1294.4,,0.1,0.001001926782273621,-0.10747663551401676,1298.3,1279.65,1263.4916666666666,0.10872173426092573,1527.5,-0.14972176759410805
2006-08-23,1293.0,1298.7,1301.5,1289.5,,-0.45,-0.004465660609793587,-0.11146234194612226,1297.8200000000002,1280.8799999999999,1264.0449999999998,0.10876450646441936,1527.5,-0.15351882160392794
2006-08-24,1296.1,1293.0,1297.2,1291.4,,0.24,0.0023975251353440807,-0.10933205057723827,1297.54,1282.525,1264.4783333333332,0.10856847284139605,1527.5,-0.15148936170212768
2006-08-25,1295.1,1295.9,1298.9,1292.4,,-0.08,-0.0007715454054471049,-0.1100192413413944,1296.1,1283.355,1264.6349999999998,0.10855476178155102,1527.5,-0.1521440261865794
2006-08-28,1301.8,1295.1,1305.0,1294.0,,0.52,0.005173345687591757,-0.10541506322154826,1296.9599999999998,1284.6100000000001,1264.8616666666667,0.10847902757822243,1527.5,-0.14775777414075286
2006-08-29,1304.3,1301.6,1305.0,1295.3,,0.19,0.0019204178829312912,-0.10369708631115793,1298.06,1286.28,1265.5116666666665,0.10834288796963196,1527.5,-0.1461211129296236
2006-08-30,1304.3,1303.7,1306.7,1302.2,,0.0,0.0,-0.10369708631115793,1300.32,1287.57,1266.1866666666667,0.1082853853952238,1527.5,-0.1461211129296236
2006-08-31,1303.8,1304.2,1306.1,1302.5,,-0.04,-0.00038334738940426494,-0.10404068169323599,1301.8600000000001,1288.7450000000001,1266.98,0.10786469877004068,1527.5,-0.1464484451718494
2006-09-01,1311.0,1303.8,1312.0,1303.8,,0.55,0.0055223193741371635,-0.09909290819131178,1305.04,1290.325,1267.8650000000002,0.10798905415261299,1527.5,-0.14173486088379705
2006-09-05,1313.2,1310.9,1314.7,1308.8,,0.17,0.0016781083142638487,-0.09758108851016833,1307.32,1292.195,1268.88,0.1079483288086805,1527.5,-0.14029459901800323
2006-09-06,1300.3,1313.0,1313.0,1299.3,,-0.98,-0.00982333231800192,-0.10644584936778256,1306.52,1293.635,1269.9450000000002,0.10771130685493456,1527.5,-0.1487397708674305
2006-09-07,1294.0,1300.2,1301.2,1292.1,,-0.48,-0.004845035760978167,-0.11077515118196612,1304.46,1295.035,1271.1166666666666,0.1078078881003212,1527.5,-0.15286415711947632
2006-09-08,1298.9,1294.0,1300.1,1294.0,,0.38,0.0037867078825348788,-0.10740791643760095,1303.48,1296.3899999999999,1272.2649999999999,0.10779191425338272,1527.5,-0.14965630114566275
2006-09-11,1299.5,1298.9,1302.4,1290.9,,0.05,0.0004619293248131484,-0.1069956019791074,1301.1799999999998,1298.03,1272.9866666666667,0.10751300964066056,1527.5,-0.14926350245499187
2006-09-12,1313.1,1299.5,1314.3,1299.5,,1.05,0.01046556367833773,-0.09764980758658415,1301.16,1300.275,1274.0133333333333,0.10799722541747872,1527.5,-0.14036006546644852
2006-09-13,1318.1,1312.7,1319.9,1311.1,,0.38,0.0038077831086740233,-0.0942138537658036,1304.7199999999998,1301.9,1275.3133333333333,0.10776883972205226,1527.5,-0.13708674304418988
2006-09-14,1316.3,1318.0,1318.0,1313.2,,-0.14,-0.0013656020028829374,-0.09545079714128468,1309.1799999999998,1302.945,1276.5833333333333,0.1077231337305743,1527.5,-0.13826513911620297
2006-09-15,1319.9,1316.3,1324.7,1316.3,,0.27,0.0027349388437287736,-0.09297691039032252,1313.3799999999999,1304.065,1277.7116666666666,0.10775058177779623,1527.5,-0.13590834697217669
2006-09-18,1321.2,1319.8,1324.9,1318.2,,0.1,0.0009849231002347913,-0.09208356239691962,1317.72,1305.01,1278.9716666666668,0.107453291322504,1527.5,-0.13505728314238952
2006-09-19,1318.3,1321.2,1322.0,1312.2,,-0.22,-0.0021949742658190496,-0.09407641561297253,1318.7599999999998,1306.05,1280.2016666666666,0.10732148147628294,1527.5,-0.13695581014729952
2006-09-20,1325.2,1318.3,1328.5,1318.3,,0.52,0.005234013502237733,-0.0893347993402952,1320.18,1307.3700000000001,1281.4450000000002,0.10711966201600129,1527.5,-0.1324386252045826
2006-09-21,1318.0,1324.9,1328.2,1315.5,,-0.54,-0.0054331421672201285,-0.09428257284221941,1320.52,1308.6200000000001,1282.7583333333334,0.10685844559997558,1527.5,-0.13715220949263507
2006-09-22,1314.8,1318.0,1318.0,1310.9,,-0.24,-0.002427921092564511,-0.0964815832875191,1319.5,1309.555,1283.9049999999997,0.10684393160876701,1527.5,-0.1392471358428805
2006-09-25,1326.4,1314.8,1329.3,1311.6,,0.88,0.008822634621235226,-0.08851017042330789,1320.54,1311.12,1284.7966666666666,0.10718016488166815,1527.5,-0.1316530278232405
2006-09-26,1336.3,1326.3,1336.6,1325.3,,0.75,0.0074638118214716,-0.08170698185816228,1324.1399999999999,1312.845,1285.8983333333335,0.10741456861208057,1527.5,-0.12517184942716864
2006-09-27,1336.6,1336.1,1340.1,1333.5,,0.02,0.00022450048641764475,-0.0815008246289155,1326.4199999999998,1314.46,1286.8383333333334,0.10741424235099148,1527.5,-0.12497545008183308
2006-09-28,1339.2,1336.6,1340.3,1333.8,,0.19,0.0019452341762682401,-0.07971412864210947,1330.6599999999999,1316.2050000000002,1287.9766666666665,0.10742378137417954,1527.5,-0.12327332242225852
2006-09-29,1335.8,1339.2,1339.9,1335.6,,-0.25,-0.0025388291517324246,-0.08205057724024034,1334.8600000000001,1317.8049999999998,1289.005,0.10712597649632939,1527.5,-0.12549918166939444
2006-10-02,1331.3,1335.8,1338.5,1330.3,,-0.34,-0.0033687677796077065,-0.08514293567894293,1335.84,1318.82,1290.1016666666667,0.10718932946349431,1527.5,-0.12844517184942716
2006-10-03,1334.1,1331.3,1338.3,1327.1,,0.21,0.0021032073912716776,-0.08321880153930583,1335.4,1319.8650000000002,1291.2150000000001,0.10718393365388434,1527.5,-0.12661211129296246
2006-10-04,1350.2,1333.8,1350.2,1331.5,,1.21,0.012068060865002783,-0.07215503023639203,1338.1200000000001,1322.36,1292.51,0.10732032453829676,1527.5,-0.11607201309328963
2006-10-05,1353.2,1349.8,1353.8,1347.8,,0.22,0.0022218930528810077,-0.07009345794392363,1340.9199999999998,1325.32,1294.0866666666666,0.106222455842208,1527.5,-0.11410801963993455
2006-10-06,1349.6,1353.2,1353.2,1344.2,,-0.27,-0.002660360626662861,-0.0725673446948858,1343.6799999999998,1327.855,1295.875,0.10616964603034239,1527.5,-0.11646481178396073
2006-10-09,1350.7,1349.6,1352.7,1346.5,,0.08,0.0008150563129816213,-0.07181143485431407,1347.56,1330.415,1297.7833333333333,0.1061222064452129,1527.5,-0.11574468085106382
2006-10-10,1353.4,1350.6,1354.2,1348.6,,0.2,0.0019989635004071804,-0.06995601979109256,1351.42,1332.4299999999998,1299.7649999999999,0.10585061210783131,1527.5,-0.11397708674304408
2006-10-11,1350.0,1353.3,1354.0,1343.6,,-0.25,-0.0025121915176592458,-0.07229246838922343,1351.3799999999999,1334.025,1301.65,0.10586368147445545,1527.5,-0.11620294599018
2006-10-12,1362.8,1349.9,1363.8,1349.9,,0.95,0.009481481481481424,-0.06349642660802501,1353.3,1336.35,1303.3666666666666,0.10603053625492992,1527.5,-0.10782324058919801
2006-10-13,1365.6,1362.8,1366.6,1360.5,,0.21,0.0020545934840034974,-0.06157229246838791,1356.5,1338.6349999999998,1305.3083333333334,0.1060315496950906,1527.5,-0.1059901800327333
2006-10-16,1369.0,1365.6,1370.2,1364.5,,0.25,0.0024897480960750507,-0.05923584387025704,1360.1599999999999,1341.025,1307.4533333333336,0.10576546988062185,1527.5,-0.10376432078559739
2006-10-17,1364.0,1369.0,1369.0,1356.9,,-0.37,-0.0036523009495982306,-0.0626717976910377,1362.28,1343.31,1309.1716666666666,0.10582360451631227,1527.5,-0.10703764320785603
2006-10-18,1366.0,1363.9,1372.9,1361.0,,0.15,0.0014662756598240456,-0.06129741616272544,1365.48,1345.35,1310.7900000000002,0.10528589466168446,1527.5,-0.10572831423895257
2006-10-19,1367.0,1366.0,1368.1,1362.1,,0.07,0.0007320644216690653,-0.060610225398569306,1366.3200000000002,1347.8,1312.4333333333334,0.10428664146759528,1527.5,-0.10507364975450084
2006-10-20,1368.6,1366.9,1368.7,1362.1,,0.12,0.0011704462326260767,-0.05951072017591963,1366.9199999999998,1350.49,1314.1899999999998,0.10310452999957415,1527.5,-0.10402618657937812
2006-10-23,1377.0,1368.6,1377.4,1363.9,,0.61,0.006137658921525624,-0.0537383177570081,1368.52,1353.02,1315.8316666666665,0.10324836710513574,1527.5,-0.09852700490998367
2006-10-24,1377.4,1377.0,1377.8,1372.4,,0.03,0.00029048656499641723,-0.05346344145134563,1371.2,1355.075,1317.51,0.10196761940394776,1527.5,-0.09826513911620294
2006-10-25,1382.2,1377.4,1383.6,1376.0,,0.35,0.0034848264846811805,-0.050164925783396264,1374.44,1357.355,1319.3650000000002,0.10196482850536422,1527.5,-0.09512274959083467
2006-10-26,1389.1,1382.2,1389.5,1379.5,,0.5,0.004992041672695624,-0.045423309510719045,1378.8600000000001,1359.85,1321.2083333333333,0.1019423400988237,1527.5,-0.09060556464811786
2006-10-27,1377.3,1388.9,1388.9,1375.8,,-0.85,-0.00849470880426173,-0.05353216052776133,1380.6,1361.925,1322.825,0.10174295341904245,1527.5,-0.09833060556464812
2006-10-30,1377.9,1377.3,1381.2,1373.5,,0.04,0.0004356349379222024,-0.05311984606926745,1380.78,1364.2549999999999,1324.4666666666667,0.10048245456584547,1527.5,-0.09793780687397702
2006-10-31,1377.9,1377.9,1381.2,1372.2,,0.0,0.0,-0.05311984606926745,1380.88,1366.4450000000002,1326.1683333333335,0.10026507546024215,1527.5,-0.09793780687397702
2006-11-01,1367.8,1377.8,1382.0,1366.3,,-0.73,-0.007329994919805571,-0.06006047278724447,1378.0,1367.325,1327.7733333333335,0.10049392910358627,1527.5,-0.10454991816693948
2006-11-02,1367.3,1367.4,1368.4,1362.2,,-0.04,-0.0003655505190817143,-0.06040406816932253,1373.64,1368.03,1329.4616666666668,0.10004907162881538,1527.5,-0.10487725040916529
2006-11-03,1364.3,1367.3,1371.7,1361.0,,-0.22,-0.002194105170774563,-0.06246564046179093,1371.04,1368.765,1331.0033333333333,0.10001535111203856,1527.5,-0.10684124386252047
2006-11-06,1379.8,1364.3,1381.4,1364.3,,1.14,0.011361137579711134,-0.051814183617371,1371.4199999999998,1370.22,1332.8883333333333,0.10060669026159118,1527.5,-0.09669394435351886
2006-11-07,1382.8,1379.8,1388.2,1379.2,,0.22,0.0021742281490071402,-0.04975261132490261,1372.4,1371.69,1334.7983333333332,0.10060603925663016,1527.5,-0.09472995090016367
2006-11-08,1385.7,1382.5,1388.6,1376.3,,0.21,0.0020971940989298332,-0.04775975810884969,1375.98,1373.475,1336.4666666666667,0.10054044448413939,1527.5,-0.09283142389525367
2006-11-09,1378.3,1385.4,1388.9,1377.3,,-0.53,-0.005340261239806687,-0.0528449697636052,1378.18,1374.25,1337.8483333333331,0.10070427033678496,1527.5,-0.0976759410801964
2006-11-10,1380.9,1378.3,1381.0,1375.6,,0.19,0.0018863817746499478,-0.05105827377679928,1381.5,1375.015,1339.2383333333332,0.1003985831139996,1527.5,-0.09597381342062183
2006-11-13,1384.4,1380.6,1387.6,1378.8,,0.25,0.002534578897820161,-0.04865310610225293,1382.42,1375.785,1340.6066666666668,0.10038777025870506,1527.5,-0.09368248772504084
2006-11-14,1393.2,1384.4,1394.5,1379.1,,0.64,0.006356544351343585,-0.04260582737767893,1384.5,1377.245,1342.2016666666668,0.10055243469731252,1527.5,-0.08792144026186577
2006-11-15,1396.6,1392.9,1401.3,1392.1,,0.24,0.0024404249210450146,-0.04026937877954817,1386.6799999999998,1378.775,1343.8316666666667,0.10047403492495431,1527.5,-0.08569558101472996
2006-11-16,1399.8,1396.5,1403.8,1396.5,,0.23,0.0022912788199913603,-0.038070368334248594,1390.98,1380.4150000000002,1345.6116666666667,0.10048160878503322,1527.5,-0.08360065466448452
2006-11-17,1401.2,1399.8,1401.2,1394.5,,0.1,0.0010001428775539,-0.0371083012644301,1395.0400000000002,1382.045,1347.3633333333335,0.10008548671473953,1527.5,-0.08268412438625206
2006-11-20,1400.5,1401.2,1404.4,1397.8,,-0.05,-0.0004995717956037815,-0.03758933479933946,1398.2599999999998,1383.22,1349.1200000000001,0.10001249919677957,1527.5,-0.08314238952536823
2006-11-21,1402.8,1400.4,1403.5,1400.0,,0.16,0.0016422706176364432,-0.03600879604178042,1400.1799999999998,1384.49,1350.8033333333333,0.0999066835205448,1527.5,-0.08163666121112934
2006-11-22,1406.1,1402.7,1407.9,1402.3,,0.24,0.0023524379811805662,-0.033741066520065144,1402.08,1385.685,1352.5,0.09981635150874157,1527.5,-0.07947626841243871
2006-11-24,1401.0,1405.9,1405.9,1399.2,,-0.36,-0.0036270535523788006,-0.03724573941726128,1402.3200000000002,1386.28,1354.1116666666667,0.09985258735924142,1527.5,-0.08281505728314242
2006-11-27,1381.9,1401.0,1401.0,1381.4,,-1.36,-0.013633119200570976,-0.05037108301264337,1398.4599999999998,1386.51,1355.4133333333332,0.10082287166712393,1527.5,-0.0953191489361701
2006-11-28,1386.7,1381.6,1387.9,1377.8,,0.35,0.0034734785440335703,-0.047072567344694005,1395.7,1386.95,1356.675,0.10048233764788234,1527.5,-0.09217675941080195
2006-11-29,1399.5,1386.1,1401.1,1386.1,,0.92,0.009230547342611972,-0.03827652556349548,1395.0400000000002,1388.03,1358.1133333333335,0.1008679286891896,1527.5,-0.08379705400981996
2006-11-30,1400.6,1399.5,1406.3,1393.8,,0.08,0.0007859949982136349,-0.037520615722923756,1393.94,1389.67,1359.7849999999999,0.1006366656777333,1527.5,-0.08307692307692316
2006-12-01,1396.7,1400.6,1402.5,1385.9,,-0.28,-0.002784520919605793,-0.04020065970313258,1393.08,1391.1399999999999,1361.4966666666664,0.10000130266539772,1527.5,-0.08563011456628478
2006-12-04,1409.1,1396.7,1411.2,1396.7,,0.89,0.008878069735805738,-0.03167949422759664,1398.52,1393.3799999999999,1363.3333333333333,0.10035879928746258,1527.5,-0.07751227495908353
2006-12-05,1414.8,1409.1,1415.3,1408.8,,0.4,0.004045135192676241,-0.027762506871906623,1404.1399999999999,1395.1299999999999,1365.255,0.10038295790140184,1527.5,-0.07378068739770871
2006-12-06,1412.9,1414.4,1415.9,1411.0,,-0.13,-0.0013429459994344084,-0.029068169323803184,1406.82,1396.635,1366.9183333333333,0.10039615982347813,1527.5,-0.07502454991816687
2006-12-07,1407.3,1412.9,1418.3,1406.8,,-0.4,-0.003963479368674472,-0.03291643760307761,1408.16,1397.715,1368.405,0.10034567218336908,1527.5,-0.07869067103109662
2006-12-08,1409.8,1407.3,1414.1,1403.7,,0.18,0.001776451360761655,-0.03119846069268739,1410.78,1399.29,1369.9633333333334,0.10033893124681753,1527.5,-0.07705400981996735
2006-12-11,1413.0,1409.8,1415.6,1408.6,,0.23,0.002269825507164258,-0.028999450247387704,1411.56,1400.895,1371.515,0.1003264458289571,1527.5,-0.0749590834697218
2006-12-12,1411.6,1413.0,1413.8,1404.8,,-0.1,-0.0009907997169144034,-0.02996151731720631,1410.92,1402.255,1373.0216666666665,0.10033665267746635,1527.5,-0.07587561374795426
2006-12-13,1413.2,1411.3,1416.6,1411.0,,0.11,0.0011334655709833719,-0.02886201209455641,1410.98,1403.2549999999999,1374.6033333333335,0.10020906217762962,1527.5,-0.07482815057283143
2006-12-14,1425.5,1413.2,1427.2,1413.2,,0.87,0.008703651287857328,-0.02040956569543606,1414.62,1404.7,1376.275,0.10047969337138826,1527.5,-0.06677577741407525
2006-12-15,1427.1,1425.5,1431.6,1425.5,,0.11,0.0011224131883549315,-0.019310060472786272,1418.08,1406.065,1378.0933333333332,0.10046395313449487,1527.5,-0.06572831423895265
2006-12-18,1422.5,1427.1,1431.8,1420.7,,-0.32,-0.003223320019620113,-0.022471137987904344,1419.98,1407.1299999999999,1379.8883333333333,0.10047764537981217,1527.5,-0.06873977086743044
2006-12-19,1425.5,1422.4,1428.3,1414.9,,0.21,0.002108963093145899,-0.02040956569543595,1422.76,1408.3799999999999,1381.54,0.10029009278030453,1527.5,-0.06677577741407525
2006-12-20,1423.5,1425.5,1429.0,1423.5,,-0.14,-0.00140301648544372,-0.021783947223748212,1424.8200000000002,1409.415,1382.993333333333,0.10030558137682992,1527.5,-0.06808510638297871
2006-12-21,1418.3,1423.2,1426.4,1415.9,,-0.37,-0.0036529680365297024,-0.025357339197360163,1423.3799999999999,1410.025,1384.355,0.10037061130364593,1527.5,-0.07148936170212772
2006-12-22,1410.8,1418.1,1418.8,1410.3,,-0.53,-0.005288020870055754,-0.03051126992853115,1420.12,1410.5149999999999,1385.5483333333334,0.10046615397903942,1527.5,-0.07639934533551562
2006-12-26,1416.9,1410.8,1417.9,1410.5,,0.43,0.004323787921746591,-0.026319406267178658,1419.0,1412.2649999999999,1386.9,0.1005410723782773,1527.5,-0.07240589198035996
2006-12-27,1426.8,1416.6,1427.7,1416.6,,0.7,0.006987084480203132,-0.019516217702033045,1419.2599999999998,1414.27,1388.4916666666666,0.1002412076554024,1527.5,-0.06592471358428809
2006-12-28,1424.7,1426.8,1427.3,1422.0,,-0.15,-0.0014718250630781915,-0.0209593183067609,1419.5,1415.5300000000002,1390.0016666666666,0.10025756406404213,1527.5,-0.06729950900163661
2006-12-29,1418.3,1424.7,1427.0,1416.7,,-0.45,-0.004492173790973553,-0.025357339197360163,1419.5,1416.415,1391.1366666666665,0.10032043334608053,1527.5,-0.07148936170212772
2007-01-03,1416.6,1418.0,1429.4,1407.9,,-0.12,-0.001198618063879331,-0.026525563496425653,1420.66,1417.4099999999999,1392.1933333333334,0.1001903382589088,1527.5,-0.07260229132569562
2007-01-04,1418.3,1416.6,1421.8,1408.2,,0.12,0.0012000564732457253,-0.025357339197360274,1420.94,1417.8700000000001,1393.3383333333331,0.09891314067658741,1527.5,-0.07148936170212772
2007-01-05,1409.7,1418.3,1418.3,1405.8,,-0.61,-0.006063597264330478,-0.03126717976910298,1417.52,1417.615,1394.3216666666667,0.09907379503236712,1527.5,-0.07711947626841242
2007-01-08,1412.8,1409.3,1415.0,1404.0,,0.22,0.0021990494431438634,-0.029136888400218997,1415.1399999999999,1417.6100000000001,1395.3116666666667,0.09908878006734909,1527.5,-0.07509001636661217
2007-01-09,1412.1,1412.8,1415.6,1405.4,,-0.05,-0.0004954699886750014,-0.029617921935128355,1413.8999999999999,1417.85,1396.3466666666668,0.09868074051526926,1527.5,-0.07554828150572834
2007-01-10,1414.8,1411.9,1416.0,1404.3,,0.19,0.0019120458891013214,-0.027762506871906845,1413.54,1418.1,1397.2133333333334,0.09863822322538804,1527.5,-0.07378068739770871
2007-01-11,1423.8,1414.8,1427.1,1414.8,,0.64,0.006361323155216203,-0.021577789994501773,1414.6399999999999,1418.6399999999999,1398.1833333333334,0.09881586712220101,1527.5,-0.06788870703764327
2007-01-12,1430.7,1423.8,1431.2,1422.6,,0.48,0.004846186262115637,-0.016836173721824332,1418.84,1419.5949999999998,1399.2116666666666,0.09886759882970748,1527.5,-0.06337152209492636
2007-01-16,1431.9,1430.7,1433.9,1428.6,,0.08,0.0008387502621094445,-0.01601154480483702,1422.6599999999999,1420.5300000000002,1400.3433333333332,0.09864093243158926,1527.5,-0.06258592471358426
2007-01-17,1430.6,1431.8,1435.3,1428.6,,-0.09,-0.00090788462881497,-0.016904892798240145,1426.3600000000001,1420.785,1401.4199999999998,0.09864752144344686,1527.5,-0.06343698854337154
2007-01-18,1426.4,1430.6,1433.3,1424.2,,-0.29,-0.002935831119809773,-0.019791094007695742,1428.6799999999998,1420.75,1402.4099999999999,0.0986203867520962,1527.5,-0.06618657937806871
2007-01-19,1430.5,1426.3,1431.6,1425.2,,0.29,0.002874369040942071,-0.016973611874655736,1430.02,1421.15,1403.4416666666666,0.09855383758413412,1527.5,-0.06350245499181673
2007-01-22,1423.0,1430.5,1431.4,1420.4,,-0.52,-0.005242922055225474,-0.022127542605826722,1428.48,1421.025,1404.2083333333333,0.09858562122272768,1527.5,-0.06841243862520463
2007-01-23,1428.0,1423.0,1431.3,1421.7,,0.35,0.0035137034434293835,-0.018691588785046065,1427.7,1421.25,1405.0516666666665,0.09682603327503074,1527.5,-0.06513911620294599
2007-01-24,1440.1,1428.0,1440.1,1428.0,,0.85,0.008473389355742267,-0.010376580538756897,1429.6,1422.34,1406.0166666666667,0.097144395188345,1527.5,-0.05721767594108029
2007-01-25,1423.9,1440.1,1440.7,1422.3,,-1.12,-0.011249218804249561,-0.02150907091808607,1429.1,1422.9950000000001,1406.5966666666668,0.09783694501469431,1527.5,-0.06782324058919798
2007-01-26,1422.2,1423.9,1427.3,1417.0,,-0.12,-0.0011939040662968248,-0.02267729521715156,1427.44,1423.26,1407.345,0.09782609251986042,1527.5,-0.06893617021276588
2007-01-29,1420.6,1422.0,1426.9,1418.5,,-0.11,-0.0011250175783997785,-0.02377680043980146,1426.96,1422.95,1408.0566666666666,0.09760665086914189,1527.5,-0.06998363338788882
2007-01-30,1428.8,1420.6,1428.8,1420.6,,0.58,0.005772208925806099,-0.018141836173721115,1427.12,1423.155,1408.905,0.09747647156746213,1527.5,-0.06461538461538463
2007-01-31,1438.2,1428.7,1441.6,1424.8,,0.66,0.006578947368421018,-0.011682242990653569,1426.74,1424.15,1410.0783333333334,0.09766682445947808,1527.5,-0.058461538461538454
2007-02-01,1445.9,1437.9,1446.6,1437.9,,0.54,0.005353914615491728,-0.006390874106651179,1431.1399999999999,1425.6150000000002,1411.388333333333,0.09768685679002018,1527.5,-0.05342062193126018
2007-02-02,1448.4,1445.9,1449.3,1444.5,,0.17,0.0017290269036587258,-0.004672897196260739,1436.3799999999999,1427.12,1412.7900000000002,0.09768490845280788,1527.5,-0.05178396072013092
2007-02-05,1447.0,1448.3,1449.4,1443.8,,-0.1,-0.0009665838166252883,-0.005634964266079345,1441.66,1428.9850000000001,1413.91,0.09721749240073237,1527.5,-0.05270049099836338
2007-02-06,1448.0,1447.0,1450.2,1443.4,,0.07,0.0006910850034553828,-0.004947773501923214,1445.5,1430.745,1414.9966666666667,0.09703787311977442,1527.5,-0.05204582651391165
2007-02-07,1450.0,1447.4,1453.0,1446.4,,0.14,0.0013812154696133394,-0.00357339197361084,1447.8600000000001,1432.6399999999999,1416.0683333333334,0.09704109034013171,1527.5,-0.0507364975450082
2007-02-08,1448.3,1450.0,1450.5,1442.8,,-0.12,-0.0011724137931035106,-0.00474161627267633,1448.34,1434.315,1417.2350000000001,0.09667024163708092,1527.5,-0.0518494271685761
2007-02-09,1438.1,1448.2,1452.5,1433.4,,-0.7,-0.007042739763861161,-0.011750962067068937,1446.28,1435.0300000000002,1418.1883333333333,0.0966268682566198,1527.5,-0.05852700490998364
2007-02-12,1433.4,1438.0,1439.1,1431.4,,-0.33,-0.0032682010986717636,-0.01498075865860271,1443.56,1435.165,1419.005,0.096680216953048,1527.5,-0.061603927986906615
2007-02-13,1444.3,1433.2,1444.4,1433.2,,0.76,0.007604297474536059,-0.007490379329300856,1442.8200000000002,1435.785,1419.8566666666666,0.0969190492458539,1527.5,-0.05446808510638301
2007-02-14,1455.3,1443.9,1457.7,1443.9,,0.76,0.007616146230007725,6.871907641659014e-05,1443.8799999999999,1437.02,1420.8349999999998,0.097102131686241,1527.5,-0.047266775777414116
2007-02-15,1456.8,1455.2,1458.0,1453.2,,0.1,0.001030715316429509,0.0010995052226507873,1445.58,1438.54,1421.785,0.09664408635830643,1527.5,-0.04628477905073658
2007-02-16,1455.5,1456.8,1456.8,1451.6,,-0.09,-0.000892366831411251,0.00020615722924777202,1449.06,1439.79,1422.6899999999998,0.09660823236280171,1527.5,-0.04713584288052375
2007-02-20,1459.7,1455.5,1460.5,1449.2,,0.29,0.0028856063208519966,0.0030923584387034797,1454.3200000000002,1441.625,1423.6766666666665,0.09639510447789094,1527.5,-0.04438625204582647
2007-02-21,1457.6,1459.6,1459.6,1452.0,,-0.14,-0.0014386517777627006,0.0016492578339755148,1456.98,1443.105,1424.5900000000001,0.09638929742088488,1527.5,-0.04576104746317522
2007-02-22,1456.4,1457.3,1461.6,1450.5,,-0.08,-0.0008232711306255247,0.0008246289169884236,1457.2,1443.92,1425.4283333333333,0.09632423034712928,1527.5,-0.04654664484451709
2007-02-23,1451.2,1456.2,1456.2,1448.4,,-0.36,-0.003570447679208999,-0.0027487630566234156,1456.0800000000002,1445.285,1426.2649999999999,0.0961505617983014,1527.5,-0.0499509001636661
2007-02-26,1449.4,1451.0,1457.0,1445.5,,-0.12,-0.0012403528114663942,-0.003985706432104497,1454.8600000000001,1446.645,1427.39,0.09607070220206745,1527.5,-0.05112929623567919
2007-02-27,1399.0,1449.2,1449.2,1389.4,,-3.48,-0.03477300952118123,-0.038620120945573544,1442.72,1445.565,1427.595,0.10233323970146946,1527.5,-0.08412438625204588
2007-02-28,1406.8,1398.6,1415.9,1396.7,,0.56,0.005575411007862741,-0.033260032985155785,1432.56,1444.465,1427.7166666666667,0.1024139203708466,1527.5,-0.07901800327332242
2007-03-01,1403.2,1406.8,1409.5,1380.9,,-0.26,-0.002558999147000196,-0.035733919736117725,1421.9199999999998,1442.715,1427.76,0.10189104014674674,1527.5,-0.0813747954173486
2007-03-02,1387.2,1403.2,1403.4,1386.9,,-1.14,-0.011402508551881407,-0.04672897196261583,1409.1200000000001,1439.78,1427.6016666666667,0.10226622935208467,1527.5,-0.09184942716857603
2007-03-05,1374.1,1387.1,1391.9,1374.0,,-0.94,-0.009443483275663356,-0.05573117097306124,1394.06,1436.065,1427.0183333333334,0.10271226680237487,1527.5,-0.10042553191489367
2007-03-06,1395.4,1374.1,1397.9,1374.1,,1.55,0.015501055236154748,-0.041094007696535484,1393.3400000000001,1433.4850000000001,1426.695,0.1038189333777957,1527.5,-0.08648117839607194
2007-03-07,1392.0,1395.0,1401.2,1390.6,,-0.24,-0.0024365773254981793,-0.043430456294666464,1390.3799999999999,1430.685,1426.3466666666668,0.10360107432649727,1527.5,-0.08870703764320786
2007-03-08,1401.9,1391.9,1407.9,1391.9,,0.71,0.007112068965517304,-0.03662726772952074,1390.1200000000001,1428.2800000000002,1426.2566666666667,0.10379603342987231,1527.5,-0.08222585924713577
2007-03-09,1402.8,1401.9,1410.2,1397.3,,0.06,0.0006419858763107023,-0.0360087960417802,1393.24,1426.005,1426.1399999999999,0.10378323986599745,1527.5,-0.08163666121112934
2007-03-12,1406.6,1402.8,1409.3,1398.4,,0.27,0.0027088679783289216,-0.03339747113798708,1399.74,1424.4299999999998,1426.0333333333333,0.10367132505588288,1527.5,-0.07914893617021279
2007-03-13,1378.0,1406.2,1406.2,1377.7,,-2.03,-0.020332717190388094,-0.053051126992852304,1396.2599999999998,1421.66,1425.4733333333336,0.1054907994314851,1527.5,-0.09787234042553195
2007-03-14,1387.2,1377.9,1388.1,1364.0,,0.67,0.006676342525399059,-0.04672897196261594,1395.3,1418.8049999999998,1425.04,0.10567029032331007,1527.5,-0.09184942716857603
2007-03-15,1392.3,1387.1,1395.7,1385.2,,0.37,0.003676470588235281,-0.04322429906541969,1393.3799999999999,1415.655,1424.4866666666667,0.10523653643657858,1527.5,-0.08851063829787242
2007-03-16,1387.0,1392.3,1397.5,1383.6,,-0.38,-0.0038066508654743814,-0.04686641011544712,1390.2199999999998,1412.165,1423.8183333333334,0.10524188638326624,1527.5,-0.0919803600654664
2007-03-19,1402.1,1387.0,1403.2,1387.0,,1.09,0.010886806056236376,-0.03648982957668967,1389.3200000000002,1409.4950000000001,1423.4783333333332,0.10576599981501236,1527.5,-0.08209492635024551
2007-03-20,1410.9,1402.0,1411.5,1400.7,,0.63,0.006276299835960453,-0.03044255085211567,1395.9,1407.0549999999998,1423.2350000000001,0.10592833938608386,1527.5,-0.07633387888707033
2007-03-21,1435.0,1410.9,1437.8,1409.8,,1.71,0.017081295626904858,-0.013881253435952923,1405.4599999999998,1405.925,1423.4266666666667,0.10722667935872353,1527.5,-0.060556464811784005
2007-03-22,1434.5,1435.0,1437.7,1429.9,,-0.03,-0.00034843205574908165,-0.014224848818030988,1413.9,1404.83,1423.6966666666667,0.10703359965242261,1527.5,-0.060883797054009814
2007-03-23,1436.1,1434.5,1438.9,1433.2,,0.11,0.0011153712094806867,-0.0131253435953812,1423.72,1404.075,1424.118333333333,0.10688870501641085,1527.5,-0.059836333878887094
2007-03-26,1437.5,1436.1,1437.7,1423.3,,0.1,0.000974862474758087,-0.012163276525562594,1430.8,1403.48,1424.4616666666666,0.10684965351310696,1527.5,-0.05891980360065463
2007-03-27,1428.6,1437.5,1437.5,1425.5,,-0.62,-0.00619130434782611,-0.018279274326552186,1434.34,1404.96,1424.4916666666666,0.10705203740416527,1527.5,-0.064746317512275
2007-03-28,1417.2,1428.3,1428.3,1414.1,,-0.8,-0.007979840403191885,-0.026113249037931996,1430.78,1405.48,1424.3666666666666,0.10736899112472494,1527.5,-0.07220949263502452
2007-03-29,1422.5,1417.2,1426.2,1413.3,,0.37,0.003739768557719403,-0.022471137987904566,1428.3799999999999,1406.4450000000002,1424.4366666666667,0.10720323569292387,1527.5,-0.06873977086743044
2007-03-30,1420.9,1422.5,1429.2,1408.9,,-0.11,-0.0011247803163444425,-0.023570643210554354,1425.34,1408.1299999999999,1424.5083333333334,0.10697647711534283,1527.5,-0.06978723404255316
2007-04-02,1424.5,1420.8,1425.5,1416.4,,0.25,0.002533605461327193,-0.021096756459592414,1422.74,1410.65,1424.611666666667,0.1069701987668658,1527.5,-0.06743044189852698
2007-04-03,1437.8,1424.3,1440.6,1424.3,,0.93,0.009336609336609403,-0.011957119296315821,1424.5800000000002,1412.77,1425.0799999999997,0.1072458429058961,1527.5,-0.05872340425531919
2007-04-04,1439.4,1437.8,1440.2,1435.1,,0.11,0.0011128112393936629,-0.010857614073665922,1429.02,1415.1399999999999,1425.5233333333335,0.10723142741362453,1527.5,-0.05767594108019636
2007-04-05,1443.8,1438.9,1444.9,1436.7,,0.31,0.003056829234403091,-0.007833974711379033,1433.2800000000002,1417.235,1426.0516666666667,0.10710548260665788,1527.5,-0.05479541734860882
2007-04-09,1444.6,1443.8,1448.1,1443.3,,0.06,0.0005540933647318891,-0.007284222100054194,1438.02,1419.325,1426.5483333333332,0.10703237766958754,1527.5,-0.05427168576104757
2007-04-10,1448.4,1444.6,1448.7,1444.0,,0.26,0.0026304859476673492,-0.004672897196260739,1442.8,1421.415,1426.9583333333333,0.10702843631675697,1527.5,-0.05178396072013092
2007-04-11,1438.9,1448.2,1448.4,1436.2,,-0.66,-0.006558961612814107,-0.011201209455743988,1443.02,1424.46,1427.095,0.1067156804571694,1527.5,-0.058003273322422166
2007-04-12,1447.8,1438.9,1448.0,1433.9,,0.62,0.006185280422544848,-0.005085211654754618,1444.7,1427.49,1427.3600000000001,0.10686956086735427,1527.5,-0.05217675941080202
2007-04-13,1452.8,1447.8,1453.1,1444.2,,0.35,0.0034535156789612387,-0.0016492578339739605,1446.5,1430.5149999999999,1427.73,0.10659520936601556,1527.5,-0.04890343698854338
2007-04-16,1468.5,1452.8,1468.6,1452.8,,1.08,0.010806718061673992,0.009139637163277259,1451.28,1434.59,1428.4316666666668,0.10709007279506962,1527.5,-0.038625204582651396
2007-04-17,1471.5,1468.5,1474.3,1467.2,,0.2,0.0020429009193054792,0.011201209455745653,1455.9,1438.06,1429.1150000000002,0.10710033326319882,1527.5,-0.03666121112929621
2007-04-18,1472.5,1471.5,1476.6,1466.4,,0.07,0.0006795786612301402,0.011888400219901785,1462.6200000000001,1441.1399999999999,1429.94,0.10704287522011231,1527.5,-0.036006546644844484
2007-04-19,1470.7,1472.5,1474.2,1464.5,,-0.12,-0.0012224108658743793,0.010651456844420704,1467.2,1442.925,1430.6516666666669,0.10570909567471448,1527.5,-0.03718494271685757
2007-04-20,1484.3,1470.7,1484.7,1470.7,,0.92,0.009247297205412286,0.019997251236943958,1473.5,1445.415,1431.3883333333333,0.1060649705429545,1527.5,-0.028281505728314227
2007-04-23,1480.9,1484.3,1487.3,1480.2,,-0.23,-0.0022906420534931637,0.0176608026388132,1475.98,1447.655,1432.3383333333334,0.10609973942188787,1527.5,-0.030507364975450035
2007-04-24,1480.4,1480.9,1483.8,1473.7,,-0.03,-0.0003376325207643527,0.017317207256735134,1477.76,1449.8,1433.3083333333334,0.10610105184352636,1527.5,-0.030834697217675844
2007-04-25,1495.4,1480.3,1496.6,1480.3,,1.01,0.01013239664955412,0.027625068719077106,1482.3400000000001,1453.1399999999999,1434.555,0.1064949862229941,1527.5,-0.021014729950900146
2007-04-26,1494.2,1495.3,1498.0,1491.2,,-0.08,-0.0008024608800321076,0.026800439802089793,1487.0400000000002,1456.99,1435.645,0.10636344452475946,1527.5,-0.021800327332242242
2007-04-27,1494.1,1494.2,1497.3,1488.7,,-0.01,-6.692544505426667e-05,0.02673172072567409,1489.0,1460.57,1436.5766666666668,0.106340822251053,1527.5,-0.021865793780687426
2007-04-30,1482.4,1494.1,1497.2,1482.3,,-0.78,-0.00783080115119461,0.018691588785047397,1489.3000000000002,1463.645,1437.1850000000002,0.10663498949101378,1527.5,-0.0295253682487725
2007-05-01,1486.3,1482.4,1487.3,1476.7,,0.26,0.002630868861305924,0.02137163276525622,1490.48,1466.7350000000001,1437.8166666666666,0.10665586805329345,1527.5,-0.026972176759410882
2007-05-02,1495.9,1486.1,1499.1,1486.1,,0.65,0.0064589921281035245,0.027968664101155172,1490.5800000000002,1469.6399999999999,1438.6316666666667,0.10671824109862568,1527.5,-0.020687397708674227
2007-05-03,1502.4,1495.6,1503.3,1495.6,,0.43,0.0043452102413263916,0.032435404068170026,1492.22,1472.7900000000002,1439.5383333333334,0.10663971119383701,1527.5,-0.01643207855973805
2007-05-04,1505.6,1502.3,1510.3,1501.8,,0.21,0.0021299254526090383,0.0346344145134696,1494.52,1475.88,1440.465,0.10654798118085539,1527.5,-0.01433715220949272
2007-05-07,1509.5,1505.6,1511.0,1505.5,,0.26,0.0025903294367695118,0.03731445849367865,1499.94,1479.125,1441.485,0.10653049280573405,1527.5,-0.011783960720130882
2007-05-08,1507.7,1509.4,1509.4,1500.7,,-0.12,-0.0011924478304073949,0.03607751511819757,1504.2199999999998,1482.0900000000001,1442.645,0.10609061683690296,1527.5,-0.01296235679214397
2007-05-09,1512.6,1507.3,1513.8,1503.8,,0.32,0.0032499834184518406,0.03944474986256252,1507.56,1485.775,1443.965,0.10611645938758717,1527.5,-0.009754500818330625
2007-05-10,1491.5,1512.3,1512.3,1491.4,,-1.39,-0.013949490942747556,0.024945024738868282,1505.3799999999999,1487.96,1444.7516666666668,0.10710214979375557,1527.5,-0.023567921440261874
2007-05-11,1505.8,1491.5,1506.2,1491.5,,0.96,0.009587663426081194,0.034771852666301006,1505.42,1490.6100000000001,1445.5933333333335,0.10746363222353641,1527.5,-0.014206219312602353
2007-05-14,1503.2,1505.8,1510.9,1498.3,,-0.17,-0.001726656926550607,0.0329851566794952,1504.16,1492.345,1446.3666666666666,0.10665433037245148,1527.5,-0.01590834697217669
2007-05-15,1501.2,1503.1,1514.8,1500.4,,-0.13,-0.0013304949441191871,0.031610775151182935,1502.8600000000001,1493.8300000000002,1447.1283333333333,0.10600818040687986,1527.5,-0.017217675941080146
2007-05-16,1514.1,1500.8,1514.2,1500.8,,0.86,0.008593125499600118,0.04047553600879672,1503.1599999999999,1495.91,1448.035,0.10629038500565548,1527.5,-0.008772504091653088
2007-05-17,1512.8,1514.0,1517.1,1509.3,,-0.09,-0.0008585958655306092,0.039582188015393927,1507.4199999999998,1498.0149999999999,1448.9550000000002,0.10627155398333293,1527.5,-0.009623567921440257
2007-05-18,1522.8,1512.7,1522.8,1512.7,,0.66,0.0066102591221575135,0.04645409565695524,1510.82,1499.94,1450.0616666666667,0.10497121698752072,1527.5,-0.003076923076923088
2007-05-21,1525.1,1522.8,1529.9,1522.7,,0.15,0.0015103756238508126,0.04803463441451439,1515.2,1502.15,1451.2933333333335,0.10470823606581962,1527.5,-0.0015711947626841916
2007-05-22,1524.1,1525.1,1529.2,1522.0,,-0.07,-0.0006556947085436526,0.047347443650358256,1519.78,1504.3349999999998,1452.5383333333334,0.10466388480332318,1527.5,-0.0022258592471359195
2007-05-23,1522.3,1524.1,1532.4,1521.9,,-0.12,-0.0011810248671346724,0.046110500274877175,1521.4199999999998,1505.68,1454.5933333333332,0.10457920869317514,1527.5,-0.0034042553191490077
2007-05-24,1507.5,1522.1,1529.3,1505.2,,-0.97,-0.009722130986007937,0.03594007696536661,1520.3600000000001,1506.345,1456.2716666666665,0.1049798775510517,1527.5,-0.013093289689034338
2007-05-25,1515.7,1507.5,1517.4,1507.5,,0.54,0.005439469320066337,0.04157504123144684,1518.94,1507.425,1458.1466666666668,0.10508152098399826,1527.5,-0.007725040916530257
2007-05-29,1518.1,1515.5,1521.8,1512.0,,0.16,0.0015834267994985218,0.04322429906542147,1517.5400000000002,1509.21,1460.3283333333334,0.10454460351445911,1527.5,-0.006153846153846176
2007-05-30,1530.2,1517.6,1530.2,1510.1,,0.8,0.007970489427574057,0.05153930731171075,1518.76,1511.4050000000002,1462.9299999999998,0.10467606824712036,1530.2,0.0
2007-05-31,1530.6,1530.2,1535.6,1528.3,,0.03,0.00026140373807326256,0.05181418361737289,1520.4199999999998,1513.1399999999999,1465.1833333333334,0.10333165929505089,1530.6,0.0
2007-06-01,1536.3,1530.6,1540.6,1530.6,,0.37,0.0037240297922382926,0.055731170973062794,1526.1799999999998,1514.835,1467.5883333333334,0.10310801753643131,1536.3,0.0
2007-06-04,1539.2,1536.3,1540.5,1532.3,,0.19,0.001887652151272512,0.057724024189115486,1530.8799999999999,1516.5149999999999,1469.8766666666668,0.10246538511646852,1539.2,0.0
2007-06-05,1531.0,1539.1,1539.1,1525.6,,-0.53,-0.0053274428274429075,0.05208905992303503,1533.4599999999998,1517.59,1472.0133333333333,0.10263711740660064,1539.2,-0.0053274428274429075
2007-06-06,1517.4,1530.6,1530.6,1514.1,,-0.89,-0.008883082952318655,0.042743265530511776,1530.9,1518.075,1473.86,0.1014071068357008,1539.2,-0.014163201663201619
2007-06-07,1490.7,1517.4,1517.4,1490.4,,-1.76,-0.017595887702649304,0.02439527212754311,1522.92,1516.98,1475.7383333333335,0.10303496045711692,1539.2,-0.03150987525987525
2007-06-08,1507.7,1490.7,1507.8,1487.4,,1.14,0.011404038371235048,0.036077515118197345,1517.2,1517.79,1477.7466666666667,0.10337116533787691,1539.2,-0.02046517671517667
2007-06-11,1509.1,1507.6,1515.5,1503.3,,0.09,0.0009285666909861767,0.03703958218801584,1511.18,1517.9550000000002,1479.6933333333332,0.10336953108384041,1539.2,-0.019555613305613395
2007-06-12,1493.0,1509.1,1511.3,1493.0,,-1.07,-0.010668610430057623,0.025975810885102257,1503.5800000000002,1517.4450000000002,1481.4599999999998,0.10386898913348609,1539.2,-0.030015592515592493
2007-06-13,1515.7,1492.7,1515.7,1492.7,,1.52,0.015204286671131939,0.0415750412314464,1503.24,1518.1699999999998,1483.3533333333335,0.10399814903038873,1539.2,-0.0152676715176715
2007-06-14,1523.0,1515.6,1526.5,1515.6,,0.48,0.004816256515141504,0.0465915338097862,1509.7,1518.615,1485.2216666666668,0.10347426139998332,1539.2,-0.010524948024948078
2007-06-15,1532.9,1525.5,1538.7,1525.5,,0.65,0.006500328299409164,0.053394722374932035,1514.7400000000002,1519.6200000000001,1486.8533333333332,0.10353893755353077,1539.2,-0.0040930353430352895
2007-06-18,1531.0,1532.9,1535.4,1529.3,,-0.12,-0.0012394807228129912,0.052089059923035474,1519.1200000000001,1520.03,1488.4616666666666,0.10151263165492344,1539.2,-0.0053274428274429075
2007-06-19,1533.7,1531.0,1535.8,1525.7,,0.18,0.0017635532331810033,0.05394447498625721,1527.26,1520.46,1490.0883333333334,0.10141427575947107,1539.2,-0.0035732848232847836
2007-06-20,1512.8,1533.7,1537.3,1512.4,,-1.36,-0.013627176110060701,0.039582188015393927,1526.6799999999998,1519.895,1491.3433333333335,0.10195791383202531,1539.2,-0.01715176715176725
2007-06-21,1522.2,1512.5,1522.9,1504.8,,0.62,0.0062136435748281205,0.04604178119846147,1526.52,1519.8899999999999,1492.9033333333332,0.10209761744934809,1539.2,-0.011044698544698583
2007-06-22,1502.6,1522.2,1522.2,1500.7,,-1.29,-0.0128761003810276,0.03257284222100121,1520.46,1519.645,1494.3266666666668,0.10261905764019595,1539.2,-0.02377858627858631
2007-06-25,1497.7,1502.6,1514.3,1492.7,,-0.33,-0.003261014241980442,0.029205607476636253,1513.8,1518.7450000000001,1495.5800000000002,0.10252041675695106,1539.2,-0.026962058212058215
2007-06-26,1492.9,1497.7,1506.1,1490.5,,-0.32,-0.0032049142017760435,0.025907091808686777,1505.6399999999999,1517.4850000000001,1496.7799999999997,0.10258387766836805,1539.2,-0.03008056133056125
2007-06-27,1506.3,1492.6,1506.8,1484.2,,0.9,0.008975818876012953,0.03511544804837885,1504.34,1516.29,1498.1433333333332,0.10283029885093367,1539.2,-0.021374740124740166
2007-06-28,1505.7,1506.3,1514.8,1503.4,,-0.04,-0.00039832702648867624,0.034703133589885304,1501.04,1515.045,1499.275,0.10235823347311235,1539.2,-0.021764553014553045
2007-06-29,1503.3,1505.7,1517.5,1493.6,,-0.16,-0.0015939430165372581,0.033053875755910456,1501.18,1513.395,1500.34,0.10227716146788773,1539.2,-0.023323804573804674
2007-07-02,1519.4,1504.7,1519.5,1504.7,,1.07,0.010709771835295756,0.04411764705882426,1505.52,1512.405,1501.6,0.10061853153988179,1539.2,-0.012863825363825354
2007-07-03,1524.9,1519.1,1526.0,1519.1,,0.36,0.003619849940766029,0.047897196261682984,1511.92,1512.1,1502.9383333333333,0.10061940247441005,1539.2,-0.00929054054054046
2007-07-05,1525.4,1524.9,1526.6,1517.7,,0.03,0.0003278903534658095,0.04824079164376105,1515.74,1512.5,1504.2216666666666,0.10036539562742773,1539.2,-0.008965696465696449
2007-07-06,1530.4,1525.0,1532.4,1520.5,,0.33,0.003277828766225177,0.05167674546454171,1520.68,1514.4850000000001,1505.7466666666667,0.10007709746694204,1539.2,-0.005717255717255676
2007-07-09,1531.8,1530.4,1534.3,1527.5,,0.09,0.0009147935180344735,0.0526388125343602,1526.3799999999999,1515.69,1507.1466666666668,0.10006162339244017,1539.2,-0.004807692307692402
2007-07-10,1510.1,1531.8,1531.8,1510.0,,-1.42,-0.014166340253296772,0.037726772952172194,1524.52,1515.74,1508.1016666666665,0.10089121346940963,1539.2,-0.018905925155925263
2007-07-11,1518.8,1509.9,1519.3,1506.1,,0.58,0.005761207867028606,0.04370533260033049,1523.3,1517.03,1508.9399999999998,0.10101468891154237,1539.2,-0.013253638253638345
2007-07-12,1547.7,1518.7,1547.9,1518.7,,1.9,0.019028180142217632,0.06356514568444283,1527.76,1518.63,1510.2099999999998,0.10260383906624305,1547.7,0.0
2007-07-13,1552.5,1547.7,1555.1,1544.8,,0.31,0.0031013762357046115,0.0668636613523923,1532.1799999999998,1520.105,1511.5433333333333,0.101951705478048,1552.5,0.0
2007-07-16,1549.5,1552.5,1555.9,1546.7,,-0.19,-0.0019323671497584183,0.0648020890599239,1535.72,1520.935,1512.8566666666666,0.10104520063825499,1552.5,-0.0019323671497584183
2007-07-17,1549.4,1549.5,1555.3,1547.7,,-0.01,-6.45369474023827e-05,0.0647333699835082,1543.58,1521.855,1513.9416666666666,0.10088163483091418,1552.5,-0.001996779388083625
2007-07-18,1546.2,1549.2,1549.2,1533.7,,-0.21,-0.0020653156060410627,0.06253435953820863,1549.06,1522.48,1515.03,0.10089973506662996,1552.5,-0.004057971014492678
2007-07-19,1553.1,1546.1,1555.2,1546.1,,0.45,0.00446255335661605,0.06727597581088585,1550.1399999999999,1524.4950000000001,1516.2416666666666,0.10095696379526906,1553.1,0.0
2007-07-20,1534.1,1553.2,1553.2,1529.2,,-1.22,-0.0122335973214861,0.05421935129191935,1546.46,1525.09,1516.8866666666665,0.10025821270020553,1553.1,-0.0122335973214861
2007-07-23,1541.6,1534.1,1547.2,1534.1,,0.49,0.004888859917867139,0.059373282023090335,1544.8799999999999,1527.04,1517.6766666666667,0.09990504239939181,1553.1,-0.007404545747215274
2007-07-24,1511.0,1541.6,1541.6,1508.6,,-1.98,-0.01984950700570831,0.038345244639912845,1537.2,1527.705,1517.9583333333333,0.10172556226902355,1553.1,-0.027107076170240108
2007-07-25,1518.1,1511.0,1524.3,1503.7,,0.47,0.004698874917273166,0.043224299065421246,1531.58,1528.965,1518.5533333333333,0.10055829784258957,1553.1,-0.02253557401326378
2007-07-26,1482.7,1518.1,1518.1,1465.3,,-2.33,-0.023318621961662567,0.01889774601429428,1517.5,1527.785,1518.493333333333,0.1032427336796686,1553.1,-0.04532869744382195
2007-07-27,1459.0,1482.4,1488.5,1459.0,,-1.6,-0.01598435286976463,0.00261132490379401,1502.48,1525.45,1517.8783333333333,0.10456800213555449,1553.1,-0.06058850041851771
2007-07-30,1473.9,1458.9,1477.9,1454.3,,1.02,0.01021247429746408,0.012850467289720502,1488.94,1523.98,1517.4033333333332,0.10490421267760788,1553.1,-0.05099478462429963
2007-07-31,1455.3,1473.9,1488.3,1454.2,,-1.26,-0.012619580704254063,6.87190764163681e-05,1477.8,1520.775,1516.565,0.10510257711727954,1553.1,-0.06297083252849134
2007-08-01,1465.8,1455.2,1468.4,1439.6,,0.72,0.00721500721500723,0.007284222100055748,1467.34,1517.8200000000002,1515.8366666666666,0.10529600097829352,1553.1,-0.056210160324512204
2007-08-02,1472.2,1465.5,1476.4,1460.6,,0.44,0.00436621640060042,0.011682242990655123,1465.24,1515.1599999999999,1515.2450000000001,0.10523853422544911,1553.1,-0.05208936964780109
2007-08-03,1433.1,1472.2,1473.2,1432.8,,-2.66,-0.026558891454965483,-0.015186915887849706,1460.06,1510.295,1513.9199999999998,0.10854852275102726,1553.1,-0.077264825188333
2007-08-06,1467.7,1433.0,1467.7,1427.4,,2.41,0.024143465215267668,0.008589884551952531,1458.82,1507.09,1513.5233333333333,0.11109549350273305,1553.1,-0.054986800592363605
2007-08-07,1476.7,1467.6,1488.3,1455.8,,0.61,0.006132043333106241,0.014774601429357714,1463.1,1505.4199999999998,1513.0383333333334,0.11122724657753123,1553.1,-0.04919193870323857
2007-08-08,1497.5,1476.2,1503.9,1476.2,,1.41,0.01408546082481199,0.02906816932380507,1469.44,1504.355,1512.9433333333334,0.1119886306871651,1553.1,-0.03579936900392755
2007-08-09,1453.1,1497.2,1497.2,1453.1,,-2.96,-0.029649415692821424,-0.0014431006047271877,1465.6200000000001,1499.625,1512.1416666666667,0.11595154531857642,1553.1,-0.06438735432361087
2007-08-10,1453.6,1453.1,1462.0,1429.7,,0.03,0.0003440919413666421,-0.001099505222649233,1469.7199999999998,1494.6799999999998,1511.1333333333334,0.11584812627736674,1553.1,-0.0640654175519928
2007-08-13,1452.9,1453.4,1466.3,1451.5,,-0.05,-0.0004815630159602513,-0.0015805387575583696,1466.76,1489.85,1510.1349999999998,0.11578295909333709,1553.1,-0.0645161290322579
2007-08-14,1426.5,1452.9,1456.7,1426.2,,-1.82,-0.018170555440842562,-0.019722374931280262,1456.72,1483.705,1508.53,0.11720075436021793,1553.1,-0.08151439057369125
2007-08-15,1406.7,1426.2,1440.8,1404.4,,-1.39,-0.013880126182965302,-0.0333287520615716,1438.56,1476.73,1506.5566666666666,0.11807717881666588,1553.1,-0.09426308672976624
2007-08-16,1411.3,1406.6,1416.0,1370.6,,0.33,0.003270064690410024,-0.030167674546453527,1430.2,1469.6399999999999,1504.6766666666665,0.11735731647041348,1553.1,-0.09130126843088016
2007-08-17,1445.9,1411.3,1450.3,1411.3,,2.45,0.024516403316091617,-0.006390874106651401,1428.66,1465.23,1503.4033333333334,0.1195960852720683,1553.1,-0.06902324383491076
2007-08-20,1445.5,1445.9,1451.8,1430.5,,-0.03,-0.000276644304585405,-0.0066657504123138756,1427.1799999999998,1460.425,1502.3700000000001,0.11959271808178072,1553.1,-0.06928079325220526
2007-08-21,1447.1,1445.5,1455.3,1439.8,,0.11,0.001106883431338579,-0.0055662451896640874,1431.3,1457.23,1501.2266666666665,0.11955024428090792,1553.1,-0.06825059558302748
2007-08-22,1464.1,1447.0,1464.9,1447.0,,1.17,0.01174763319742933,0.006115997800990147,1442.78,1454.53,1500.3266666666668,0.12000992574963802,1553.1,-0.057304745348013664
2007-08-23,1462.5,1464.0,1472.1,1453.9,,-0.11,-0.0010928215285840315,0.00501649257834047,1453.02,1453.52,1499.1983333333335,0.12001955264512629,1553.1,-0.05833494301719133
2007-08-24,1479.4,1462.3,1479.4,1460.5,,1.16,0.011555555555555541,0.016630016492579003,1459.72,1454.54,1498.345,0.1204227314789686,1553.1,-0.04745348013650108
2007-08-27,1466.8,1479.4,1479.4,1466.0,,-0.85,-0.008516966337704601,0.007971412864211658,1463.98,1454.185,1497.1866666666667,0.12074999979500663,1553.1,-0.055566286781276175
2007-08-28,1432.4,1466.7,1466.7,1432.0,,-2.35,-0.023452413416962026,-0.015667949422759175,1461.04,1453.0400000000002,1495.4066666666665,0.12310079463244605,1553.1,-0.0777155366685982
2007-08-29,1463.8,1432.0,1463.8,1432.0,,2.19,0.021921251047193335,0.005909840571743041,1460.98,1452.94,1494.2866666666666,0.12487518714623363,1553.1,-0.05749790741098448
2007-08-30,1457.6,1463.7,1468.4,1451.2,,-0.42,-0.004235551304823115,0.0016492578339750708,1460.0,1452.21,1493.2900000000002,0.1249564207676032,1553.1,-0.06148992337904835
2007-08-31,1474.0,1457.6,1481.5,1457.6,,1.13,0.011251372118551206,0.01291918636613576,1458.9199999999998,1454.2549999999999,1493.0116666666665,0.12541943866784191,1553.1,-0.05093039726997617
2007-09-04,1489.4,1474.0,1496.4,1472.2,,1.04,0.010447761194029903,0.023501924134140317,1463.44,1455.34,1492.7066666666665,0.12580848032718198,1553.1,-0.041014744704140016
2007-09-05,1472.3,1488.8,1488.8,1466.3,,-1.15,-0.011481133342285621,0.01175096206707038,1471.42,1455.1200000000001,1492.0933333333335,0.12628323289021468,1553.1,-0.05202498229347752
2007-09-06,1478.5,1472.0,1481.5,1467.4,,0.42,0.004211098281600156,0.01601154480483835,1474.36,1454.17,1491.8516666666667,0.12633250815479138,1553.1,-0.04803296632541365
2007-09-07,1453.5,1478.5,1478.5,1449.1,,-1.69,-0.01690902942171124,-0.001168224299064935,1473.5400000000002,1454.19,1490.8149999999998,0.1271102701194991,1553.1,-0.06412980490631637
2007-09-10,1451.7,1453.5,1462.2,1439.3,,-0.12,-0.0012383900928791824,-0.002405167674545905,1469.0800000000002,1454.095,1489.6266666666666,0.12700986971000794,1553.1,-0.06528877728414129
2007-09-11,1471.5,1451.7,1472.5,1451.7,,1.36,0.013639181649101051,0.011201209455745431,1465.5,1455.025,1488.6033333333332,0.1276472837462985,1553.1,-0.05254008112806641
2007-09-12,1471.6,1471.1,1479.5,1465.8,,0.01,6.7957866122903e-05,0.011269928532160911,1465.3600000000001,1457.28,1487.6133333333335,0.12764809507165706,1553.1,-0.05247569377374284
2007-09-13,1484.0,1471.5,1489.6,1471.5,,0.84,0.00842620277249262,0.019791094007697074,1466.4599999999998,1461.145,1486.785,0.12750487400827293,1553.1,-0.04449166183761499
2007-09-14,1484.2,1484.0,1486.0,1473.2,,0.01,0.00013477088948787852,0.019928532160528256,1472.6,1464.79,1486.3083333333334,0.12746262216311682,1553.1,-0.04436288712896774
2007-09-17,1476.7,1484.2,1484.2,1471.8,,-0.51,-0.0050532273278534046,0.01477460142935727,1477.6,1466.3300000000002,1485.55,0.1275702054846823,1553.1,-0.04919193870323857
2007-09-18,1519.8,1476.6,1519.9,1476.6,,2.92,0.029186700074490313,0.0443925233644864,1487.2599999999998,1470.045,1485.8366666666666,0.13074081611332025,1553.1,-0.021440988989762433
2007-09-19,1529.0,1519.8,1538.7,1519.8,,0.61,0.006053428082642531,0.05071467839472299,1498.7400000000002,1474.1399999999999,1486.3583333333333,0.13085424266258314,1553.1,-0.015517352391990147
2007-09-20,1518.8,1528.7,1529.1,1516.4,,-0.67,-0.006671026814911718,0.04370533260033049,1505.7,1476.875,1486.7900000000002,0.1310271430263582,1553.1,-0.02208486253299846
2007-09-21,1525.8,1518.8,1530.9,1518.8,,0.46,0.004608901764550977,0.04851566794942341,1514.02,1480.04,1487.1150000000002,0.13100641712432204,1553.1,-0.017577747730345705
2007-09-24,1517.7,1525.8,1530.2,1516.2,,-0.53,-0.005308690523004311,0.04294942275975888,1522.2199999999998,1481.955,1487.315,0.13100072817375752,1553.1,-0.02279312343055817
2007-09-25,1517.2,1516.3,1518.3,1507.1,,-0.03,-0.0003294458720431992,0.042605827377680816,1521.7,1484.475,1487.5466666666666,0.1309689310992813,1553.1,-0.02311506020217624
2007-09-26,1525.4,1518.6,1529.4,1518.6,,0.54,0.005404692855259796,0.04824079164376127,1520.98,1489.125,1487.6466666666665,0.13079803682313212,1553.1,-0.017835297147640095
2007-09-27,1531.4,1527.3,1532.5,1525.8,,0.39,0.00393339451947039,0.05236393622869806,1523.5,1492.5049999999999,1487.755,0.1306593029578597,1553.1,-0.013972055888223478
2007-09-28,1526.8,1531.2,1533.7,1522.0,,-0.3,-0.003003787384093126,0.04920285871357977,1523.7,1495.965,1487.7783333333334,0.13070786461833614,1553.1,-0.016933874187109677
2007-10-01,1547.0,1527.3,1549.0,1527.2,,1.32,0.013230285564579614,0.0630841121495338,1529.56,1499.615,1488.055,0.1313135301327304,1553.1,-0.003927628613740186
2007-10-02,1546.6,1547.0,1548.0,1540.4,,-0.03,-0.0002585649644474275,0.06280923584387121,1535.44,1502.475,1488.3016666666665,0.1312784832465614,1553.1,-0.0041851780310346864
2007-10-03,1539.6,1545.8,1545.8,1536.3,,-0.45,-0.004526057157636099,0.057998900494778294,1538.28,1505.84,1488.7933333333335,0.13131884407320044,1553.1,-0.008692292833687443
2007-10-04,1542.8,1539.9,1544.0,1537.6,,0.21,0.002078461938165743,0.06019791094007787,1540.56,1509.0549999999998,1489.1933333333334,0.13131856413385248,1553.1,-0.006631897495331884
2007-10-05,1557.6,1543.8,1561.9,1543.8,,0.96,0.009592947886958747,0.07036833424958866,1546.72,1514.26,1489.3583333333333,0.1311249441951805,1557.6,0.0
2007-10-08,1552.6,1556.5,1556.5,1549.0,,-0.32,-0.003210066769388842,0.066932380428808,1547.84,1519.3049999999998,1489.3600000000001,0.13117004553274192,1557.6,-0.003210066769388842
2007-10-09,1565.2,1553.2,1565.3,1551.8,,0.81,0.008115419296663706,0.07559098405717535,1551.56,1523.99,1489.6216666666667,0.13134531259869925,1565.2,0.0
2007-10-10,1562.5,1565.0,1565.4,1555.5,,-0.17,-0.0017250191668796155,0.07373556899395384,1556.1399999999999,1528.535,1489.84,0.13136613319087065,1565.2,-0.0017250191668796155
2007-10-11,1554.4,1564.7,1576.1,1546.7,,-0.52,-0.005183999999999966,0.0681693238042893,1558.46,1532.055,1489.9766666666665,0.13148633921129074,1565.2,-0.006900076667518462
2007-10-12,1561.8,1555.4,1563.0,1554.1,,0.48,0.004760679361811571,0.07325453545904459,1559.3,1535.935,1490.1216666666667,0.13151554136279503,1565.2,-0.0021722463582929397
2007-10-15,1548.7,1562.2,1564.7,1540.8,,-0.84,-0.008387757715456412,0.0642523364485994,1558.52,1539.535,1490.365,0.13151969480123635,1565.2,-0.010541783797597737
2007-10-16,1538.5,1547.8,1547.8,1536.3,,-0.66,-0.00658616904500553,0.057242990654206904,1553.18,1540.47,1490.313333333333,0.13170363061586848,1565.2,-0.017058522872476445
2007-10-17,1541.2,1544.4,1550.7,1526.0,,0.18,0.0017549561260967739,0.059098405717428415,1548.92,1541.08,1490.8166666666666,0.13169457714199723,1565.2,-0.015333503705596718
2007-10-18,1540.1,1539.3,1542.8,1531.8,,-0.07,-0.000713729561380827,0.05834249587685658,1546.06,1542.145,1491.1833333333334,0.1316342224452984,1565.2,-0.016036289292103323
2007-10-19,1500.6,1540.0,1540.0,1500.3,,-2.56,-0.02564768521524574,0.03119846069268939,1533.8200000000002,1540.885,1491.4816666666668,0.13420512498276058,1565.2,-0.04127268080756463
2007-10-22,1506.3,1497.8,1508.1,1490.4,,0.38,0.0037984806077568933,0.035115448048379294,1525.34,1540.315,1492.2700000000002,0.13424756764929252,1565.2,-0.03763097367748536
2007-10-23,1519.6,1509.3,1520.0,1503.6,,0.88,0.00882958242050047,0.044255085211655665,1521.56,1540.435,1493.0316666666665,0.13450873399002372,1565.2,-0.029133657040633865
2007-10-24,1515.9,1516.6,1517.2,1489.6,,-0.24,-0.0024348512766516617,0.04171247938427802,1516.5,1539.9599999999998,1494.0416666666667,0.13441802675492745,1565.2,-0.031497572195246626
2007-10-25,1514.4,1516.2,1523.2,1500.5,,-0.1,-0.000989511181476388,0.040681693238043826,1511.36,1539.1100000000001,1494.8516666666667,0.1344253329690468,1565.2,-0.0324559161768464
2007-10-26,1535.3,1522.2,1535.5,1520.2,,1.38,0.013800845219228641,0.055043980208906884,1518.3,1539.535,1495.9033333333332,0.1350564248596182,1565.2,-0.01910299003322269
2007-10-29,1541.0,1536.9,1544.7,1536.4,,0.37,0.0037126294535270166,0.05896096756459679,1525.24,1539.2350000000001,1497.7016666666668,0.13501931050426674,1565.2,-0.015461282903143414
2007-10-30,1531.0,1539.4,1539.4,1529.5,,-0.65,-0.0064892926670993,0.052089059923035474,1527.52,1538.455,1498.756666666667,0.13490079738816127,1565.2,-0.021850242780475315
2007-10-31,1549.4,1532.2,1552.8,1529.4,,1.2,0.012018288700196056,0.06473336998350843,1534.22,1538.9450000000002,1499.9683333333332,0.13539538174934113,1565.2,-0.010094556606184524
2007-11-01,1508.4,1545.8,1545.8,1506.7,,-2.65,-0.026461856202400935,0.03655854865310704,1533.02,1537.225,1500.15,0.13805365162766656,1565.2,-0.03628929210324561
2007-11-02,1509.7,1511.1,1513.2,1492.5,,0.09,0.0008618403606470704,0.03745189664651005,1527.9,1534.83,1501.0933333333335,0.13783619532900337,1565.2,-0.03545872731919242
2007-11-05,1502.2,1505.6,1510.8,1490.0,,-0.5,-0.004967874412134865,0.032297965915339066,1520.14,1532.31,1501.9033333333332,0.13793964290822017,1565.2,-0.0402504472271914
2007-11-06,1520.3,1505.3,1520.8,1499.1,,1.2,0.012048994807615454,0.04473611874656491,1518.0,1530.065,1503.0266666666669,0.1384041188571482,1565.2,-0.02868642984922065
2007-11-07,1475.6,1515.5,1515.5,1475.0,,-2.94,-0.029402091692429133,0.014018691588785881,1503.2400000000002,1525.72,1503.845,0.14115842456252767,1565.2,-0.057245080500894496
2007-11-08,1474.8,1475.3,1482.5,1450.3,,-0.05,-0.0005421523448088106,0.013468938977461153,1496.52,1521.74,1504.98,0.1411484652868634,1565.2,-0.05775619729108106
2007-11-09,1453.7,1467.6,1474.1,1448.5,,-1.43,-0.014307024681312619,-0.001030786146233087,1485.3200000000002,1516.335,1505.6866666666667,0.14188950222323796,1565.2,-0.07123690263225146
2007-11-12,1439.2,1453.7,1464.9,1438.5,,-1.0,-0.009974547705854042,-0.010995052226496993,1472.7199999999998,1510.86,1505.575,0.14214760742771718,1565.2,-0.0805008944543828
2007-11-13,1481.0,1441.3,1481.4,1441.3,,2.9,0.029043913285158318,0.017729521715229124,1464.8600000000001,1507.985,1506.1666666666667,0.1450337787568396,1565.2,-0.053795042167135265
2007-11-14,1470.6,1483.4,1492.1,1466.5,,-0.7,-0.007022282241728628,0.010582737768005224,1463.86,1504.4550000000002,1506.5583333333334,0.14520200674946657,1565.2,-0.06043956043956056
2007-11-15,1451.2,1468.0,1472.7,1443.5,,-1.32,-0.013191894464844145,-0.0027487630566235266,1459.14,1500.01,1506.3433333333332,0.14569593052538388,1565.2,-0.0728341426015845
2007-11-16,1458.7,1453.1,1462.2,1444.0,,0.52,0.005168136714443161,0.0024051676745473483,1460.1399999999999,1497.915,1506.28,0.14576348661338626,1565.2,-0.06804242269358551
2007-11-19,1433.3,1456.7,1456.7,1430.4,,-1.74,-0.01741276479056697,-0.015049477735018413,1458.96,1494.265,1505.5116666666665,0.14680969605289504,1565.2,-0.08427038078200877
2007-11-20,1439.7,1434.5,1452.6,1419.3,,0.45,0.004465220121398161,-0.01065145684441915,1450.7,1490.27,1505.0600000000002,0.14687103851653155,1565.2,-0.08018144646051617
2007-11-21,1416.8,1434.7,1436.4,1415.6,,-1.59,-0.015906091546850076,-0.02638812534359458,1439.94,1485.315,1504.8,0.14774494446799122,1565.2,-0.0948121645796065
2007-11-23,1440.7,1417.6,1440.9,1417.6,,1.69,0.016869000564652792,-0.009964266080263018,1437.84,1481.6299999999999,1504.4150000000002,0.14868727709122506,1565.2,-0.07954255047278302
2007-11-26,1407.2,1440.7,1446.1,1406.1,,-2.33,-0.023252585548691584,-0.03298515667949331,1427.54,1475.225,1503.575,0.15050006159806453,1565.2,-0.10094556606184513
2007-11-27,1428.2,1409.6,1429.5,1407.4,,1.49,0.014923251847640762,-0.01855415063221455,1426.52,1469.585,1502.8116666666667,0.15118694184158146,1565.2,-0.08752875031944796
2007-11-28,1469.0,1433.0,1471.6,1433.0,,2.86,0.02856742753115804,0.009483232545355547,1432.3799999999999,1466.4850000000001,1502.4716666666668,0.15320847110576682,1565.2,-0.06146179401993357
2007-11-29,1469.7,1467.4,1473.8,1458.4,,0.05,0.00047651463580677955,0.009964266080265016,1442.96,1462.5,1502.4283333333333,0.1531752409802723,1565.2,-0.061014566828520356
2007-11-30,1481.1,1471.8,1488.9,1470.9,,0.78,0.007756685037762612,0.017798240791644604,1451.04,1461.135,1502.4716666666668,0.15309581836084668,1565.2,-0.05373115256836192
2007-12-03,1472.4,1479.6,1481.2,1470.1,,-0.59,-0.00587401255823361,0.011819681143486305,1464.0800000000002,1459.27,1502.7866666666666,0.15321815513431125,1565.2,-0.05928954766164063
2007-12-04,1462.8,1471.3,1471.3,1460.7,,-0.65,-0.00651996740016314,0.005222649807587354,1471.0,1457.3,1502.9716666666668,0.15333779546484522,1565.2,-0.06542294914387947
2007-12-05,1485.0,1465.2,1486.1,1465.2,,1.52,0.015176374077112476,0.020478284771853428,1474.2,1455.535,1503.1966666666667,0.15382300585063433,1565.2,-0.05123945821620246
2007-12-06,1507.3,1484.6,1508.0,1482.2,,1.5,0.015016835016834928,0.03580263881253498,1481.7199999999998,1457.12,1503.7916666666667,0.15448428029679426,1565.2,-0.03699207768975221
2007-12-07,1504.7,1508.6,1510.6,1502.7,,-0.17,-0.0017249386319909688,0.03401594282572895,1486.44,1458.615,1504.1366666666665,0.1544888278237937,1565.2,-0.03865320725785837
2007-12-10,1516.0,1505.1,1518.3,1505.0,,0.75,0.007509802618462125,0.04178119846069328,1495.1599999999999,1461.73,1504.6666666666667,0.1545971486537755,1565.2,-0.03143368259647328
2007-12-11,1477.7,1516.7,1523.6,1476.0,,-2.53,-0.025263852242744078,0.015461792193513402,1498.14,1463.6550000000002,1504.6833333333334,0.15669590567674552,1565.2,-0.055903398926654746
2007-12-12,1486.6,1487.6,1512.0,1468.2,,0.6,0.0060228733843132876,0.021577789994502883,1498.46,1463.935,1504.13,0.15678974462733944,1565.2,-0.05021722463582934
2007-12-13,1488.4,1483.3,1489.4,1469.2,,0.12,0.0012108166285484945,0.022814733369983964,1494.68,1464.825,1503.4533333333334,0.1567877060109752,1565.2,-0.04906721185790952
2007-12-14,1468.0,1486.2,1486.7,1467.8,,-1.37,-0.01370599301263109,0.008796041781198749,1487.3400000000001,1465.665,1502.6066666666666,0.15740564519279518,1565.2,-0.062100690007666826
2007-12-17,1445.9,1465.0,1465.0,1445.4,,-1.51,-0.015054495912806498,-0.006390874106651734,1473.3200000000002,1465.025,1501.275,0.1579092125224542,1565.2,-0.07622029133657038
2007-12-18,1455.0,1445.9,1460.2,1435.7,,0.63,0.006293657929317353,-0.00013743815283095984,1468.78,1466.11,1500.23,0.1580272672822726,1565.2,-0.07040633784819839
2007-12-19,1453.0,1454.7,1464.4,1445.3,,-0.14,-0.0013745704467353903,-0.0015118196811432227,1462.06,1466.775,1499.16,0.15799873538029238,1565.2,-0.07168412982366479
2007-12-20,1460.1,1456.4,1461.5,1447.2,,0.49,0.0048864418444596325,0.0033672347443651773,1456.4,1468.94,1498.0716666666667,0.15805799928089673,1565.2,-0.06714796831075909
2007-12-21,1484.5,1463.2,1485.4,1463.2,,1.67,0.01671118416546813,0.020134689389774696,1459.7,1471.13,1497.29,0.15891557789392993,1565.2,-0.05155890621006898
2007-12-24,1496.5,1484.5,1497.6,1484.5,,0.81,0.008083529808016188,0.028380978559648273,1469.8200000000002,1475.595,1496.7849999999999,0.15906198351163334,1565.2,-0.043892154357270674
2007-12-26,1497.7,1495.1,1498.8,1488.2,,0.08,0.0008018710324089184,0.029205607476635587,1478.3600000000001,1479.0700000000002,1495.9633333333331,0.15896515325082936,1565.2,-0.04312547917199083
2007-12-27,1476.4,1495.0,1495.0,1475.9,,-1.42,-0.014221806770381207,0.014568444200110164,1483.0400000000002,1479.44,1494.7933333333335,0.15957300842319377,1565.2,-0.056733963710707824
2007-12-28,1478.5,1479.8,1488.0,1471.7,,0.14,0.0014223787591438608,0.01601154480483813,1486.72,1479.8799999999999,1493.775,0.1594328294456492,1565.2,-0.055392282136468185
2007-12-31,1468.4,1475.2,1475.8,1465.1,,-0.68,-0.006831247886371239,0.009070918086861335,1483.5,1479.2450000000001,1492.5349999999999,0.15957898353951128,1565.2,-0.061845131612573434
2008-01-02,1447.2,1468.0,1471.8,1442.1,,-1.44,-0.014437482974666294,-0.0054975261132486075,1473.6399999999999,1477.9850000000001,1490.695,0.16017949802727524,1565.2,-0.0753897265525173
2008-01-03,1447.2,1447.5,1456.8,1443.7,,0.0,0.0,-0.0054975261132486075,1463.5400000000002,1477.205,1488.9383333333333,0.16017399410868924,1565.2,-0.0753897265525173
2008-01-04,1411.6,1444.0,1444.0,1411.2,,-2.46,-0.02459922609176346,-0.029961517317206865,1450.5800000000002,1473.535,1486.3783333333333,0.16206841590744409,1565.2,-0.09813442371581915
2008-01-07,1416.2,1414.1,1423.9,1403.5,,0.33,0.0032587135165771386,-0.02680043980208846,1438.12,1468.98,1483.9399999999998,0.16198441267451805,1565.2,-0.09519550217224637
2008-01-08,1390.2,1415.7,1430.3,1388.3,,-1.84,-0.018358988843383717,-0.04466739967014788,1422.48,1463.2549999999999,1481.2033333333336,0.16301443952656047,1565.2,-0.11180679785330949
2008-01-09,1409.1,1390.2,1409.2,1378.7,,1.36,0.013595166163141936,-0.03167949422759708,1414.8600000000001,1457.91,1478.6583333333333,0.16358042255800875,1565.2,-0.09973166368515218
2008-01-10,1420.3,1406.8,1429.1,1395.3,,0.79,0.007948335817188346,-0.023982957669048344,1409.48,1455.04,1476.5183333333334,0.16376088046288403,1565.2,-0.09257602862254033
2008-01-11,1401.0,1419.9,1419.9,1394.8,,-1.36,-0.013588678448215097,-0.037245739417261614,1407.3600000000001,1450.76,1474.2266666666667,0.16420580768286777,1565.2,-0.10490672118579103
2008-01-14,1416.2,1402.9,1417.9,1402.9,,1.08,0.010849393290506715,-0.02680043980208846,1407.3600000000001,1447.15,1472.1433333333332,0.1644935581062236,1565.2,-0.09519550217224637
2008-01-15,1381.0,1411.9,1411.9,1380.6,,-2.49,-0.024855246434119516,-0.05098955470038424,1405.52,1442.8,1469.4916666666666,0.16636021451395402,1565.2,-0.11768464094045494
2008-01-16,1373.2,1377.4,1392.0,1364.3,,-0.56,-0.005648081100651625,-0.056349642660802,1398.34,1439.1650000000002,1467.368333333333,0.16645115566788946,1565.2,-0.12266802964477386
2008-01-17,1333.2,1374.8,1377.7,1330.7,,-2.91,-0.029129041654529564,-0.08383727322704726,1380.92,1433.075,1464.4833333333333,0.16894030157817572,1565.2,-0.14822386915410168
2008-01-18,1325.2,1333.9,1350.3,1312.5,,-0.6,-0.006000600060006023,-0.08933479934029631,1365.76,1426.685,1461.2433333333333,0.1690106463540221,1565.2,-0.1533350370559673
2008-01-22,1310.5,1312.9,1322.1,1274.3,,-1.11,-0.011092665258074286,-0.0994365035733914,1344.6200000000001,1419.205,1457.82,0.16928527437043703,1565.2,-0.16272680807564532
2008-01-23,1338.6,1310.4,1339.1,1270.0,,2.14,0.021442197634490512,-0.08012644310060424,1336.1399999999999,1411.91,1454.8899999999999,0.17063160567689817,1565.2,-0.14477383082034256
2008-01-24,1352.1,1340.1,1355.2,1334.3,,1.01,0.010085163603765102,-0.07084936778449646,1331.92,1404.69,1451.8366666666666,0.17072143740016046,1565.2,-0.13614873498594438
2008-01-25,1330.6,1357.3,1368.6,1327.5,,-1.59,-0.015901190740329807,-0.08562396921385318,1331.3999999999999,1396.3349999999998,1448.3300000000002,0.1710869138804387,1565.2,-0.14988499872220806
2008-01-28,1354.0,1330.7,1354.0,1322.3,,1.76,0.017586051405381165,-0.06954370533259957,1337.1599999999999,1390.215,1445.38,0.17200682509023485,1565.2,-0.1349348326092512
2008-01-29,1362.3,1355.9,1364.9,1350.2,,0.61,0.00612998522895114,-0.06384002199010375,1347.52,1384.4050000000002,1442.2616666666665,0.17211792384886618,1565.2,-0.12963199591106578
2008-01-30,1355.8,1362.2,1385.9,1353.0,,-0.48,-0.00477134258239742,-0.0683067619571186,1350.96,1378.775,1439.7183333333332,0.17207924236587063,1565.2,-0.1337848198313315
2008-01-31,1378.5,1352.0,1385.6,1334.1,,1.67,0.016742882431037165,-0.05270753161077435,1356.24,1375.34,1437.5316666666665,0.1727769903595185,1565.2,-0.11928188090978786
2008-02-01,1395.4,1378.6,1396.0,1375.9,,1.23,0.012259702575263098,-0.041094007696535595,1369.2,1372.7499999999998,1435.7516666666668,0.17313385229501668,1565.2,-0.10848453871709685
2008-02-04,1380.8,1395.4,1395.4,1379.7,,-1.05,-0.010462949691844692,-0.0511269928532152,1374.56,1371.21,1433.4266666666665,0.17343485313006754,1565.2,-0.11781242013800164
2008-02-05,1336.6,1380.3,1380.3,1336.6,,-3.2,-0.032010428736964136,-0.08150082462891617,1369.42,1367.23,1431.1100000000001,0.17633920872237938,1565.2,-0.14605162279580897
2008-02-06,1326.5,1339.5,1352.0,1324.3,,-0.76,-0.007556486607810831,-0.08844145134689307,1363.56,1364.045,1428.6383333333333,0.1764876789453968,1565.2,-0.1525044722719141
2008-02-07,1336.9,1324.0,1347.2,1316.8,,0.78,0.007840180927252138,-0.0812946673996694,1355.24,1360.435,1426.6916666666666,0.17666703396024086,1565.2,-0.1458599539994888
2008-02-08,1331.3,1336.9,1341.2,1321.1,,-0.42,-0.004188794973446153,-0.08514293567894382,1342.42,1355.9850000000001,1424.8933333333332,0.1767084150636969,1565.2,-0.14943777153079485
2008-02-11,1339.1,1331.9,1341.4,1320.3,,0.59,0.005858934875685451,-0.07978284771852595,1334.08,1352.8899999999999,1422.5283333333332,0.17668310685058233,1565.2,-0.14445438282647594
2008-02-12,1348.9,1340.5,1362.1,1339.4,,0.73,0.007318348144276232,-0.07304837822979571,1336.54,1349.525,1420.5,0.176816913788928,1565.2,-0.1381932021466905
2008-02-13,1367.2,1353.1,1369.2,1350.8,,1.36,0.013566609830232057,-0.06047278724573846,1344.68,1348.835,1419.1,0.17718056763932905,1565.2,-0.12650140557117306
2008-02-14,1348.9,1367.3,1368.2,1347.3,,-1.34,-0.013385020479812715,-0.0730483782297956,1347.08,1347.62,1417.27,0.17750008178287185,1565.2,-0.1381932021466905
2008-02-15,1350.0,1347.5,1350.0,1338.1,,0.08,0.000815479279412834,-0.07229246838922387,1350.8200000000002,1348.4599999999998,1415.881666666667,0.17749866680802318,1565.2,-0.13749041656018401
2008-02-19,1348.8,1355.9,1367.3,1345.0,,-0.09,-0.000888888888888939,-0.0731170973062113,1352.76,1349.6399999999999,1414.3666666666666,0.17749865400052367,1565.2,-0.13825709174546386
2008-02-20,1360.0,1348.4,1363.7,1336.5,,0.83,0.008303677342823335,-0.06542056074766256,1354.98,1352.115,1413.4200000000003,0.1776770314861501,1565.2,-0.131101456682852
2008-02-21,1342.5,1362.2,1367.9,1339.3,,-1.29,-0.012867647058823484,-0.07744639912039475,1350.04,1352.31,1411.7833333333333,0.17812288032533757,1565.2,-0.142282136468183
2008-02-22,1353.1,1344.2,1354.3,1327.0,,0.79,0.007895716945996112,-0.07016217702033989,1350.8799999999999,1352.3600000000001,1410.8816666666667,0.17830866456326563,1565.2,-0.13550983899821123
2008-02-25,1371.8,1352.8,1374.4,1346.0,,1.38,0.013820116768901158,-0.057311709730620164,1355.2399999999998,1354.42,1409.9416666666666,0.17882875422219072,1565.2,-0.1235624840276004
2008-02-26,1381.3,1371.8,1387.3,1363.3,,0.69,0.006925207756232732,-0.050783397471136915,1361.74,1355.785,1408.48,0.17896559197564402,1565.2,-0.11749297214413501
2008-02-27,1380.0,1379.0,1388.3,1372.0,,-0.09,-0.0009411424020849823,-0.05167674546453993,1365.74,1356.6699999999998,1406.9850000000001,0.17555537184333345,1565.2,-0.11832353692818809
2008-02-28,1367.7,1378.2,1378.2,1363.2,,-0.89,-0.00891304347826083,-0.06012919186366028,1370.78,1357.2649999999999,1405.095,0.17569177820704193,1565.2,-0.12618195757730644
2008-02-29,1330.6,1364.1,1364.1,1325.4,,-2.71,-0.02712583168823579,-0.08562396921385274,1366.28,1354.87,1402.7316666666668,0.17774944498164255,1565.2,-0.14988499872220806
2008-03-03,1331.3,1330.5,1335.1,1320.0,,0.05,0.0005260784608447366,-0.08514293567894349,1358.18,1351.6650000000002,1400.54,0.17739106339388214,1565.2,-0.14943777153079485
2008-03-04,1326.8,1329.6,1331.0,1307.4,,-0.34,-0.003380154735972307,-0.08823529411764608,1347.28,1348.965,1397.9033333333332,0.17717394433815842,1565.2,-0.15231280347559417
2008-03-05,1333.7,1327.7,1344.2,1320.2,,0.52,0.0052004823635816155,-0.08349367784496875,1338.02,1348.8200000000002,1395.0099999999998,0.1765630458767491,1565.2,-0.14790442116023506
2008-03-06,1304.3,1332.2,1332.2,1303.4,,-2.2,-0.02204393791707282,-0.10369708631115904,1325.3399999999997,1347.71,1391.6699999999998,0.17790519147241096,1565.2,-0.16668796319959112
2008-03-07,1293.4,1301.5,1313.2,1282.4,,-0.84,-0.008356973089013175,-0.11118746564046078,1317.9,1345.5349999999999,1387.96,0.17793978655457818,1565.2,-0.17365192946588293
2008-03-10,1273.4,1293.2,1295.0,1272.7,,-1.55,-0.015463120457708368,-0.12493128092358341,1306.3200000000002,1342.6399999999999,1384.555,0.1785857668889574,1565.2,-0.18642984922054684
2008-03-11,1320.7,1274.4,1320.7,1274.4,,3.71,0.03714465211245477,-0.09242715777899846,1305.1000000000001,1341.72,1381.79,0.1824504960495482,1565.2,-0.15621006900076662
2008-03-12,1308.8,1321.1,1333.3,1307.9,,-0.9,-0.009010373286893358,-0.10060472787245645,1300.1200000000001,1339.715,1378.7966666666666,0.18154421366279105,1565.2,-0.1638129312547918
2008-03-13,1315.5,1305.3,1321.7,1282.1,,0.51,0.005119193154034196,-0.09600054975261041,1302.3600000000001,1337.1299999999999,1376.255,0.18149219321674653,1565.2,-0.15953232813697937
2008-03-14,1288.1,1316.0,1321.5,1274.9,,-2.08,-0.02082858228810347,-0.11482957669048843,1301.3,1334.09,1373.625,0.18262491882279755,1565.2,-0.17703807820086903
2008-03-17,1276.6,1283.2,1287.5,1257.0,,-0.89,-0.0089278782703206,-0.12273227047828394,1301.94,1330.42,1370.6516666666664,0.18279698670913033,1565.2,-0.1843853820598007
2008-03-18,1330.7,1277.2,1330.7,1277.2,,4.24,0.04237819207269311,-0.08555525013743726,1303.94,1329.515,1368.6133333333332,0.18738058127157176,1565.2,-0.14982110912343471
2008-03-19,1298.4,1331.0,1341.5,1298.4,,-2.43,-0.024272939054632903,-0.10775151181968023,1301.86,1326.435,1365.9183333333335,0.18881545909254405,1565.2,-0.17045744952721698
2008-03-20,1329.5,1299.7,1330.7,1295.2,,2.4,0.023952556993222407,-0.08637987905442457,1304.6599999999999,1325.785,1363.335,0.18957252625911222,1565.2,-0.15058778430871456
2008-03-24,1349.9,1330.3,1359.7,1330.3,,1.53,0.01534411432869498,-0.07236118746563958,1317.02,1325.625,1360.8916666666667,0.19021126747732042,1565.2,-0.13755430615895725
2008-03-25,1353.0,1349.1,1357.5,1341.2,,0.23,0.002296466404918762,-0.0702308960967557,1332.3,1324.685,1358.48,0.19022294480153085,1565.2,-0.13557372859698447
2008-03-26,1341.1,1352.5,1352.5,1336.4,,-0.88,-0.008795269770879632,-0.0784084661902138,1334.3799999999999,1322.675,1356.225,0.19041497770094268,1565.2,-0.14317659085100953
2008-03-27,1325.8,1340.3,1345.6,1325.7,,-1.14,-0.011408545224069755,-0.08892248488180254,1339.8600000000001,1319.965,1353.68,0.19065101585595323,1565.2,-0.15295169946332743
2008-03-28,1315.2,1327.0,1334.9,1313.0,,-0.8,-0.007995172725901223,-0.0962067069818574,1337.0,1317.34,1351.1266666666668,0.19065164265575923,1565.2,-0.1597239969332993
2008-03-31,1322.7,1315.9,1328.5,1312.8,,0.57,0.005702554744525523,-0.09105277625068642,1331.56,1316.9450000000002,1349.0516666666667,0.19070271429799548,1565.2,-0.15493227702530032
2008-04-01,1370.2,1326.4,1370.2,1326.4,,3.59,0.035911393362062505,-0.058411214953270174,1335.0,1318.8899999999999,1347.7683333333332,0.19409191018125424,1565.2,-0.1245847176079734
2008-04-02,1367.5,1370.0,1378.0,1361.5,,-0.2,-0.001970515253247762,-0.060266630016491796,1340.2800000000002,1320.925,1347.0333333333333,0.19408351823452485,1565.2,-0.12630973677485313
2008-04-03,1369.3,1365.7,1375.7,1358.7,,0.13,0.001316270566727562,-0.059029686641010826,1348.98,1322.705,1346.2516666666668,0.19385810611468146,1565.2,-0.12515972399693331
2008-04-04,1370.4,1369.8,1380.9,1362.8,,0.08,0.0008033301686993788,-0.05827377680043899,1360.02,1326.01,1345.9216666666664,0.19385637815907827,1565.2,-0.12445693841042671
2008-04-07,1372.5,1373.7,1386.7,1369.0,,0.15,0.0015323992994744629,-0.05683067619571125,1369.98,1329.9650000000001,1345.3116666666667,0.19383728489451935,1565.2,-0.12311525683618707
2008-04-08,1365.5,1370.2,1370.2,1360.6,,-0.51,-0.0051001821493624755,-0.06164101154480417,1369.04,1334.5700000000002,1344.3983333333333,0.19389980562598944,1565.2,-0.12758752875031942
2008-04-09,1354.5,1365.5,1368.4,1350.0,,-0.81,-0.008055657268399852,-0.06920010995052162,1366.44,1336.26,1343.6233333333332,0.1940404213793692,1565.2,-0.1346153846153847
2008-04-10,1360.5,1355.4,1367.2,1350.1,,0.44,0.0044296788482836025,-0.06507696536558472,1364.6799999999998,1338.845,1342.695,0.1939895327601781,1565.2,-0.13078200868898548
2008-04-11,1332.8,1358.0,1358.0,1331.2,,-2.04,-0.020360161705255453,-0.08411214953270951,1357.16,1339.71,1341.8916666666667,0.19493338530275348,1565.2,-0.14847942754919508
2008-04-14,1328.3,1332.2,1335.6,1326.2,,-0.34,-0.003376350540216122,-0.0872045079714121,1348.3200000000002,1341.72,1341.1433333333334,0.19492264246670296,1565.2,-0.1513544594939944
2008-04-15,1334.4,1331.7,1337.7,1324.3,,0.46,0.004592336068659275,-0.08301264431005961,1342.1,1344.6100000000001,1341.1633333333332,0.1946666572260184,1565.2,-0.14745719396882184
2008-04-16,1364.7,1337.0,1365.5,1337.0,,2.27,0.022706834532373987,-0.06219076415612901,1344.1399999999999,1346.31,1341.8216666666667,0.19600899643663622,1565.2,-0.12809864554050598
2008-04-17,1365.6,1363.4,1368.6,1357.2,,0.07,0.0006594856012309691,-0.06157229246838858,1345.16,1349.67,1342.74,0.19600890457177694,1565.2,-0.1275236391515462
2008-04-18,1390.3,1369.0,1395.9,1369.0,,1.81,0.01808728763913292,-0.044598680593732176,1356.6599999999999,1352.71,1343.6016666666667,0.19685936231919038,1565.2,-0.11174290825453626
2008-04-21,1388.2,1387.7,1390.2,1379.2,,-0.15,-0.0015104653671869084,-0.04604178119846003,1368.64,1354.625,1344.2033333333334,0.19663779104608858,1565.2,-0.1130845898287759
2008-04-22,1375.9,1386.4,1386.4,1369.8,,-0.89,-0.008860394755798806,-0.05449422759758038,1376.94,1355.77,1344.9583333333333,0.19681794870425215,1565.2,-0.12094301047789413
2008-04-23,1379.9,1378.4,1387.9,1372.2,,0.29,0.002907188022385432,-0.05174546454095574,1379.98,1357.71,1345.3899999999999,0.19684266889390453,1565.2,-0.11838742652696133
2008-04-24,1388.8,1380.5,1397.7,1371.1,,0.64,0.006449742734980779,-0.04562946673996615,1384.6200000000001,1360.8600000000001,1345.8316666666667,0.19668293351860872,1565.2,-0.11270125223613603
2008-04-25,1397.8,1387.9,1399.1,1380.0,,0.65,0.006480414746543817,-0.03944474986256097,1386.1200000000001,1364.99,1346.5316666666668,0.19679597182495207,1565.2,-0.10695118834653727
2008-04-28,1396.4,1398.0,1402.9,1394.4,,-0.1,-0.0010015739018456316,-0.040406816932379463,1387.76,1368.675,1346.8300000000002,0.19679761364692597,1565.2,-0.10784564272936359
2008-04-29,1390.9,1395.6,1397.0,1386.7,,-0.39,-0.0039386995130334945,-0.044186366135238186,1390.76,1369.71,1346.7549999999999,0.19668438825274287,1565.2,-0.11135957066189617
2008-04-30,1385.6,1391.2,1404.6,1384.2,,-0.38,-0.0038104824214538757,-0.04782847718526584,1391.9,1370.615,1346.835,0.19669756264020094,1565.2,-0.11474571939688227
2008-05-01,1409.3,1386.0,1410.1,1383.1,,1.71,0.017104503464203225,-0.03154205607476557,1396.0,1372.615,1348.0466666666666,0.19734649772627752,1565.2,-0.09960388448760549
2008-05-02,1413.9,1409.2,1422.7,1406.2,,0.33,0.0032640317888315007,-0.028380978559647163,1399.22,1374.79,1349.5033333333333,0.19732467961482475,1565.2,-0.0966649629440327
2008-05-05,1407.5,1412.8,1415.7,1404.4,,-0.45,-0.004526487021713099,-0.03277899945024654,1401.44,1376.54,1350.68,0.19735925998673534,1565.2,-0.1007538972655252
2008-05-06,1418.3,1405.6,1421.6,1397.1,,0.77,0.0076731793960922445,-0.025357339197360496,1406.92,1379.1799999999998,1352.13,0.1974965647674175,1565.2,-0.09385382059800673
2008-05-07,1392.6,1417.5,1419.5,1391.2,,-1.81,-0.01812028484805761,-0.04301814183617314,1408.32,1381.0849999999998,1353.0216666666668,0.19830832566532688,1565.2,-0.11027344748274992
2008-05-08,1397.7,1394.3,1402.3,1389.4,,0.37,0.0036622145626885594,-0.03951346893897678,1406.0,1382.945,1353.835,0.19831603213123497,1565.2,-0.10701507794531051
2008-05-09,1388.3,1394.9,1394.9,1384.1,,-0.67,-0.006725334478071221,-0.04597306212204455,1400.8799999999999,1385.7199999999998,1354.186666666667,0.1979457168750438,1565.2,-0.11302070023000266
2008-05-12,1403.6,1389.4,1404.1,1386.2,,1.1,0.011020672765252426,-0.035459043430455806,1400.1,1389.4850000000001,1355.0983333333331,0.19802207966454907,1565.2,-0.10324559161768476
2008-05-13,1403.0,1404.4,1406.3,1396.3,,-0.04,-0.0004274722143060572,-0.03587135788894946,1397.04,1392.915,1355.9816666666666,0.19801629444611138,1565.2,-0.10362892921032463
2008-05-14,1408.7,1405.7,1420.2,1405.7,,0.41,0.004062722736992264,-0.031954370533259446,1400.26,1395.1150000000002,1356.9799999999998,0.1980587187514738,1565.2,-0.09998722208024535
2008-05-15,1423.6,1408.4,1424.4,1406.9,,1.06,0.010577127848370838,-0.021715228147333066,1405.44,1398.0149999999999,1358.04,0.19815681206767055,1565.2,-0.09046767186302074
2008-05-16,1425.3,1423.9,1425.8,1414.3,,0.12,0.0011941556617027782,-0.020547003848267575,1412.84,1399.7649999999999,1359.4199999999998,0.19816025092719539,1565.2,-0.08938154868387427
2008-05-19,1426.6,1425.3,1440.2,1421.6,,0.09,0.0009120886830842334,-0.01965365585486467,1417.44,1401.685,1360.645,0.19804672281977848,1565.2,-0.08855098389982119
2008-05-20,1413.4,1424.5,1424.5,1409.1,,-0.93,-0.009252768820972812,-0.02872457394172545,1419.52,1403.56,1361.3383333333334,0.1982467826660742,1565.2,-0.09698441093789922
2008-05-21,1390.7,1414.1,1419.1,1388.8,,-1.61,-0.016060563180982035,-0.04432380428806959,1415.92,1404.1,1361.495,0.19887796911426917,1565.2,-0.11148734985944286
2008-05-22,1394.3,1390.8,1399.1,1390.2,,0.26,0.002588624433738307,-0.04184991753710765,1410.06,1404.375,1361.7333333333333,0.19889664755945138,1565.2,-0.10918732430360345
2008-05-23,1375.9,1392.2,1392.2,1373.7,,-1.32,-0.013196586100552188,-0.05449422759758038,1400.18,1403.2800000000002,1361.87,0.19909266669320388,1565.2,-0.12094301047789413
2008-05-27,1385.3,1376.0,1387.4,1373.1,,0.68,0.006831891852605576,-0.04803463441451272,1391.92,1402.725,1362.7816666666665,0.19913771983138398,1565.2,-0.1149373881932022
2008-05-28,1390.8,1386.5,1391.2,1378.2,,0.4,0.003970259149642663,-0.044255085211654,1387.4,1402.7199999999998,1363.7733333333335,0.19917442680523292,1565.2,-0.11142346026066963
2008-05-29,1398.3,1390.5,1406.3,1388.6,,0.54,0.005392579810181264,-0.0391011544804829,1388.9199999999998,1403.355,1364.9650000000001,0.19908401979817808,1565.2,-0.10663174035267065
2008-05-30,1400.4,1398.4,1404.5,1398.1,,0.15,0.0015018236429951148,-0.03765805387575494,1390.14,1402.91,1366.0766666666668,0.19909126636934152,1565.2,-0.10529005877843078
2008-06-02,1385.7,1399.6,1399.6,1377.8,,-1.05,-0.010497000856898087,-0.04775975810885014,1392.1,1401.5,1367.4333333333334,0.1993123021608107,1565.2,-0.11468182979810881
2008-06-03,1377.7,1386.4,1393.1,1370.1,,-0.58,-0.005773255394385557,-0.05325728422209919,1390.5800000000002,1400.01,1368.8383333333331,0.19937391222704892,1565.2,-0.11979299769997442
2008-06-04,1377.2,1376.3,1388.2,1371.7,,-0.04,-0.0003629237134353813,-0.053600879604177254,1387.8600000000001,1397.955,1370.5683333333334,0.19931155773539785,1565.2,-0.12011244569384105
2008-06-05,1404.0,1377.5,1404.0,1377.5,,1.95,0.019459773453383677,-0.035184167124793,1389.0,1398.525,1371.9566666666667,0.2001057242182965,1565.2,-0.10299003322259137
2008-06-06,1360.7,1400.1,1400.1,1359.9,,-3.08,-0.030840455840455805,-0.06493952721275342,1381.0600000000002,1396.675,1372.8216666666667,0.2016918066333444,1565.2,-0.1306542294914388
2008-06-09,1361.8,1360.8,1370.6,1350.6,,0.08,0.0008084074373484462,-0.0641836173721817,1376.28,1395.35,1373.5933333333335,0.20135350046206849,1565.2,-0.1299514439049323
2008-06-10,1358.4,1359.0,1366.8,1351.6,,-0.25,-0.0024966955500071997,-0.06652006597031246,1372.42,1393.09,1374.7649999999999,0.20136124762798802,1565.2,-0.13212369026322512
2008-06-11,1335.5,1357.1,1357.1,1335.5,,-1.69,-0.01685806831566561,-0.082256734469488,1364.0800000000002,1389.715,1375.7466666666667,0.20177478060234266,1565.2,-0.14675440838231535
2008-06-12,1339.9,1335.8,1353.0,1331.3,,0.33,0.003294646199925255,-0.07923309510720089,1351.26,1386.275,1375.9,0.2012030102690857,1565.2,-0.14394326603628926
2008-06-13,1360.0,1341.8,1360.0,1341.7,,1.5,0.015001119486528713,-0.06542056074766278,1351.1200000000001,1383.095,1376.9266666666665,0.20172566817009874,1565.2,-0.131101456682852
2008-06-16,1360.1,1358.8,1364.7,1352.1,,0.01,7.352941176463901e-05,-0.06535184167124719,1350.7800000000002,1379.835,1377.4366666666667,0.20160829872841693,1565.2,-0.13103756708407877
2008-06-17,1350.9,1360.7,1366.6,1350.5,,-0.68,-0.0067642085140796615,-0.07167399670148344,1349.28,1376.05,1377.4533333333334,0.20170722934069651,1565.2,-0.1369154101712241
2008-06-18,1337.8,1349.6,1349.6,1333.4,,-0.97,-0.009697238877785286,-0.08067619571192886,1349.74,1372.27,1377.2,0.20190838648732534,1565.2,-0.145284947610529
2008-06-19,1342.8,1336.9,1347.7,1330.5,,0.37,0.0037374794438631564,-0.07724024189114809,1350.3200000000002,1369.875,1377.2283333333332,0.20151792276343317,1565.2,-0.14209046767186306
2008-06-20,1317.9,1341.0,1341.0,1314.5,,-1.85,-0.018543342269883745,-0.09435129191863567,1341.9,1366.055,1377.0966666666666,0.20222258684885183,1565.2,-0.15799897776641958
2008-06-23,1318.0,1319.8,1323.8,1315.3,,0.01,7.587829122090994e-05,-0.09428257284222008,1333.48,1363.16,1377.1433333333332,0.20184059110594982,1565.2,-0.15793508816764634
2008-06-24,1314.3,1317.2,1326.0,1304.4,,-0.28,-0.002807283763277768,-0.09682517866959783,1326.16,1359.6100000000001,1377.0033333333333,0.2018347330562462,1565.2,-0.16029900332225921
2008-06-25,1322.0,1314.5,1335.6,1314.5,,0.59,0.005858631971391581,-0.09153380978559567,1323.0,1356.17,1376.2,0.2019134611704471,1565.2,-0.15537950421671354
2008-06-26,1283.2,1316.3,1316.3,1283.2,,-2.93,-0.029349470499243524,-0.1181968114348535,1311.08,1350.4150000000002,1374.7949999999998,0.2037552837581003,1565.2,-0.18016866854076152
2008-06-27,1278.4,1283.6,1289.5,1272.0,,-0.37,-0.0037406483790523026,-0.12149532710280286,1303.18,1344.315,1373.28,0.20378013465637,1565.2,-0.1832353692818809
2008-06-30,1280.0,1278.1,1290.3,1274.9,,0.13,0.0012515644555692873,-0.12039582188015319,1295.5800000000002,1339.03,1371.7733333333335,0.20378560543063823,1565.2,-0.18221313570150777
2008-07-01,1284.9,1276.7,1285.3,1260.7,,0.38,0.003828125000000071,-0.11702858713578812,1289.7,1334.3899999999999,1370.3133333333333,0.20351968255642114,1565.2,-0.17908254536161505
2008-07-02,1261.5,1285.8,1292.2,1261.5,,-1.82,-0.018211533971515315,-0.13310885101704162,1277.6,1328.605,1368.5800000000002,0.2042366945539508,1565.2,-0.19403271147457202
2008-07-03,1262.9,1263.0,1271.5,1252.0,,0.11,0.001109789932620009,-0.1321467839472229,1273.5400000000002,1321.5500000000002,1367.0533333333335,0.2042420256719818,1565.2,-0.19313825709174548
2008-07-07,1252.3,1262.9,1274.0,1240.7,,-0.84,-0.008393380315147803,-0.13943100604727798,1268.3200000000002,1316.13,1365.25,0.20434916781021215,1565.2,-0.19991055456171736
2008-07-08,1273.7,1251.8,1274.2,1242.8,,1.71,0.01708855705501877,-0.12472512369433675,1267.06,1311.7250000000001,1364.265,0.20511712688417288,1565.2,-0.1862381804242269
2008-07-09,1244.7,1273.4,1277.4,1244.6,,-2.28,-0.02276831278951086,-0.14465365585486456,1259.02,1306.04,1362.8716666666667,0.20586527640829844,1565.2,-0.2047661640684897
2008-07-10,1253.4,1245.2,1257.7,1236.8,,0.7,0.006989636056881299,-0.13867509620670615,1257.4,1301.935,1361.5216666666668,0.20590754322972882,1565.2,-0.19920776897521075
2008-07-11,1239.5,1248.7,1257.3,1225.3,,-1.11,-0.011089835647040136,-0.1482270478284764,1252.72,1296.915,1359.435,0.2052151534931249,1565.2,-0.20808842320470233
2008-07-14,1228.3,1241.6,1253.5,1225.0,,-0.9,-0.009035901573214988,-0.15592358438702503,1247.92,1290.33,1357.1466666666668,0.20534252236586426,1565.2,-0.2152440582673142
2008-07-15,1214.9,1226.8,1234.3,1200.4,,-1.09,-0.010909386957583589,-0.1651319406267171,1236.16,1283.0700000000002,1354.2233333333331,0.20558629894131605,1565.2,-0.22380526450293892
2008-07-16,1245.4,1214.7,1245.5,1211.4,,2.51,0.025104946909210613,-0.1441726223199551,1236.3,1277.7949999999998,1351.8433333333335,0.20722091789537384,1565.2,-0.20431893687707636
2008-07-17,1260.3,1246.3,1262.3,1241.5,,1.2,0.0119640276216475,-0.13393347993402893,1237.68,1273.92,1349.9166666666667,0.20760819780735637,1565.2,-0.19479938665985186
2008-07-18,1260.7,1258.2,1262.2,1251.8,,0.03,0.00031738474966291896,-0.13365860362836635,1241.9199999999998,1269.815,1347.93,0.20754556596148976,1565.2,-0.19454382826475847
2008-07-21,1260.0,1261.8,1267.7,1255.7,,-0.06,-0.0005552470849528035,-0.1341396371632756,1248.26,1266.9199999999998,1345.7833333333333,0.20722469851955944,1565.2,-0.1949910554561718
2008-07-22,1277.0,1257.1,1277.4,1248.8,,1.35,0.013492063492063444,-0.12245739417262147,1260.6799999999998,1264.87,1343.77,0.2076356587370678,1565.2,-0.18412982366470743
2008-07-23,1282.2,1278.9,1291.2,1276.1,,0.41,0.004072043852779927,-0.11888400219900963,1268.0400000000002,1263.2649999999999,1341.8666666666666,0.2067925222939235,1565.2,-0.18080756452849478
2008-07-24,1252.5,1283.2,1283.2,1251.5,,-2.32,-0.02316331305568553,-0.1392935678944467,1266.48,1259.79,1339.5600000000002,0.20795396865267737,1565.2,-0.19978277536417077
2008-07-25,1257.8,1253.5,1263.2,1251.8,,0.42,0.004231536926147639,-0.13565145684441926,1265.9,1258.52,1337.43,0.20676400507038886,1565.2,-0.19639662662918478
2008-07-28,1234.4,1257.8,1260.1,1234.4,,-1.86,-0.018603911591667854,-0.15173172072567254,1260.7800000000002,1256.3200000000002,1334.5149999999999,0.20697658207068165,1565.2,-0.21134679274214152
2008-07-29,1263.2,1236.4,1263.2,1236.4,,2.33,0.02333117303953336,-0.13194062671797602,1258.02,1255.48,1332.0033333333333,0.20807608996587923,1565.2,-0.19294658829542555
2008-07-30,1284.3,1264.5,1284.3,1264.5,,1.67,0.016703609879670678,-0.11744090159428167,1258.44,1255.45,1329.95,0.2084309493095726,1565.2,-0.17946588295425514
2008-07-31,1267.4,1281.4,1284.9,1266.0,,-1.32,-0.013158919255625512,-0.1290544255085202,1261.42,1255.7450000000001,1327.4350000000002,0.20867826017118948,1565.2,-0.19026322514694605
2008-08-01,1260.3,1269.4,1270.5,1254.5,,-0.56,-0.005602019883225617,-0.13393347993402882,1261.92,1255.615,1325.2299999999998,0.20868340403128718,1565.2,-0.19479938665985186
2008-08-04,1249.0,1260.2,1260.5,1247.5,,-0.9,-0.008966119177973408,-0.14169873556899304,1264.84,1255.45,1322.7516666666666,0.2072167806936051,1565.2,-0.20201891132123695
2008-08-05,1284.9,1254.9,1284.9,1254.7,,2.87,0.02874299439551642,-0.1170285871357879,1269.1799999999998,1256.0099999999998,1321.0283333333332,0.20781526874962636,1565.2,-0.17908254536161505
2008-08-06,1289.2,1284.0,1291.7,1276.0,,0.33,0.003346563934936597,-0.11407366684991649,1270.16,1258.2350000000001,1319.1216666666667,0.2077454528561698,1565.2,-0.17633529261436243
2008-08-07,1266.1,1286.5,1286.5,1264.3,,-1.79,-0.017918088737201465,-0.1299477735019232,1269.9,1258.8700000000001,1316.8400000000001,0.20796177963007426,1565.2,-0.19109378993099935
2008-08-08,1296.3,1266.3,1297.8,1262.1,,2.39,0.023852776242003104,-0.10919461242440798,1277.1,1261.71,1314.9666666666667,0.20733471196690303,1565.2,-0.17179913110145673
2008-08-11,1305.3,1294.4,1313.2,1291.4,,0.69,0.006942837306179062,-0.1030098955470029,1288.3600000000001,1265.56,1312.995,0.20746243711420242,1565.2,-0.16604906721185797
2008-08-12,1289.6,1304.8,1304.8,1285.6,,-1.2,-0.012027886309660674,-0.11379879054425424,1289.2999999999997,1269.2949999999998,1310.7333333333333,0.2077912849678678,1565.2,-0.17607973421926915
2008-08-13,1285.8,1288.6,1294.0,1274.9,,-0.29,-0.002946650124069472,-0.11641011544804758,1288.62,1271.315,1308.3866666666668,0.20703956196822992,1565.2,-0.17850753897265526
2008-08-14,1292.9,1282.1,1300.1,1276.8,,0.55,0.005521854098615719,-0.11153106102253896,1293.98,1272.945,1306.3783333333333,0.2066732186059803,1565.2,-0.17397137745974955
2008-08-15,1298.2,1293.8,1302.0,1290.7,,0.41,0.004099311625028967,-0.10788894997251153,1294.3600000000001,1274.8200000000002,1304.8366666666666,0.20668906296897674,1565.2,-0.17058522872476356
2008-08-18,1278.6,1298.1,1300.2,1274.5,,-1.51,-0.015097827761516025,-0.12135788894997179,1289.02,1275.75,1302.9083333333333,0.20571793818087042,1565.2,-0.1831075900843343
2008-08-19,1266.7,1276.7,1276.7,1263.1,,-0.93,-0.009307054590958708,-0.12953545904342956,1284.44,1275.2350000000001,1301.0883333333334,0.20591042904099896,1565.2,-0.19071045233835926
2008-08-20,1274.5,1267.3,1276.0,1261.2,,0.62,0.006157732691244977,-0.12417537108301169,1282.1799999999998,1274.85,1299.2416666666666,0.20601044877026806,1565.2,-0.18572706363404046
2008-08-21,1277.7,1271.1,1281.4,1265.2,,0.25,0.0025107885445272426,-0.12197636063771211,1279.14,1276.1100000000001,1297.3566666666666,0.2056695095203214,1565.2,-0.1836825964732941
2008-08-22,1292.2,1277.6,1293.1,1277.6,,1.13,0.01134851686624394,-0.11201209455744832,1277.94,1277.8300000000002,1295.5883333333331,0.20600689832777924,1565.2,-0.17441860465116277
2008-08-25,1266.8,1290.5,1290.5,1264.9,,-1.97,-0.019656399938090097,-0.12946673996701408,1275.5800000000002,1279.45,1293.3616666666667,0.20655092379893678,1565.2,-0.19064656273958602
2008-08-26,1271.5,1267.0,1275.7,1263.2,,0.37,0.0037101357751816444,-0.1262369433754802,1276.5400000000002,1279.865,1291.4583333333333,0.20643817915762042,1565.2,-0.18764375159724
2008-08-27,1281.7,1271.3,1285.0,1270.0,,0.8,0.008022021234762144,-0.11922759758108759,1277.98,1279.7350000000001,1289.8583333333333,0.20531848563224764,1565.2,-0.1811270125223614
2008-08-28,1300.7,1283.8,1300.7,1283.8,,1.48,0.014824061792931165,-0.1061709730621212,1282.58,1281.4,1288.5833333333333,0.20466693466235683,1565.2,-0.16898798875543064
2008-08-29,1282.8,1296.5,1297.6,1282.7,,-1.38,-0.013761820558161109,-0.11847168774051609,1280.7,1282.525,1286.563333333333,0.2050681387206368,1565.2,-0.18042422693585491
2008-09-02,1277.6,1287.8,1303.0,1272.2,,-0.41,-0.004053632678515773,-0.12204507971412804,1282.86,1283.955,1285.1783333333333,0.2047642212304047,1565.2,-0.18374648607206756
2008-09-03,1275.0,1276.6,1280.6,1265.6,,-0.2,-0.002035065748277942,-0.12383177570093395,1283.56,1283.4599999999998,1283.7316666666666,0.2044754021011497,1565.2,-0.18540761564017383
2008-09-04,1236.8,1271.8,1271.8,1232.8,,-3.0,-0.029960784313725508,-0.15008246289169813,1274.58,1280.84,1281.7050000000002,0.20629565780387077,1565.2,-0.20981344237158195
2008-09-05,1242.3,1233.2,1244.9,1217.2,,0.44,0.004446959896507119,-0.1463029136888394,1262.9,1279.65,1280.1516666666669,0.2063013234906904,1565.2,-0.20629951443904937
2008-09-08,1267.8,1249.5,1274.4,1247.1,,2.05,0.020526442888191276,-0.12877954920285806,1259.9,1278.225,1278.95,0.20672734008060198,1565.2,-0.19000766675185288
2008-09-09,1224.5,1268.0,1268.7,1224.5,,-3.42,-0.034153651995582845,-0.15853490929081848,1249.28,1274.185,1276.6916666666666,0.20945452271598894,1565.2,-0.2176718630207003
2008-09-10,1232.0,1227.5,1243.9,1221.6,,0.61,0.0061249489587587025,-0.1533809785596475,1240.6799999999998,1271.305,1274.5566666666666,0.20907651593777885,1565.2,-0.21288014311270131
2008-09-11,1249.0,1229.0,1250.0,1211.5,,1.38,0.01379870129870131,-0.14169873556899326,1243.1200000000001,1269.465,1272.8583333333333,0.20957204623229375,1565.2,-0.20201891132123695
2008-09-12,1251.7,1245.9,1255.1,1233.8,,0.22,0.002161729383506783,-0.13984332050577175,1245.0,1267.4050000000002,1271.4233333333334,0.20939580338766256,1565.2,-0.20029389215435722
2008-09-15,1192.7,1250.9,1250.9,1192.7,,-4.71,-0.04713589518255168,-0.1803875755909834,1229.98,1262.1299999999999,1268.9216666666666,0.21450513769250304,1565.2,-0.23798875543061593
2008-09-16,1213.6,1188.3,1214.8,1169.3,,1.75,0.017523266538106652,-0.16602528862012045,1227.8,1258.88,1267.1833333333334,0.21524001250674907,1565.2,-0.2246358292869921
2008-09-17,1156.4,1210.3,1210.3,1155.9,,-4.71,-0.04713249835201039,-0.205332600329851,1212.6799999999998,1253.365,1264.4900000000002,0.21811671081381895,1565.2,-0.2611806797853309
2008-09-18,1206.5,1157.1,1211.1,1133.5,,4.33,0.043324109304738734,-0.17090434304562896,1204.1799999999998,1249.965,1262.6933333333334,0.22246591403179608,1565.2,-0.2291719907998978
2008-09-19,1255.1,1213.1,1265.1,1213.1,,4.03,0.04028180687940308,-0.1375068719076411,1204.8600000000001,1248.835,1261.5783333333334,0.22615493069643505,1565.2,-0.1981216457960645
2008-09-22,1207.1,1255.4,1255.4,1205.6,,-3.82,-0.03824396462433277,-0.1704920285871354,1207.74,1244.58,1260.3100000000002,0.22919305044458244,1565.2,-0.22878865320725794
2008-09-23,1188.2,1207.6,1221.2,1187.1,,-1.57,-0.015657360616353144,-0.1834799340296862,1202.6599999999999,1240.65,1258.8066666666666,0.22962951256104086,1565.2,-0.24086378737541525
2008-09-24,1185.9,1188.8,1197.4,1179.8,,-0.19,-0.0019357010604275082,-0.18506047278724524,1208.56,1236.3700000000001,1257.2383333333335,0.22963135961802741,1565.2,-0.24233324814720159
2008-09-25,1209.2,1187.9,1220.0,1187.9,,1.96,0.019647525086432305,-0.16904892798240734,1209.1,1232.745,1255.9766666666667,0.23046246813876997,1565.2,-0.2274469716330182
2008-09-26,1213.0,1204.5,1215.8,1187.5,,0.31,0.003142573602381793,-0.166437603078614,1200.6799999999998,1228.36,1255.1683333333335,0.23044746142796774,1565.2,-0.22501916687963197
2008-09-29,1106.4,1209.1,1209.1,1106.4,,-8.79,-0.08788128606760093,-0.23969213853765747,1180.5400000000002,1219.54,1252.56,0.2463382127686317,1565.2,-0.2931254791719907
2008-09-30,1166.4,1113.8,1168.0,1113.8,,5.42,0.054229934924078016,-0.1984606926882897,1176.1799999999998,1213.98,1251.1283333333336,0.25208702252771925,1565.2,-0.254791719907999
2008-10-01,1161.1,1164.2,1167.0,1140.8,,-0.45,-0.004543895747599613,-0.20210280373831735,1171.22,1208.285,1249.2516666666666,0.2521109023740034,1565.2,-0.258177868642985
2008-10-02,1114.3,1160.6,1160.6,1111.4,,-4.03,-0.040306605804840245,-0.23426333150082423,1152.2400000000002,1202.16,1247.0783333333334,0.2551327781827413,1565.2,-0.28807820086889857
2008-10-03,1099.2,1115.2,1153.8,1098.1,,-1.36,-0.013551108319123983,-0.2446399120395817,1129.48,1195.0049999999999,1244.5083333333334,0.25541264468830555,1565.2,-0.29772553028366977
2008-10-06,1056.9,1097.6,1097.6,1008.0,,-3.85,-0.0384825327510917,-0.273708081363386,1119.58,1184.46,1241.4650000000001,0.2578828881347602,1565.2,-0.32475083056478404
2008-10-07,996.2,1057.6,1072.9,996.2,,-5.74,-0.057432112782666356,-0.3154205607476631,1085.5400000000002,1173.045,1237.5966666666668,0.2638941312684071,1565.2,-0.3635318170201891
2008-10-08,984.9,988.9,1021.1,971.0,,-1.13,-0.01134310379441883,-0.32318581638262744,1050.3,1160.69,1233.7633333333333,0.2638907841741711,1565.2,-0.3707513416815743
2008-10-09,909.9,988.4,1005.2,909.2,,-7.61,-0.07614986293024673,-0.3747251236943372,1009.4200000000001,1143.7350000000001,1228.1716666666666,0.27419243522794956,1565.2,-0.418668540761564
2008-10-10,899.2,902.3,936.4,839.8,,-1.18,-0.011759534014726847,-0.38207806487080775,969.4200000000001,1126.11,1222.1533333333332,0.27434806622045405,1565.2,-0.42550472783030924
2008-10-13,1003.4,912.8,1006.9,912.8,,11.59,0.1158807829181494,-0.310472787245739,958.72,1116.645,1217.865,0.2985419230201394,1565.2,-0.35893176590851017
2008-10-14,998.0,1010.0,1044.3,972.1,,-0.54,-0.005381702212477579,-0.31418361737218214,959.0799999999999,1105.865,1213.4983333333332,0.2984882123056609,1565.2,-0.3623818042422694
2008-10-15,907.8,994.6,994.6,904.0,,-9.04,-0.09038076152304608,-0.37616822429906505,943.6600000000001,1093.435,1207.345,0.3113862376247011,1565.2,-0.42001022233580376
2008-10-16,946.4,909.5,947.7,865.8,,4.25,0.04252037893809213,-0.3496426608026384,950.96,1080.43,1201.7483333333332,0.3145191306930727,1565.2,-0.39534883720930236
2008-10-17,940.5,942.3,984.6,918.7,,-0.62,-0.006234150464919708,-0.3536970863111596,959.22,1064.7,1196.5483333333332,0.314549545002669,1565.2,-0.3991183235369282
2008-10-20,985.4,943.5,985.4,943.5,,4.77,0.047740563530037194,-0.3228422210005494,955.6199999999999,1053.615,1192.0083333333334,0.31750112610427805,1565.2,-0.3704318936877077
2008-10-21,955.0,980.4,985.4,952.5,,-3.09,-0.030850416074690412,-0.3437328202308957,947.0199999999999,1041.955,1187.3516666666667,0.31881205483338776,1565.2,-0.3898543317147969
2008-10-22,896.8,951.7,951.7,875.8,,-6.09,-0.06094240837696341,-0.3837273227047825,944.82,1027.5,1181.2450000000001,0.3241100938892853,1565.2,-0.4270380782008689
2008-10-23,908.1,899.1,922.8,858.4,,1.26,0.01260035682426408,-0.37596206706981816,937.1600000000001,1012.445,1174.975,0.32443292089700054,1565.2,-0.41981855353948383
2008-10-24,876.8,895.2,896.3,852.9,,-3.45,-0.03446756965091957,-0.3974711379879051,924.4200000000001,995.635,1168.465,0.3260698003760215,1565.2,-0.43981599795553283
2008-10-27,848.9,874.3,893.8,846.8,,-3.18,-0.03182025547445255,-0.4166437603078611,897.1199999999999,982.76,1161.6083333333333,0.3270465651227792,1565.2,-0.4576411960132891
2008-10-28,940.5,848.9,940.5,845.3,,10.79,0.10790434680174354,-0.3536970863111595,894.2199999999999,971.4649999999999,1156.4666666666667,0.345020335892968,1565.2,-0.3991183235369282
2008-10-29,930.1,939.5,970.0,922.3,,-1.11,-0.0110579479000531,-0.36084387025838316,900.8799999999999,959.915,1150.5533333333333,0.3451139398008995,1565.2,-0.4057628418093534
2008-10-30,954.1,939.4,963.2,928.5,,2.58,0.025803677023976013,-0.344351291918636,910.0799999999999,951.9050000000001,1144.9683333333335,0.3459400691299606,1565.2,-0.3904293381037567
2008-10-31,968.8,953.1,984.4,944.6,,1.54,0.015407190022010298,-0.3342495876855409,928.4799999999999,945.385,1140.013333333333,0.34546290230551696,1565.2,-0.38103756708407877
2008-11-03,966.3,968.7,975.6,958.8,,-0.26,-0.002580511973575561,-0.33596756459593125,951.96,940.8549999999999,1134.5133333333333,0.34545622396627296,1565.2,-0.3826348070534118
2008-11-04,1005.8,971.3,1007.5,971.3,,4.09,0.04087757425230265,-0.30882352941176405,965.0199999999999,941.335,1129.5216666666668,0.3480311368560961,1565.2,-0.3573984155379505
2008-11-05,952.8,1001.8,1001.8,949.9,,-5.27,-0.052694372638695586,-0.345244639912039,969.5600000000001,939.7299999999999,1123.9083333333333,0.35153269954964583,1565.2,-0.3912599028878099
2008-11-06,904.9,952.4,952.4,899.7,,-5.03,-0.050272879932829584,-0.3781610775151176,959.72,939.4799999999999,1117.56,0.35380162578448937,1565.2,-0.4218630207002301
2008-11-07,931.0,907.4,931.5,906.9,,2.88,0.028842966073599374,-0.3602253985706426,952.1599999999999,941.07,1111.5283333333332,0.355115324621839,1565.2,-0.4051878354203936
2008-11-10,919.2,936.8,952.0,907.5,,-1.27,-0.012674543501611124,-0.3683342495876849,942.74,936.86,1105.2116666666666,0.3550603094086035,1565.2,-0.4127268080756453
2008-11-11,899.0,917.1,917.1,884.9,,-2.2,-0.02197563098346389,-0.3822155030236387,921.3799999999999,931.9100000000001,1098.8849999999998,0.3555480528807402,1565.2,-0.42563250702785593
2008-11-12,852.3,893.4,893.4,850.5,,-5.19,-0.05194660734149059,-0.41430731170973,901.28,929.135,1091.9783333333332,0.35775377127344804,1565.2,-0.4554689496549962
2008-11-13,911.3,853.1,913.0,818.7,,6.92,0.06922445148421907,-0.37376305662451836,902.5600000000001,927.3799999999999,1085.925,0.36472295415650946,1565.2,-0.4177740863787376
2008-11-14,873.3,904.4,916.9,869.9,,-4.17,-0.0416986722264896,-0.39987630566245125,891.0200000000001,924.0199999999999,1079.185,0.3667383272924609,1565.2,-0.4420521339125991
2008-11-17,850.8,873.2,882.3,849.0,,-2.58,-0.025764342150463748,-0.4153380978559642,877.3399999999999,917.2900000000002,1071.8283333333334,0.367456455987266,1565.2,-0.45642729363659595
2008-11-18,859.1,852.3,865.9,826.8,,0.98,0.009755524212506028,-0.40963441451346827,869.36,912.4950000000001,1065.0333333333333,0.3673070909788507,1565.2,-0.4511244569384104
2008-11-19,806.6,859.0,864.6,806.2,,-6.11,-0.06111046443952972,-0.44571192963166506,860.22,907.9849999999999,1057.285,0.3720142231335864,1565.2,-0.4846664962944033
2008-11-20,752.4,805.9,820.5,747.8,,-6.72,-0.06719563600297551,-0.48295766904892734,828.4399999999999,900.2,1048.4633333333334,0.37743207426514125,1565.2,-0.5192946588295426
2008-11-21,800.0,755.8,801.2,741.0,,6.33,0.06326422115895802,-0.4502473886750955,813.78,896.36,1040.1183333333333,0.38260481576183947,1565.2,-0.48888320981344235
2008-11-24,851.8,801.2,865.6,801.2,,6.47,0.06474999999999986,-0.41465090709180796,813.98,896.5049999999999,1032.935,0.3877924171942375,1565.2,-0.4557883976488628
2008-11-25,857.4,853.4,868.9,835.0,,0.66,0.006574313219065431,-0.41080263881253365,813.64,892.35,1025.9316666666666,0.3875230261218588,1565.2,-0.4522105801175569
2008-11-26,887.7,852.9,887.7,841.4,,3.53,0.03533939818054588,-0.3899807586586028,829.86,890.2300000000001,1019.4766666666667,0.3881132428587864,1565.2,-0.432852031689241
2008-11-28,896.2,886.9,896.2,881.2,,0.96,0.009575306973076403,-0.3841396371632758,858.6200000000001,887.3349999999998,1013.8,0.38827108534598437,1565.2,-0.4274214157935088
2008-12-01,816.2,888.6,888.6,815.7,,-8.93,-0.08926578888640924,-0.4391148982957662,861.86,879.7049999999999,1006.6983333333334,0.3979102523511374,1565.2,-0.47853309481216455
2008-12-02,848.8,817.9,850.5,817.9,,3.99,0.03994119088458703,-0.41671247938427636,861.26,873.8299999999999,999.715,0.40009958182547406,1565.2,-0.45770508561206236
2008-12-03,870.7,843.6,873.1,827.6,,2.58,0.02580113100848269,-0.40166300164925706,863.9200000000001,867.075,993.8183333333333,0.40102660129231577,1565.2,-0.4437132634807053
2008-12-04,845.2,869.8,875.6,833.6,,-2.93,-0.02928678075111979,-0.4191863661352384,855.4200000000001,861.695,987.3716666666667,0.40160819150704913,1565.2,-0.4600051111679019
2008-12-05,876.1,844.4,879.4,818.4,,3.66,0.03655939422621857,-0.39795217152281404,851.4,860.2549999999999,981.1566666666666,0.4030950683501471,1565.2,-0.44026322514694605
2008-12-08,909.7,882.7,918.6,882.7,,3.84,0.03835178632576186,-0.37486256184716804,870.1,859.1899999999999,975.4566666666667,0.40509281218716525,1565.2,-0.4187963199591106
2008-12-09,888.7,906.5,916.3,885.4,,-2.31,-0.02308453336264704,-0.3892935678944468,878.0800000000002,857.665,970.39,0.40555176980581215,1565.2,-0.43221313570150777
2008-12-10,899.2,892.2,908.3,885.5,,1.18,0.011815010689771643,-0.3820780648708074,883.7800000000001,857.675,965.15,0.405091978625113,1565.2,-0.42550472783030924
2008-12-11,873.6,898.4,904.6,868.7,,-2.85,-0.028469750889679735,-0.39967014843320436,889.46,858.74,960.4366666666666,0.4059041736787101,1565.2,-0.4418604651162791
2008-12-12,879.7,871.8,883.2,851.4,,0.7,0.006982600732600819,-0.3954782847718519,890.1800000000001,857.1600000000001,954.99,0.40598792068684003,1565.2,-0.4379631995911065
2008-12-15,868.6,881.1,884.6,857.7,,-1.26,-0.012617937933386392,-0.4031061022539849,881.96,856.925,948.5483333333334,0.4059572308169036,1565.2,-0.44505494505494503
2008-12-16,913.2,871.5,914.7,871.5,,5.13,0.051346995164632814,-0.37245739417262147,886.86,860.0450000000001,943.65,0.4091907750587098,1565.2,-0.4165601840020444
2008-12-17,904.4,908.2,918.9,895.9,,-0.96,-0.009636443276390794,-0.37850467289719547,887.9,862.3100000000001,938.9200000000001,0.4091965976054663,1565.2,-0.4221824686940966
2008-12-18,885.3,906.0,911.0,877.4,,-2.11,-0.021118973905351668,-0.39163001649257756,890.24,866.2450000000001,933.9100000000001,0.40966398676363913,1565.2,-0.4343853820598007
2008-12-19,887.9,887.0,905.5,883.0,,0.29,0.002936857562408246,-0.38984332050577164,891.8800000000001,873.0200000000001,928.555,0.40963747835323955,1565.2,-0.43272425249169433
2008-12-22,871.6,887.2,887.4,857.1,,-1.84,-0.01835792318954832,-0.4010445299615165,892.4799999999999,876.6,922.865,0.4095612901498695,1565.2,-0.4431382570917455
2008-12-23,863.2,874.3,880.4,860.1,,-0.96,-0.009637448370812263,-0.40681693238042804,882.4799999999999,877.1700000000001,918.8116666666666,0.4095162188264738,1565.2,-0.44850498338870426
2008-12-24,868.1,863.9,869.8,861.4,,0.57,0.0056765523632993364,-0.403449697636063,875.22,877.7049999999999,913.84,0.4095769148352291,1565.2,-0.44537439304881166
2008-12-26,872.8,869.5,873.7,866.5,,0.54,0.005414122796912668,-0.4002199010445292,872.7199999999999,876.9599999999998,909.035,0.40945114599666826,1565.2,-0.44237158190646564
2008-12-29,869.4,872.4,873.7,857.1,,-0.39,-0.0038955087076076866,-0.40255634964266007,869.0200000000001,875.6200000000001,904.9533333333334,0.4094442828835295,1565.2,-0.4445438282647586
2008-12-30,890.6,870.6,891.1,870.6,,2.44,0.024384633080285267,-0.38798790544255013,872.8199999999999,879.3399999999999,901.4766666666667,0.41024629939897206,1565.2,-0.4309992333248147
2008-12-31,903.2,890.6,910.3,889.7,,1.41,0.014147765551313807,-0.3793293018141828,880.82,882.0600000000001,898.9150000000001,0.41034758248912256,1565.2,-0.42294914387937643
2009-01-02,931.8,903.0,934.7,899.4,,3.17,0.03166519043401239,-0.35967564595931745,893.5600000000001,885.115,897.8416666666667,0.41168615999351477,1565.2,-0.40467671863020704
2009-01-05,927.5,929.2,936.6,919.5,,-0.46,-0.0046147241897402935,-0.36263056624518886,904.5,889.2299999999999,896.885,0.41104057097144103,1565.2,-0.4074239713774598
2009-01-06,934.7,931.2,943.9,927.3,,0.78,0.007762803234501403,-0.35768279274326464,917.5600000000001,892.1600000000001,897.2983333333334,0.41111573684554803,1565.2,-0.40282392026578073
2009-01-07,906.6,927.5,927.5,902.4,,-3.01,-0.03006312185728044,-0.3769928532160519,920.76,892.0050000000001,897.4216666666666,0.41176903168681256,1565.2,-0.4207768975210836
2009-01-08,909.7,905.7,910.0,896.8,,0.34,0.003419369071255174,-0.37486256184716793,922.0600000000001,893.055,895.86,0.4115236486484458,1565.2,-0.4187963199591106
2009-01-09,890.4,909.9,911.9,888.3,,-2.12,-0.02121578542376612,-0.3881253435953813,913.78,892.615,894.0666666666667,0.4118917424540581,1565.2,-0.4311270125223614
2009-01-12,870.3,890.4,890.4,864.3,,-2.26,-0.02257412398921832,-0.40193787795491953,902.3399999999999,892.45,893.4416666666667,0.41225401083819413,1565.2,-0.44396882187579867
2009-01-13,871.8,869.8,877.0,862.0,,0.17,0.0017235436056532993,-0.40090709180868533,889.76,892.055,892.1983333333334,0.41207937487474855,1565.2,-0.4430104778941989
2009-01-14,842.6,867.3,867.3,836.9,,-3.35,-0.033493920623996254,-0.42097306212204433,876.9599999999998,890.7550000000001,890.5666666666667,0.4126592304825173,1565.2,-0.46166624073600815
2009-01-15,843.7,842.0,851.6,817.0,,0.13,0.0013054830287206887,-0.4202171522814725,863.76,887.2800000000001,888.2049999999999,0.4126497042051675,1565.2,-0.46096345514950166
2009-01-16,850.1,844.5,858.1,830.7,,0.76,0.007585634704278643,-0.41581913139087334,855.7,884.5649999999999,886.4566666666667,0.41182258421746837,1565.2,-0.45687452082800917
2009-01-20,805.2,849.6,849.6,804.5,,-5.28,-0.052817315609928195,-0.44667399670148356,842.6800000000001,880.5600000000001,884.9300000000001,0.4149910260643535,1565.2,-0.4855609506772297
2009-01-21,840.2,806.8,841.7,804.3,,4.35,0.04346746150024838,-0.42262231995601895,836.36,878.175,883.7983333333333,0.4173226212352952,1565.2,-0.46319959110656783
2009-01-22,827.5,839.7,839.7,811.3,,-1.51,-0.015115448702689882,-0.4313496426608019,833.3399999999999,875.97,882.9766666666667,0.41691311204287906,1565.2,-0.47131357015077946
2009-01-23,832.0,822.2,838.6,806.1,,0.54,0.005438066465256908,-0.4282572842220992,831.0,874.4100000000001,882.6949999999999,0.41680864469598106,1565.2,-0.46843853820598014
2009-01-26,836.6,832.5,852.5,827.7,,0.55,0.005528846153846079,-0.425096206706981,828.3,872.835,880.9633333333334,0.4166203365240537,1565.2,-0.46549961666240736
2009-01-27,845.7,837.3,850.5,835.4,,1.09,0.010877360745876086,-0.41884277075316023,836.4,871.4800000000001,879.5566666666667,0.4163657693210436,1565.2,-0.45968566317403525
2009-01-28,874.1,845.7,877.9,845.7,,3.36,0.0335816483386544,-0.3993265530511261,843.18,871.7149999999999,878.2233333333334,0.41777494039283386,1565.2,-0.44154101712241245
2009-01-29,845.1,868.9,868.9,844.1,,-3.32,-0.03317698203866837,-0.4192550852116539,846.7,869.4400000000002,876.1616666666666,0.4189680982246383,1565.2,-0.46006900076667523
2009-01-30,825.9,845.7,851.7,821.7,,-2.27,-0.022719204827831074,-0.4324491478834517,845.4799999999999,865.575,873.8216666666666,0.41909885896946736,1565.2,-0.4723358037311526
2009-02-02,825.4,823.1,830.8,812.9,,-0.06,-0.0006054001695120492,-0.43279274326552974,843.24,860.2549999999999,870.815,0.4188665354016028,1565.2,-0.4726552517250192
2009-02-03,838.5,825.7,842.6,822.0,,1.59,0.015871092803489306,-0.42379054425508433,841.8,855.805,868.91,0.41914331093680024,1565.2,-0.4642857142857143
2009-02-04,832.2,837.8,851.9,829.2,,-0.75,-0.0075134168157423575,-0.4281198460692679,833.4200000000001,850.68,867.6983333333333,0.41807514889329955,1565.2,-0.46831075900843344
2009-02-05,845.9,831.8,850.5,819.9,,1.65,0.01646238884883444,-0.41870533260032894,833.5799999999999,847.6450000000001,866.28,0.418417518480564,1565.2,-0.45955788397648867
2009-02-06,868.6,846.1,870.8,845.4,,2.68,0.026835323324269966,-0.4031061022539848,842.1200000000001,845.5899999999999,865.4366666666666,0.4192706775531603,1565.2,-0.44505494505494503
2009-02-09,869.9,868.2,875.0,861.6,,0.15,0.001496661294036361,-0.4022127542605819,851.0200000000001,844.5649999999999,864.9516666666666,0.41927074251785973,1565.2,-0.44422438027089195
2009-02-10,827.2,866.9,868.0,823.0,,-4.91,-0.04908610185078732,-0.43155579989004855,848.76,842.4100000000001,864.5333333333334,0.4219155343455296,1565.2,-0.4715052389470994
2009-02-11,833.7,827.4,838.2,822.3,,0.79,0.007857833655706026,-0.4270890599230337,849.0600000000001,840.5049999999999,863.24,0.4219272735979184,1565.2,-0.46735241502683367
2009-02-12,835.2,829.9,835.5,808.1,,0.18,0.0017992083483266974,-0.4260582737767995,846.9200000000001,840.135,862.6049999999999,0.4216678589447768,1565.2,-0.4663940710452338
2009-02-13,826.8,834.0,839.4,825.2,,-1.01,-0.010057471264367956,-0.431830676195711,838.5600000000001,839.29,862.205,0.4215876270320637,1565.2,-0.4717607973421928
2009-02-17,789.2,818.6,818.6,789.2,,-4.55,-0.04547653604257362,-0.45766904892798144,822.4200000000001,836.2450000000001,861.0400000000001,0.4238579712708449,1565.2,-0.4957832864809609
2009-02-18,788.4,791.1,796.2,780.4,,-0.1,-0.0010136847440447294,-0.4582188015393064,814.6600000000001,835.405,860.7366666666666,0.4238577284034831,1565.2,-0.4962944032711475
2009-02-19,778.9,787.9,797.6,777.0,,-1.2,-0.0120497209538305,-0.46474711379878964,803.7,832.3399999999999,861.1783333333334,0.42386059692773953,1565.2,-0.5023639151546129
2009-02-20,770.0,775.9,778.7,754.2,,-1.14,-0.011426370522531704,-0.4708631115997791,790.6600000000001,829.4649999999999,860.6783333333334,0.42382544605877626,1565.2,-0.5080500894454383
2009-02-23,743.3,773.2,777.9,742.4,,-3.47,-0.03467532467532475,-0.4892111050027479,773.9599999999999,825.0300000000001,858.8700000000001,0.42497927108206474,1565.2,-0.5251086123179147
2009-02-24,773.1,744.7,775.5,744.7,,4.01,0.040091483923045956,-0.46873282023089513,770.74,821.8550000000001,857.465,0.42677044475550197,1565.2,-0.5060695118834654
2009-02-25,764.9,770.6,780.1,752.9,,-1.06,-0.010606648557754506,-0.47436778449697536,766.04,817.8149999999999,855.4183333333334,0.42676603441095445,1565.2,-0.5113084589828776
2009-02-26,752.8,765.8,779.4,751.8,,-1.58,-0.015819061315204608,-0.48268279274326453,760.8199999999999,811.75,853.0283333333333,0.42698886697347305,1565.2,-0.5190391004344493
2009-02-27,735.1,749.9,751.3,734.5,,-2.35,-0.023512221041445236,-0.494846069268828,753.8399999999999,806.25,851.6766666666666,0.4274740533388955,1565.2,-0.5303475594173268
2009-03-02,700.8,729.6,729.6,699.7,,-4.67,-0.04666031832403761,-0.5184167124793834,745.3399999999999,799.995,849.2099999999999,0.4290656295398798,1565.2,-0.5522616917965756
2009-03-03,696.3,704.4,711.7,692.3,,-0.64,-0.006421232876712368,-0.521509070918086,729.9799999999999,793.54,846.3033333333334,0.4290779331205776,1565.2,-0.5551367237413749
2009-03-04,712.9,698.6,724.1,698.6,,2.38,0.023840298721815367,-0.5101017042330942,719.58,787.26,844.0983333333332,0.42986575454975207,1565.2,-0.5445310503450038
2009-03-05,682.5,708.3,708.3,677.9,,-4.26,-0.042642726890166904,-0.5309923034634405,705.52,779.775,840.8716666666666,0.4317088575381001,1565.2,-0.563953488372093
2009-03-06,683.4,684.0,699.1,666.8,,0.13,0.0013186813186811808,-0.5303738317757001,695.18,771.65,837.1,0.431267310247114,1565.2,-0.5633784819831331
2009-03-09,676.5,680.8,695.3,672.9,,-1.01,-0.010096575943810304,-0.5351154480483773,690.3199999999999,762.0450000000001,833.5633333333333,0.43129577796938817,1565.2,-0.5677868642984922
2009-03-10,719.6,679.3,719.6,679.3,,6.37,0.06371027346637104,-0.5054975261132482,694.98,754.53,830.5699999999999,0.436091754826074,1565.2,-0.5402504472271914
2009-03-11,721.4,719.6,731.9,713.9,,0.25,0.002501389660922726,-0.5042605827377671,696.68,749.24,828.0333333333333,0.4343513298044354,1565.2,-0.5391004344492717
2009-03-12,750.7,720.9,752.6,714.8,,4.06,0.040615469919600855,-0.4841258933479924,710.3199999999999,745.0899999999999,825.8833333333333,0.4363801236239069,1565.2,-0.520380782008689
2009-03-13,756.5,752.0,758.3,742.5,,0.77,0.0077261222858664436,-0.4801401869158869,724.9399999999999,741.155,824.015,0.4364295688546145,1565.2,-0.5166751852798365
2009-03-16,753.9,758.8,774.5,753.4,,-0.34,-0.0034368803701255723,-0.4819268829026928,740.42,737.51,821.36,0.436015254251311,1565.2,-0.5183363148479427
2009-03-17,778.1,753.9,778.1,749.9,,3.21,0.0320997479771854,-0.46529686641011436,752.12,736.9549999999999,819.255,0.4372654064979457,1565.2,-0.5028750319447994
2009-03-18,794.4,776.0,803.0,765.6,,2.09,0.02094846420768537,-0.4540956569543695,766.72,737.2549999999999,817.7399999999999,0.4356243052787447,1565.2,-0.4924610273447483
2009-03-19,784.0,797.9,803.2,781.8,,-1.31,-0.01309164149043296,-0.46124244090159316,773.38,737.51,816.0083333333333,0.4351851069503875,1565.2,-0.4991055456171736
2009-03-20,768.5,784.6,788.9,766.2,,-1.98,-0.019770408163265252,-0.4718938977460132,775.78,737.435,814.2899999999998,0.43480130653224014,1565.2,-0.5090084334270382
2009-03-23,822.9,772.3,823.4,772.3,,7.08,0.07078724788549118,-0.43451072017591974,789.5799999999999,741.4150000000001,813.6183333333333,0.4404936041046025,1565.2,-0.47425249169435224
2009-03-24,806.1,820.6,823.6,805.5,,-2.04,-0.02041560335399195,-0.4460555250137427,795.1800000000001,743.0649999999999,812.5849999999999,0.44087834774878815,1565.2,-0.4849859442882699
2009-03-25,813.9,806.8,826.8,791.4,,0.97,0.009676218831410344,-0.4406954370533249,799.0799999999999,745.5150000000001,811.6033333333332,0.440965530838425,1565.2,-0.480002555583951
2009-03-26,832.9,814.1,833.0,814.1,,2.33,0.023344391202850368,-0.42763881253435854,808.8599999999999,749.52,810.995,0.44155814927494125,1565.2,-0.46786353181702023
2009-03-27,815.9,828.7,828.7,813.4,,-2.04,-0.02041061351902984,-0.43932105552501277,818.3399999999999,753.56,809.75,0.4419170936959724,1565.2,-0.4787247636084846
2009-03-30,787.5,809.1,809.1,779.8,,-3.48,-0.03480818727785262,-0.4588372732270468,811.26,757.895,807.8216666666667,0.4431087631809605,1565.2,-0.4968694096601074
2009-03-31,797.9,790.9,810.5,790.9,,1.32,0.013206349206349222,-0.451690489279823,809.62,762.975,805.59,0.44175515901206397,1565.2,-0.4902248913876821
2009-04-01,811.1,793.6,813.6,783.3,,1.65,0.01654342649454832,-0.442619571192962,809.06,767.885,803.65,0.44213401085822374,1565.2,-0.48179146434960385
2009-04-02,834.4,814.5,845.6,814.5,,2.87,0.028726420909875428,-0.42660802638812423,809.36,775.48,801.9783333333334,0.4431692185440467,1565.2,-0.46690518783542045
2009-04-03,842.5,835.1,842.5,826.7,,0.97,0.009707574304889777,-0.4210417811984596,814.6800000000001,783.435,800.9100000000001,0.44330664034676415,1565.2,-0.4617301303347815
2009-04-06,835.5,839.8,839.8,822.8,,-0.83,-0.008308605341246333,-0.4258521165475525,824.28,791.385,799.6733333333334,0.4433473850207465,1565.2,-0.46620240224891385
2009-04-07,815.5,834.1,834.1,814.5,,-2.39,-0.023937761819269876,-0.43959593183067514,827.8,796.1800000000001,798.425,0.4438974345837733,1565.2,-0.4789803220035779
2009-04-08,825.2,816.8,828.4,814.8,,1.19,0.011894543225015486,-0.4329301814183606,830.6200000000001,801.37,797.6733333333334,0.44405686909727454,1565.2,-0.4727830309225658
2009-04-09,856.6,829.3,856.9,829.3,,3.81,0.0380513814832768,-0.41135239142385804,835.0600000000001,806.6650000000001,797.42,0.4457828003385898,1565.2,-0.45272169690774344
2009-04-13,858.7,855.3,864.3,845.4,,0.25,0.0024515526500117346,-0.4099092908191301,838.3,811.775,797.6883333333334,0.4453943305988832,1565.2,-0.4513800153335037
2009-04-14,841.5,856.9,856.9,840.2,,-2.0,-0.020030278327704765,-0.4217289719626156,839.5,816.155,797.6516666666668,0.4457815498786056,1565.2,-0.46236902632251475
2009-04-15,852.1,839.4,852.9,835.6,,1.26,0.012596553773024377,-0.41444474986256064,846.82,819.8550000000001,797.685,0.44596170603892565,1565.2,-0.45559672885254276
2009-04-16,865.3,854.5,870.4,847.0,,1.55,0.015491139537612941,-0.40537383177569974,854.8399999999999,823.4,798.6866666666666,0.4456285900268298,1565.2,-0.4471633018144646
2009-04-17,869.6,865.2,875.6,860.9,,0.5,0.004969374783312164,-0.40241891148982833,857.4399999999999,827.6800000000001,799.1766666666667,0.44566956330625235,1565.2,-0.4444160490672119
2009-04-20,832.4,868.3,868.3,832.4,,-4.28,-0.04277828886844537,-0.4279824079164365,852.18,830.875,799.2583333333333,0.44715175863060774,1565.2,-0.46818297981088686
2009-04-21,850.1,831.2,850.1,826.8,,2.13,0.021263815473330228,-0.4158191313908729,853.9,832.235,799.5600000000001,0.44773788670271564,1565.2,-0.45687452082800917
2009-04-22,843.5,847.3,861.8,840.6,,-0.78,-0.007763792495000588,-0.42035459043430334,852.18,834.1050000000001,799.675,0.44772124853365614,1565.2,-0.46109123434704835
2009-04-23,851.9,844.6,852.9,835.5,,1.0,0.009958506224066355,-0.4145821880153918,849.5,836.0049999999999,799.7783333333333,0.447847135690803,1565.2,-0.45572450805008946
2009-04-24,866.2,853.9,871.8,853.9,,1.68,0.016786007747388254,-0.4047553600879591,848.82,837.6700000000001,799.6466666666668,0.448150887314962,1565.2,-0.4465882954255047
2009-04-27,857.5,862.8,868.8,854.6,,-1.0,-0.010043869776033332,-0.4107339197361175,853.8399999999999,839.75,799.8533333333334,0.4481610389285251,1565.2,-0.45214669051878353
2009-04-28,855.2,854.5,864.5,847.1,,-0.27,-0.002682215743440186,-0.41231445849367654,854.86,843.135,800.3416666666667,0.4481621619449255,1565.2,-0.45361615129056987
2009-04-29,873.6,856.9,882.1,856.9,,2.15,0.021515434985968085,-0.3996701484332038,860.8799999999999,846.9200000000001,801.145,0.4487482496852667,1565.2,-0.4418604651162791
2009-04-30,872.8,876.6,888.7,868.5,,-0.09,-0.0009157509157510235,-0.40021990104452876,865.0600000000001,850.0049999999999,801.7166666666667,0.4487422724935746,1565.2,-0.44237158190646564
2009-05-01,877.5,872.7,880.5,866.1,,0.54,0.005384967919340067,-0.396990104452995,867.32,852.1600000000001,802.4716666666667,0.44840908486548015,1565.2,-0.4393687707641196
2009-05-04,907.2,879.2,907.9,879.2,,3.38,0.03384615384615386,-0.3765805387575579,877.26,855.3950000000001,803.4933333333333,0.4497747813231357,1565.2,-0.4203935599284436
2009-05-05,903.8,906.1,907.7,897.3,,-0.37,-0.0037477954144621295,-0.3789169873556888,886.9799999999999,858.8100000000001,804.08,0.4497699507282624,1565.2,-0.42256580628673657
2009-05-06,919.5,904.0,920.3,904.0,,1.74,0.01737109980084095,-0.36812809235843746,896.1600000000001,864.01,804.9066666666666,0.4500698773932262,1565.2,-0.4125351392793254
2009-05-07,907.4,919.6,929.6,901.4,,-1.32,-0.01315932572050027,-0.37644310060472663,903.0799999999999,868.1200000000001,806.2433333333333,0.44991124779198344,1565.2,-0.42026578073089704
2009-05-08,929.2,909.0,930.2,909.0,,2.4,0.024024685915803534,-0.3614623419461229,913.4199999999998,871.75,807.8349999999999,0.45059692023397585,1565.2,-0.4063378481983133
2009-05-11,909.2,923.0,923.0,908.7,,-2.15,-0.02152389151958678,-0.37520615722924555,913.82,874.275,809.0683333333334,0.45102133655239945,1565.2,-0.4191157679529772
2009-05-12,908.4,910.5,915.6,896.5,,-0.09,-0.0008798944126705566,-0.3757559098405705,914.74,877.6200000000001,810.4283333333333,0.4508525505663012,1565.2,-0.4196268847431639
2009-05-13,883.9,905.4,905.4,882.8,,-2.7,-0.02697049757815939,-0.3925920835623957,907.6199999999999,879.2099999999998,812.0066666666667,0.45158033496209604,1565.2,-0.43527983644262713
2009-05-14,893.1,884.2,898.4,882.5,,1.04,0.010408417241769552,-0.38626992853215925,904.76,880.6,813.7516666666667,0.45170237961422316,1565.2,-0.4294019933554817
2009-05-15,882.9,892.8,897.0,878.9,,-1.14,-0.011420893516963404,-0.39327927432655174,895.5,881.265,815.485,0.4516522404645499,1565.2,-0.4359187324303604
2009-05-18,909.7,886.1,910.0,886.1,,3.04,0.030354513534941674,-0.3748625618471674,895.6,885.1299999999999,817.8133333333334,0.4527662674963665,1565.2,-0.4187963199591106
2009-05-19,908.1,909.7,916.4,905.2,,-0.18,-0.001758821589534998,-0.37596206706981716,895.54,888.0300000000001,820.56,0.4527605986459914,1565.2,-0.41981855353948383
2009-05-20,903.5,908.6,924.6,901.4,,-0.51,-0.005065521418346042,-0.37912314458493535,899.46,891.0300000000001,822.7333333333333,0.4527069123588046,1565.2,-0.4227574750830565
2009-05-21,888.3,900.4,900.4,879.6,,-1.68,-0.016823464305478764,-0.3895684442001086,898.5,892.85,824.7899999999998,0.4527324109640576,1565.2,-0.43246869409660116
2009-05-22,887.0,888.7,896.6,883.8,,-0.15,-0.001463469548575902,-0.3904617921935115,899.32,893.89,827.0266666666666,0.4527149522895344,1565.2,-0.43329925888065424
2009-05-26,910.3,887.0,911.8,881.5,,2.63,0.026268320180383276,-0.3744502473886737,899.4399999999999,896.53,829.9466666666667,0.4534011120226616,1565.2,-0.41841298236647073
2009-05-27,893.1,910.0,913.8,891.9,,-1.89,-0.018894869823135152,-0.38626992853215913,896.4399999999999,898.425,833.1516666666666,0.4536715567628629,1565.2,-0.4294019933554817
2009-05-28,906.8,893.0,909.5,887.6,,1.53,0.015339827566901665,-0.3768554150632202,897.1,900.085,836.66,0.45394739622467156,1565.2,-0.420649118323537
2009-05-29,919.1,907.0,920.0,903.6,,1.36,0.013564181737979686,-0.36840296866409983,903.26,902.4,840.0966666666667,0.45414165382240623,1565.2,-0.41279069767441856
2009-06-01,942.9,923.3,947.8,923.3,,2.59,0.025894897182025867,-0.35204782847718397,914.4399999999999,905.6700000000001,844.4366666666667,0.45494478288487167,1565.2,-0.39758497316636854
2009-06-02,944.7,942.9,949.4,938.5,,0.19,0.0019090041361757848,-0.3508108851017028,921.3199999999999,907.5449999999998,848.7916666666666,0.4548582833762309,1565.2,-0.3964349603884487
2009-06-03,931.8,942.5,942.5,923.9,,-1.37,-0.013655128612257927,-0.3596756459593169,929.0600000000001,908.945,853.0466666666667,0.45500767209798487,1565.2,-0.40467671863020704
2009-06-04,942.5,932.5,942.5,929.3,,1.15,0.011483150890749139,-0.3523227047828462,936.2,910.095,856.7616666666668,0.45518219504782736,1565.2,-0.3978405315614618
2009-06-05,940.1,945.7,951.7,934.1,,-0.25,-0.0025464190981432377,-0.35397196261682096,940.4,911.7299999999999,860.4066666666666,0.45471623788319876,1565.2,-0.3993738819320215
2009-06-08,939.1,938.1,946.3,926.4,,-0.11,-0.001063716625890887,-0.3546591533809771,939.64,912.225,863.5466666666666,0.4537402328845123,1565.2,-0.40001277791975465
2009-06-09,942.4,940.4,946.9,936.1,,0.35,0.0035140027686082487,-0.3523914238592618,939.18,913.885,866.645,0.45375950636223805,1565.2,-0.39790442116023517
2009-06-10,939.1,942.7,949.8,928.0,,-0.35,-0.0035016977928692405,-0.354659153380977,940.64,915.4199999999998,869.7316666666667,0.45376382977220964,1565.2,-0.40001277791975465
2009-06-11,944.9,939.0,956.2,939.0,,0.62,0.0061761260781598715,-0.3506734469488715,941.1200000000001,918.47,872.5116666666667,0.4535431103989485,1565.2,-0.39630718119090214
2009-06-12,946.2,943.4,946.3,935.7,,0.14,0.0013758069636999881,-0.34978009895546847,942.3399999999999,921.125,875.0416666666666,0.45352907374752416,1565.2,-0.39547661640684895
2009-06-15,923.7,942.5,942.5,919.6,,-2.38,-0.023779327837666453,-0.3652418911489814,939.26,923.1650000000002,877.3700000000001,0.4538156365059046,1565.2,-0.4098517761308459
2009-06-16,912.0,925.6,928.0,911.6,,-1.27,-0.01266645014615142,-0.37328202308960823,933.1800000000001,923.2800000000001,879.7616666666668,0.4539606013981981,1565.2,-0.4173268591873244
2009-06-17,910.7,911.9,918.4,903.8,,-0.14,-0.0014254385964911354,-0.37417537108301113,927.5,923.4099999999999,881.225,0.45392603004745513,1565.2,-0.41815742397137745
2009-06-18,918.4,910.9,921.9,907.9,,0.85,0.008455034588777721,-0.36888400219900896,922.2,924.155,883.0966666666667,0.4539460740867489,1565.2,-0.4132379248658319
2009-06-19,921.2,920.0,927.1,915.8,,0.3,0.0030487804878049918,-0.36695986805937175,917.2,925.8,884.885,0.4539392519491101,1565.2,-0.4114490161001789
2009-06-22,893.0,918.1,918.1,893.0,,-3.06,-0.030612244897959218,-0.3863386476085747,911.0600000000001,926.1,885.8866666666667,0.4545652182050398,1565.2,-0.42946588295425503
2009-06-23,895.1,893.5,898.7,888.9,,0.24,0.0023516237402017026,-0.38489554700384676,907.6800000000001,925.3399999999999,887.2066666666667,0.45457700087164415,1565.2,-0.4281242013800154
2009-06-24,900.9,896.3,910.9,896.3,,0.65,0.006479722935984755,-0.38090984057174126,905.72,925.7300000000001,889.0966666666666,0.45463737681860233,1565.2,-0.42441860465116277
2009-06-25,920.3,899.5,921.4,896.3,,2.15,0.02153402153402162,-0.3675783397471123,906.1,926.405,891.1366666666667,0.45514782903140205,1565.2,-0.41202402248913883
2009-06-26,918.9,918.8,922.0,913.0,,-0.15,-0.001521243072911016,-0.3685404068169309,905.64,926.3950000000001,892.9333333333333,0.45425911239753736,1565.2,-0.41291847687196526
2009-06-29,927.2,919.9,928.0,916.2,,0.9,0.009032538905212828,-0.36283672347443496,912.4799999999999,925.6099999999999,894.4799999999999,0.4543589550085534,1565.2,-0.4076156401737797
2009-06-30,919.3,927.1,930.0,912.9,,-0.85,-0.008520276100086432,-0.36826553051126854,917.3199999999999,924.3400000000001,895.76,0.4544183135240763,1565.2,-0.412662918476872
2009-07-01,923.3,920.8,931.9,920.8,,0.44,0.004351136734471961,-0.365516767454644,921.8,923.915,897.2233333333332,0.4544240832165782,1565.2,-0.41010733452593917
2009-07-02,896.4,921.2,921.2,896.4,,-2.91,-0.029134625798765246,-0.38400219901044386,917.0199999999999,921.6099999999999,898.5716666666666,0.4549727519439742,1565.2,-0.4272936365959622
2009-07-06,898.7,894.3,898.7,886.4,,0.26,0.0025658188308792518,-0.3824216602528846,912.9800000000001,919.54,899.7966666666667,0.45498168633650543,1565.2,-0.42582417582417587
2009-07-07,881.0,898.6,898.6,879.9,,-1.97,-0.019695115166351473,-0.3945849367784482,903.74,916.635,900.2033333333334,0.45530781552611144,1565.2,-0.43713263480705344
2009-07-08,879.6,881.9,886.8,869.3,,-0.16,-0.0015891032917139114,-0.3955470038482668,895.8,913.4950000000001,900.5516666666666,0.45494640683200316,1565.2,-0.43802708918987987
2009-07-09,882.7,881.3,887.9,878.5,,0.35,0.003524329240564006,-0.3934167124793827,887.68,910.675,901.2383333333332,0.4544462535615659,1565.2,-0.436046511627907
2009-07-10,879.1,880.0,883.6,872.8,,-0.41,-0.004078395830973136,-0.39589059923034475,884.22,907.385,901.6883333333333,0.4543867764699762,1565.2,-0.4383465371837465
2009-07-13,901.0,879.6,901.0,875.3,,2.49,0.024911841656239275,-0.38084112149532556,884.6800000000001,905.125,902.2833333333333,0.4550098508782995,1565.2,-0.42435471505238953
2009-07-14,905.8,900.8,905.8,896.5,,0.53,0.005327413984461682,-0.3775426058273762,889.64,904.2299999999999,902.8866666666667,0.4549773004094557,1565.2,-0.42128801431127016
2009-07-15,932.7,910.1,934.0,910.1,,2.97,0.02969750496798418,-0.35905717427157624,900.26,905.265,904.5583333333333,0.45588251407507474,1565.2,-0.40410171224124714
2009-07-16,940.7,930.2,944.0,927.5,,0.86,0.008577248847432273,-0.3535596481583272,911.86,906.7650000000001,906.0683333333333,0.4552446724601387,1565.2,-0.3989905443393815
2009-07-17,940.4,940.6,941.9,934.6,,-0.03,-0.0003189114489210443,-0.3537658053875741,924.1200000000001,907.865,907.6833333333333,0.4550672058620545,1565.2,-0.39918221313570157
2009-07-20,951.1,942.1,951.6,941.0,,1.14,0.011378136962994612,-0.3464128642111034,934.14,909.36,909.3366666666667,0.4552276910871939,1565.2,-0.39234602606695634
2009-07-21,954.6,952.0,956.5,943.2,,0.37,0.0036799495321206965,-0.34400769653655694,943.9,912.4399999999999,910.81,0.4552488185668141,1565.2,-0.39010989010989017
2009-07-22,954.1,953.4,959.8,947.8,,-0.05,-0.0005237795935469913,-0.344351291918635,948.1800000000001,915.39,912.42,0.4550261152537772,1565.2,-0.3904293381037567
2009-07-23,976.3,954.1,979.4,953.3,,2.33,0.023268001257729765,-0.32909565695436893,955.3,919.1600000000001,914.4383333333334,0.4556347146658814,1565.2,-0.3762458471760798
2009-07-24,979.3,972.2,979.8,966.0,,0.31,0.0030728259756223064,-0.32703408466190054,963.0800000000002,922.11,916.2,0.455089425344733,1565.2,-0.37432915921288024
2009-07-27,982.2,978.6,982.5,972.3,,0.3,0.002961298886960062,-0.32504123144584773,969.3,925.275,918.0233333333333,0.4550777522496635,1565.2,-0.3724763608484538
2009-07-28,979.6,981.5,982.4,969.4,,-0.26,-0.0026471187130930884,-0.32682792743265365,974.3,927.8950000000001,919.725,0.4547225647337091,1565.2,-0.3741374904165602
2009-07-29,975.1,977.7,977.8,968.6,,-0.46,-0.004593711719068971,-0.32992028587135624,978.5,930.6849999999998,920.8566666666667,0.45410976483989174,1565.2,-0.3770125223613596
2009-07-30,986.8,976.0,996.7,976.0,,1.2,0.011998769356988959,-0.32188015393072955,980.6,933.86,922.24,0.4539539224240016,1565.2,-0.36953743930488125
2009-07-31,987.5,986.8,993.2,982.9,,0.07,0.0007093635995136793,-0.3213991203958202,982.24,938.4150000000002,923.3733333333333,0.4537816820780087,1565.2,-0.36909021211346793
2009-08-03,1002.6,990.2,1003.6,990.2,,1.53,0.015291139240506402,-0.3110225398570625,986.32,943.61,924.9599999999999,0.454030577343722,1565.2,-0.3594428826986966
2009-08-04,1005.6,1001.4,1007.1,996.7,,0.3,0.0029922202274086374,-0.30896096756459424,991.5200000000001,949.8399999999999,926.2333333333333,0.4539641772218982,1565.2,-0.35752619473549707
2009-08-05,1002.7,1005.4,1006.6,994.3,,-0.29,-0.0028838504375496843,-0.31095382078064704,997.04,955.9949999999999,927.7916666666666,0.45302280381990084,1565.2,-0.35937899309992327
2009-08-06,997.1,1004.1,1008.0,992.5,,-0.56,-0.005584920714072017,-0.31480208905992135,999.1,961.7150000000001,929.2700000000001,0.4530331678227952,1565.2,-0.3629568106312292
2009-08-07,1010.5,999.8,1018.0,999.8,,1.34,0.013438973021763001,-0.3055937328202293,1003.7,968.2850000000001,931.38,0.45291581764859007,1565.2,-0.35439560439560447
2009-08-10,1007.1,1008.9,1010.1,1001.0,,-0.34,-0.003364670954972726,-0.30793018141836004,1004.6,973.5899999999999,933.2800000000001,0.4522645394872697,1565.2,-0.3565678507538973
2009-08-11,994.4,1005.8,1005.8,992.4,,-1.26,-0.012610465693575712,-0.316657504123143,1002.36,978.0200000000001,935.1383333333334,0.45235994327295237,1565.2,-0.3646818297981089
2009-08-12,1005.8,994.0,1012.8,993.4,,1.15,0.011464199517296825,-0.30882352941176305,1002.9799999999999,981.675,936.7399999999999,0.45237798345763386,1565.2,-0.3573984155379505
2009-08-13,1012.7,1005.9,1013.1,1000.8,,0.69,0.006860210777490661,-0.3040819131390857,1006.1,985.275,938.4833333333333,0.452432796217898,1565.2,-0.35299003322259137
2009-08-14,1004.1,1012.2,1012.6,994.6,,-0.85,-0.008492149698824947,-0.30999175371082843,1004.82,988.46,940.16,0.45246125074363175,1565.2,-0.35848453871709685
2009-08-17,979.7,998.2,998.2,978.5,,-2.43,-0.024300368489194257,-0.32675920835623806,999.3399999999999,989.89,941.6833333333333,0.4530561352951644,1565.2,-0.37407360081778684
2009-08-18,989.7,980.6,991.2,980.6,,1.02,0.010207206287639048,-0.31988730071467675,998.4,991.6450000000001,943.3950000000001,0.45295603380298266,1565.2,-0.36768464094045483
2009-08-19,996.5,986.9,999.6,980.6,,0.69,0.0068707689198745925,-0.3152144035184151,996.54,993.7650000000001,944.8316666666667,0.45293308288585,1565.2,-0.3633401482238692
2009-08-20,1007.4,996.4,1008.9,996.4,,1.09,0.010938283993978892,-0.30772402418911327,995.4799999999999,995.3199999999999,946.7366666666668,0.45302933883231655,1565.2,-0.35637618195757736
2009-08-21,1026.1,1009.1,1027.6,1009.1,,1.86,0.018562636489974027,-0.29487355689939376,999.8799999999999,997.6600000000001,948.725,0.45342161169626105,1565.2,-0.34442882698696664
2009-08-24,1025.6,1026.6,1035.8,1022.5,,-0.05,-0.00048728194133129676,-0.29521715228147183,1009.0599999999998,999.8299999999999,950.5,0.45326650481375086,1565.2,-0.34474827498083316
2009-08-25,1028.0,1026.6,1037.8,1026.2,,0.23,0.00234009360374432,-0.293567894447497,1016.72,1002.25,951.9183333333333,0.45286722221402204,1565.2,-0.3432149246102735
2009-08-26,1028.1,1027.3,1032.5,1021.6,,0.01,9.727626459143934e-05,-0.2934991753710814,1023.04,1004.9,953.3083333333333,0.4528485283626763,1565.2,-0.34315103501150024
2009-08-27,1031.0,1027.8,1033.3,1016.2,,0.28,0.0028207372823656485,-0.2915063221550285,1027.7599999999998,1007.1099999999999,954.9616666666666,0.45278084440026284,1565.2,-0.3412982366470739
2009-08-28,1028.9,1031.6,1039.5,1023.1,,-0.2,-0.002036857419980498,-0.29294942275975633,1028.3200000000002,1009.18,956.4016666666666,0.45252335973444985,1565.2,-0.34263991822131357
2009-08-31,1020.6,1025.2,1025.2,1014.6,,-0.81,-0.008066867528428445,-0.29865310610225226,1027.32,1010.0799999999999,957.7433333333333,0.4523919272109488,1565.2,-0.3479427549194991
2009-09-01,998.0,1019.5,1028.5,996.3,,-2.21,-0.02214383695865174,-0.3141836173721808,1021.32,1009.7,958.725,0.4528959166652253,1565.2,-0.3623818042422694
2009-09-02,994.8,996.1,1000.3,992.0,,-0.32,-0.0032064128256513724,-0.3163826278174805,1014.6600000000001,1009.3050000000001,959.5983333333334,0.45290122500891616,1565.2,-0.36442627140301564
2009-09-03,1003.2,996.1,1003.4,992.2,,0.84,0.008443908323281235,-0.31061022539856886,1009.1,1009.6099999999999,960.6666666666666,0.45202724774583625,1565.2,-0.35905954510605675
2009-09-04,1016.4,1003.8,1016.5,1001.6,,1.32,0.013157894736842035,-0.30153930731170797,1006.6,1009.905,961.8583333333333,0.45220543286852755,1565.2,-0.3506261180679786
2009-09-08,1025.4,1018.7,1026.1,1018.7,,0.89,0.008854781582054327,-0.2953545904343028,1007.5600000000001,1010.82,963.1783333333334,0.45181382767820794,1565.2,-0.34487605417837974
2009-09-09,1033.4,1025.4,1036.3,1024.0,,0.78,0.007801833430856275,-0.28985706432105374,1014.6400000000001,1012.7699999999999,965.0066666666667,0.45061693433749916,1565.2,-0.33976488627651413
2009-09-10,1044.1,1033.0,1044.1,1028.0,,1.04,0.010354170698664511,-0.2825041231445832,1024.5,1014.6850000000001,967.2083333333334,0.45069704714880277,1565.2,-0.332928699207769
2009-09-11,1042.7,1043.9,1048.2,1038.4,,-0.13,-0.0013408677329755925,-0.28346619021440167,1032.4,1016.1849999999998,969.4083333333333,0.4504773144395011,1565.2,-0.33382315359059545
2009-09-14,1049.3,1040.2,1049.7,1035.0,,0.63,0.0063297209168504676,-0.2789307311709712,1038.98,1018.445,971.59,0.45051960046474543,1565.2,-0.3296064400715564
2009-09-15,1052.6,1049.0,1056.0,1043.4,,0.31,0.0031449537787096027,-0.27666300164925595,1044.42,1022.0899999999999,973.7800000000001,0.44807058300363384,1565.2,-0.3274980833120369
2009-09-16,1068.8,1054.0,1068.8,1052.9,,1.54,0.015390461713851389,-0.26553051126992666,1051.5,1026.0449999999998,976.7100000000002,0.44799143710149525,1565.2,-0.3171479683107591
2009-09-17,1065.5,1067.9,1074.8,1061.2,,-0.31,-0.0030875748502993128,-0.26779824079164183,1055.78,1029.495,979.55,0.4455079536570084,1565.2,-0.31925632507027857
2009-09-18,1068.3,1066.6,1071.5,1064.3,,0.26,0.0026278742374472586,-0.2658741066520046,1060.9,1032.54,982.34,0.44339455289072005,1565.2,-0.3174674163046256
2009-09-21,1064.7,1067.1,1067.3,1057.5,,-0.34,-0.0033698399326030914,-0.26834799340296656,1063.98,1034.4699999999998,984.7466666666667,0.4415486498964085,1565.2,-0.31976744186046513
2009-09-22,1071.7,1066.3,1073.8,1066.3,,0.66,0.006574621959237303,-0.26353765805387364,1067.8,1036.775,987.2933333333333,0.4399502549133164,1565.2,-0.3152951699463328
2009-09-23,1060.9,1072.7,1080.2,1060.4,,-1.01,-0.010077447046748067,-0.2709593183067598,1066.22,1038.42,989.5216666666668,0.4397873737410045,1565.2,-0.32219524661385124
2009-09-24,1050.8,1062.6,1066.3,1045.8,,-0.95,-0.009520218682251058,-0.2778999450247368,1063.2800000000002,1039.555,991.7133333333333,0.43988511533927566,1565.2,-0.3286480960899566
2009-09-25,1044.4,1049.5,1053.5,1041.2,,-0.61,-0.00609059763989328,-0.28229796591533596,1058.5,1040.225,993.7316666666667,0.43947801419883115,1565.2,-0.332737030411449
2009-09-28,1063.0,1045.4,1065.1,1045.4,,1.78,0.0178092684795097,-0.26951621770203193,1058.16,1041.9299999999998,996.5083333333333,0.4398345836670471,1565.2,-0.3208535650396116
2009-09-29,1060.6,1063.7,1069.6,1057.8,,-0.23,-0.002257761053621965,-0.2711654755360068,1055.94,1043.93,999.2066666666666,0.4309301204968519,1565.2,-0.3223869154101713
2009-09-30,1057.1,1061.0,1063.4,1046.5,,-0.33,-0.0033000188572506195,-0.27357064321055324,1055.1799999999998,1046.885,1002.1416666666667,0.42751473041333277,1565.2,-0.32462305136723746
2009-10-01,1029.8,1054.9,1054.9,1029.5,,-2.58,-0.02582537129883644,-0.2923309510720157,1050.98,1048.6349999999998,1004.645,0.42826936049815556,1565.2,-0.34206491183235377
2009-10-02,1025.2,1029.7,1030.6,1020.0,,-0.45,-0.004466886774130763,-0.29549202858713375,1047.1399999999999,1049.7350000000001,1007.0200000000001,0.4263879528466185,1565.2,-0.34500383337592644
2009-10-05,1040.5,1026.9,1042.6,1025.9,,1.49,0.014923917284432209,-0.284978009895545,1042.6399999999999,1050.94,1009.7100000000002,0.42642830873004456,1565.2,-0.33522872476360854
2009-10-06,1054.7,1042.0,1060.5,1042.0,,1.36,0.013647284959154238,-0.275219901044528,1041.4599999999998,1052.405,1012.2716666666668,0.4248713967965309,1565.2,-0.32615640173779703
2009-10-07,1057.6,1053.7,1058.0,1050.1,,0.27,0.002749597041812768,-0.2732270478284753,1041.56,1053.615,1014.8016666666666,0.42089813657558706,1565.2,-0.32430360337337094
2009-10-08,1065.5,1060.0,1070.7,1060.0,,0.75,0.007469742813918323,-0.26779824079164183,1048.7,1054.685,1017.015,0.4207832109817127,1565.2,-0.31925632507027857
2009-10-09,1071.5,1065.3,1071.5,1063.0,,0.56,0.00563115908024403,-0.26367509620670504,1057.96,1056.125,1019.1949999999999,0.41368248668161284,1565.2,-0.31542294914387936
2009-10-12,1076.2,1071.6,1079.5,1071.6,,0.44,0.0043863742417171725,-0.26044529961517127,1065.1,1057.4699999999998,1021.4583333333334,0.41349810045911767,1565.2,-0.31242013800153334
2009-10-13,1073.2,1075.0,1075.3,1066.7,,-0.28,-0.002787585950566829,-0.26250687190763966,1068.8,1058.5,1023.4933333333333,0.39711547023456845,1565.2,-0.3143368259647329
2009-10-14,1092.0,1078.7,1093.2,1078.7,,1.75,0.017517704062616435,-0.24958768554150446,1075.6799999999998,1059.66,1025.7833333333333,0.39743049518889356,1565.2,-0.3023255813953488
2009-10-15,1096.6,1090.4,1096.6,1086.4,,0.42,0.0042124542124541975,-0.24642660802638627,1081.9,1061.215,1028.1583333333333,0.38678767029731936,1565.2,-0.29938665985177626
2009-10-16,1087.7,1094.7,1094.7,1081.5,,-0.81,-0.0081159948933065,-0.25254260582737575,1085.1399999999999,1062.185,1030.015,0.384644913411006,1565.2,-0.30507283414260156
2009-10-19,1097.9,1088.2,1100.2,1086.5,,0.94,0.009377585731359828,-0.24553326003298315,1089.48,1063.845,1031.9916666666666,0.3846732913808074,1565.2,-0.29855609506772296
2009-10-20,1091.1,1098.6,1098.6,1086.2,,-0.62,-0.006193642408234057,-0.250206157229245,1093.06,1064.815,1033.8066666666666,0.38185124133308956,1565.2,-0.30290058778430884
2009-10-21,1081.4,1090.4,1101.4,1080.8,,-0.89,-0.00889011089725944,-0.2568719076415593,1090.94,1065.84,1035.5033333333333,0.3806596032936075,1565.2,-0.3090978788653207
2009-10-22,1092.9,1081.0,1095.2,1074.3,,1.06,0.010634362862955493,-0.2489692138537638,1090.2,1067.945,1037.4666666666667,0.3757047686337009,1565.2,-0.3017505750063889
2009-10-23,1079.6,1095.6,1095.8,1075.5,,-1.22,-0.012169457406899231,-0.2581088510170405,1088.5800000000002,1069.7050000000002,1039.0133333333333,0.37575763998130307,1565.2,-0.3102478916432405
2009-10-26,1067.0,1080.4,1091.8,1065.2,,-1.17,-0.011670989255279651,-0.26676745464540774,1082.4,1069.9050000000002,1040.3383333333334,0.37428807552492044,1565.2,-0.3182979810886788
2009-10-27,1063.4,1067.5,1072.5,1060.6,,-0.34,-0.0033739456419867864,-0.2692413413963698,1076.8600000000001,1070.0449999999998,1041.3516666666667,0.3728577632437657,1565.2,-0.3205980066445182
2009-10-28,1042.6,1061.5,1063.3,1042.2,,-1.96,-0.0195599022004892,-0.2835349092908175,1069.1,1069.3200000000002,1041.9683333333332,0.3577032601016062,1565.2,-0.3338870431893688
2009-10-29,1066.1,1043.7,1066.8,1043.7,,2.25,0.02253980433531555,-0.2673859263331484,1063.74,1071.135,1043.025,0.3581755458097508,1565.2,-0.3188729874776387
2009-10-30,1036.2,1065.4,1065.4,1033.4,,-2.8,-0.02804614951693074,-0.28793293018141664,1055.06,1071.685,1043.6766666666667,0.35844870598547957,1565.2,-0.33797597751086117
2009-11-02,1042.9,1036.2,1052.2,1029.4,,0.65,0.006465933217525643,-0.2833287520615705,1050.24,1071.805,1044.2166666666667,0.3581888583263556,1565.2,-0.33369537439304875
2009-11-03,1045.4,1040.9,1046.4,1033.9,,0.24,0.0023971617604756634,-0.28161077515118016,1046.64,1071.34,1044.855,0.3581798121833432,1565.2,-0.33209813442371583
2009-11-04,1046.5,1047.1,1061.0,1045.2,,0.11,0.0010522288119378942,-0.28085486531060855,1047.42,1070.785,1045.7233333333334,0.35588656057066254,1565.2,-0.33139534883720934
2009-11-05,1066.6,1047.3,1066.7,1047.3,,1.92,0.01920688007644511,-0.26704233095107044,1047.52,1070.8400000000001,1046.7366666666667,0.3523610091726884,1565.2,-0.3185535394837721
2009-11-06,1069.3,1065.0,1071.5,1059.3,,0.25,0.002531408213013453,-0.2651869158878488,1054.1399999999999,1070.73,1047.6799999999998,0.348629611190658,1565.2,-0.31682852031689246
2009-11-09,1093.1,1072.3,1093.2,1072.3,,2.23,0.022257551669316422,-0.24883177570093284,1064.1799999999998,1071.575,1049.1633333333334,0.3481616291326299,1565.2,-0.30162279580884244
2009-11-10,1093.0,1091.9,1096.4,1087.4,,-0.01,-9.148293843186384e-05,-0.24890049477734832,1073.7,1072.565,1051.0516666666667,0.34789718085110577,1565.2,-0.3016866854076157
2009-11-11,1098.5,1096.0,1105.4,1093.8,,0.5,0.005032021957914079,-0.2451209455744895,1084.1,1072.8899999999999,1052.865,0.34715966106093427,1565.2,-0.2981727574750831
2009-11-12,1087.2,1098.3,1102.0,1084.9,,-1.03,-0.010286754665452813,-0.2528862012094537,1088.22,1072.42,1054.3766666666666,0.34325417372361106,1565.2,-0.3053922821364682
2009-11-13,1093.5,1087.6,1097.8,1085.3,,0.58,0.005794701986755024,-0.24855689939527004,1093.06,1072.71,1055.8116666666667,0.336426502308037,1565.2,-0.30136723741374905
2009-11-16,1109.3,1094.1,1113.7,1094.1,,1.44,0.01444901691815259,-0.23769928532160323,1096.3,1073.28,1057.1983333333333,0.33395696355286797,1565.2,-0.29127268080756463
2009-11-17,1110.3,1109.2,1110.5,1102.2,,0.09,0.0009014693951139297,-0.2370120945574472,1099.76,1074.24,1058.61,0.3328604843865663,1565.2,-0.2906337848198314
2009-11-18,1109.8,1109.4,1111.1,1102.7,,-0.05,-0.0004503287399801881,-0.23735568993952527,1102.02,1075.66,1059.9733333333334,0.3327559205138917,1565.2,-0.290953232813698
2009-11-19,1094.9,1106.4,1106.4,1088.4,,-1.34,-0.013425842494142914,-0.24759483232545154,1103.56,1075.76,1061.0866666666668,0.32715545569540316,1565.2,-0.3004727830309225
2009-11-20,1091.4,1094.7,1094.7,1086.8,,-0.32,-0.0031966389624623615,-0.249999999999998,1103.1399999999999,1076.35,1062.0933333333332,0.31985656979614685,1565.2,-0.3027089189879887
2009-11-23,1106.2,1094.9,1112.4,1094.9,,1.36,0.013560564412680831,-0.23982957669048732,1102.52,1078.31,1063.3816666666667,0.31405779013420887,1565.2,-0.2932532583695374
2009-11-24,1105.7,1105.8,1107.6,1097.6,,-0.05,-0.0004519978304103889,-0.2401731720725654,1101.6,1080.425,1064.8,0.30757167071565444,1565.2,-0.29357270636340405
2009-11-25,1110.6,1106.5,1111.2,1104.8,,0.44,0.004431581803382434,-0.23680593732820032,1101.76,1083.825,1066.6766666666667,0.3075417061981395,1565.2,-0.29044211602351144
2009-11-27,1091.5,1105.5,1105.5,1083.7,,-1.72,-0.017197911039077862,-0.2499312809235823,1101.0800000000002,1085.095,1068.2883333333332,0.306173409133552,1565.2,-0.30264502938921545
2009-11-30,1095.6,1091.1,1097.2,1086.2,,0.38,0.0037562986715529156,-0.24711379879054218,1101.9199999999998,1088.065,1069.8283333333334,0.30606517948232026,1565.2,-0.3000255558395094
2009-12-01,1108.9,1098.9,1112.3,1098.9,,1.21,0.012139466958744238,-0.23797416162726548,1102.46,1091.365,1071.37,0.2925449481717129,1565.2,-0.2915282392026578
2009-12-02,1109.2,1109.0,1115.6,1105.3,,0.03,0.00027053837135904146,-0.2377680043980186,1103.16,1094.555,1072.7666666666667,0.2899742611665496,1565.2,-0.29133657040633787
2009-12-03,1099.9,1110.6,1117.3,1098.7,,-0.84,-0.008384421204471693,-0.24415887850467066,1101.02,1097.225,1073.875,0.2890794929433106,1565.2,-0.29727830309225656
2009-12-04,1106.0,1100.4,1119.1,1096.5,,0.55,0.005545958723520261,-0.23996701484331828,1103.92,1099.195,1074.9066666666668,0.2874986085017404,1565.2,-0.2933810375670841
2009-12-07,1103.2,1105.5,1110.7,1100.8,,-0.25,-0.0025316455696202667,-0.2418911489829555,1105.44,1100.8899999999999,1075.915,0.2853252369418645,1565.2,-0.2951699463327371
2009-12-08,1091.9,1103.0,1103.0,1088.6,,-1.02,-0.010242929659173283,-0.2496564046179197,1102.04,1100.8300000000002,1076.625,0.2830806566316052,1565.2,-0.30238947099412217
2009-12-09,1096.0,1091.1,1097.0,1085.9,,0.38,0.0037549226119606427,-0.2468389224848797,1099.4,1100.98,1077.3483333333334,0.28206975588445626,1565.2,-0.299769997444416
2009-12-10,1102.3,1098.7,1106.2,1098.7,,0.57,0.0057481751824817184,-0.24250962067069615,1099.88,1101.17,1077.9066666666665,0.2819011796868495,1565.2,-0.295744952721697
2009-12-11,1106.4,1104.0,1108.5,1101.3,,0.37,0.0037194956001089796,-0.23969213853765592,1099.9599999999998,1102.1299999999999,1078.5883333333334,0.2803602889137153,1565.2,-0.2931254791719907
2009-12-14,1114.1,1107.8,1114.8,1107.8,,0.7,0.006959508315256491,-0.23440076965365386,1102.1399999999999,1103.16,1079.3516666666667,0.2803598028225123,1565.2,-0.28820598006644527
2009-12-15,1107.9,1114.1,1114.1,1105.3,,-0.56,-0.005565030069113908,-0.23866135239142172,1105.3400000000001,1103.0900000000001,1080.0716666666665,0.2801021054486902,1565.2,-0.29216713519039095
2009-12-16,1109.2,1108.6,1116.2,1108.0,,0.12,0.001173391100279808,-0.2377680043980187,1107.98,1103.035,1080.6966666666667,0.2755257708697064,1565.2,-0.29133657040633787
2009-12-17,1096.1,1106.4,1106.4,1095.9,,-1.18,-0.011810313739632261,-0.24677020340846412,1106.74,1102.35,1081.2833333333333,0.2756179664958438,1565.2,-0.2997061078456428
2009-12-18,1102.5,1097.9,1103.7,1093.9,,0.58,0.005838883313566301,-0.24237218251786485,1105.9599999999998,1102.73,1082.145,0.27477150280947626,1565.2,-0.2956171735241503
2009-12-21,1114.0,1105.3,1117.7,1105.3,,1.04,0.0104308390022676,-0.23446948873006934,1105.94,1103.8600000000001,1083.305,0.27492613688141515,1565.2,-0.2882698696652185
2009-12-22,1118.0,1114.5,1120.3,1114.5,,0.36,0.0035906642728904536,-0.23172072567344482,1107.9599999999998,1104.45,1084.2216666666668,0.27424583791488,1565.2,-0.2857142857142857
2009-12-23,1120.6,1118.8,1121.6,1116.0,,0.23,0.0023255813953486637,-0.229934029686639,1110.24,1105.1950000000002,1085.2216666666668,0.274034810319062,1565.2,-0.28405315614617943
2009-12-24,1126.5,1121.1,1126.5,1121.1,,0.53,0.005265036587542404,-0.2258796041781178,1116.3200000000002,1105.99,1086.3783333333333,0.2740283465884575,1565.2,-0.28028366981855357
2009-12-28,1127.8,1127.5,1130.4,1123.5,,0.12,0.0011540168664003758,-0.2249862561847148,1121.3799999999999,1107.8049999999998,1088.0116666666668,0.2739954158713123,1565.2,-0.2794531050345004
2009-12-29,1126.2,1128.5,1130.4,1126.1,,-0.14,-0.0014186912573150856,-0.22608576140736458,1123.8200000000002,1109.335,1089.695,0.27396067283647396,1565.2,-0.2804753386148735
2009-12-30,1126.4,1125.5,1126.4,1121.9,,0.02,0.00017758835020420527,-0.2259483232545334,1125.5,1110.21,1091.1266666666666,0.27296944309532917,1565.2,-0.2803475594173268
2009-12-31,1115.1,1126.6,1127.6,1114.8,,-1.0,-0.010031960227272929,-0.23371357888949784,1124.4,1110.5049999999999,1092.1333333333334,0.27287816408385723,1565.2,-0.287567084078712
2010-01-04,1133.0,1116.6,1133.9,1116.6,,1.61,0.016052371984575542,-0.22141286421110296,1125.7,1112.16,1093.39,0.2715591781058617,1565.2,-0.27613084589828774
2010-01-05,1136.5,1132.7,1136.6,1129.7,,0.31,0.0030891438658429138,-0.2190076965365565,1127.44,1113.685,1094.5733333333335,0.2715107588144979,1565.2,-0.27389470994122156
2010-01-06,1137.1,1135.7,1139.2,1134.0,,0.05,0.0005279366476023117,-0.21859538207806284,1129.62,1115.3799999999999,1095.6666666666667,0.2714249384426866,1565.2,-0.2735113723485817
2010-01-07,1141.7,1136.3,1142.5,1131.3,,0.4,0.004045378594670801,-0.21543430456294455,1132.6799999999998,1117.87,1096.7583333333334,0.2696528180842686,1565.2,-0.2705724508050089
2010-01-08,1145.0,1140.5,1145.4,1136.2,,0.29,0.002890426556888759,-0.21316657504122938,1138.6599999999999,1120.32,1097.9550000000002,0.26964868831680144,1565.2,-0.26846409404548943
2010-01-11,1147.0,1146.0,1149.7,1142.0,,0.17,0.0017467248908296096,-0.21179219351291723,1141.4599999999998,1122.5549999999998,1098.8716666666667,0.268720568989495,1565.2,-0.26718630207002303
2010-01-12,1136.2,1143.8,1143.8,1131.8,,-0.94,-0.009415867480383588,-0.21921385376580338,1141.4,1124.0449999999998,1099.5316666666668,0.26787518198367694,1565.2,-0.2740863787375415
2010-01-13,1145.7,1137.3,1148.4,1133.2,,0.84,0.008361204013378032,-0.21268554150632002,1143.1200000000001,1125.625,1100.4983333333332,0.2679704212754901,1565.2,-0.2680168668540761
2010-01-14,1148.5,1145.7,1150.4,1143.8,,0.24,0.0024439207471413926,-0.21076140736668292,1144.48,1127.655,1101.3416666666667,0.2656956429823732,1565.2,-0.26622795808842326
2010-01-15,1136.0,1147.7,1147.8,1131.4,,-1.09,-0.010883761427949445,-0.21935129191863456,1142.6799999999998,1128.9950000000001,1102.09,0.2659780274209666,1565.2,-0.2742141579350882
2010-01-19,1150.2,1136.0,1150.5,1135.8,,1.25,0.012499999999999956,-0.20959318306761754,1143.32,1131.7,1103.2366666666667,0.26613959266722004,1565.2,-0.2651418349092768
2010-01-20,1138.0,1148.0,1148.0,1129.2,,-1.06,-0.010606850982437854,-0.2179769103903224,1143.6799999999998,1133.475,1103.9883333333335,0.2608098057398492,1565.2,-0.2729363659596218
2010-01-21,1116.5,1138.7,1141.6,1114.8,,-1.89,-0.018892794376098365,-0.23275151181967924,1137.84,1133.6,1104.6033333333332,0.25817915537055586,1565.2,-0.2866726296958856
2010-01-22,1091.8,1115.5,1115.5,1090.2,,-2.21,-0.022122704881325617,-0.24972512369433575,1126.5,1132.29,1105.0166666666667,0.2587199082304,1565.2,-0.3024533605928955
2010-01-25,1096.8,1092.4,1103.0,1092.4,,0.46,0.0045795933321122195,-0.24628916987355498,1118.66,1131.1,1105.5733333333335,0.25870732198026175,1565.2,-0.29925888065422956
2010-01-26,1092.2,1095.8,1103.7,1089.9,,-0.42,-0.004194018964259527,-0.24945024738867305,1107.06,1129.385,1106.4,0.25872778788814127,1565.2,-0.30219780219780223
2010-01-27,1097.5,1091.9,1099.5,1083.1,,0.49,0.004852591100531045,-0.2458081363386455,1098.96,1127.8700000000001,1106.9233333333332,0.2585714202100563,1565.2,-0.29881165346281624
2010-01-28,1084.5,1096.9,1100.2,1078.5,,-1.18,-0.011845102505694816,-0.2547416162726752,1092.56,1125.785,1107.7283333333332,0.25683850644809425,1565.2,-0.3071173013033478
2010-01-29,1073.9,1087.6,1096.5,1071.6,,-0.98,-0.0097740894421392,-0.2620258383727302,1088.98,1123.1599999999999,1108.245,0.2547710748645551,1565.2,-0.3138895987733197
2010-02-01,1089.2,1073.9,1089.4,1073.9,,1.42,0.014247136604897959,-0.25151181968114145,1087.46,1121.865,1108.975,0.2539848781865368,1565.2,-0.3041144901610018
2010-02-02,1103.3,1090.0,1104.7,1088.0,,1.29,0.012945280940139359,-0.24182242990654013,1089.6799999999998,1120.3799999999999,1109.9216666666666,0.25424812688627874,1565.2,-0.29510605673396373
2010-02-03,1097.3,1100.7,1102.7,1094.0,,-0.54,-0.005438230762258689,-0.24594557449147691,1089.6399999999999,1118.42,1110.4333333333334,0.25391308441573707,1565.2,-0.29893943266036294
2010-02-04,1063.1,1097.2,1097.2,1062.8,,-3.12,-0.03116741091770714,-0.2694474986256167,1085.3600000000001,1114.72,1110.3300000000002,0.25582218753957875,1565.2,-0.32078967544083836
2010-02-05,1066.2,1064.1,1067.1,1044.5,,0.29,0.0029160003762582765,-0.2673172072567326,1083.82,1110.9450000000002,1109.8816666666667,0.25536378566154155,1565.2,-0.31880909787886536
2010-02-08,1056.7,1065.5,1071.2,1056.5,,-0.89,-0.008910148189833045,-0.27384551951621583,1077.32,1106.5300000000002,1109.2766666666664,0.2542389869356164,1565.2,-0.32487860976233063
2010-02-09,1070.5,1060.1,1079.3,1060.1,,1.31,0.013059524936121836,-0.2643622869708613,1070.7599999999998,1102.7050000000002,1108.81,0.25452874837757894,1565.2,-0.3160618451316126
2010-02-10,1068.1,1069.7,1073.7,1059.3,,-0.22,-0.0022419430172817556,-0.26601154480483613,1064.92,1099.3,1108.4916666666666,0.24954486104668924,1565.2,-0.3175951955021723
2010-02-11,1078.5,1067.1,1080.0,1060.6,,0.97,0.009736916019099429,-0.25886476085761234,1068.0,1095.94,1108.2416666666666,0.24960273549007916,1565.2,-0.310950677229747
2010-02-12,1075.5,1076.0,1077.8,1063.0,,-0.28,-0.0027816411682892728,-0.26092633315008074,1069.8600000000001,1092.29,1107.6783333333333,0.2496327128628056,1565.2,-0.31286736519294656
2010-02-16,1094.9,1079.1,1095.7,1079.1,,1.8,0.018038121803812368,-0.24759483232545165,1077.5,1090.2350000000001,1107.4216666666666,0.24994978801476211,1565.2,-0.3004727830309225
2010-02-17,1099.5,1096.1,1101.0,1094.7,,0.42,0.004201296922093256,-0.24443375481033347,1083.3,1087.7,1107.25,0.24552579632473162,1565.2,-0.29753386148734984
2010-02-18,1106.8,1099.0,1108.2,1097.5,,0.66,0.006639381537062228,-0.23941726223199378,1091.04,1086.1399999999999,1107.4483333333333,0.24556842522491223,1565.2,-0.29286992077689755
2010-02-19,1109.2,1105.5,1112.4,1100.8,,0.22,0.0021684134441635194,-0.23776800439801893,1097.1799999999998,1085.775,1107.745,0.24519410043559786,1565.2,-0.29133657040633787
2010-02-22,1108.0,1110.0,1112.3,1105.4,,-0.11,-0.0010818608005770392,-0.23859263331500635,1103.6799999999998,1086.585,1107.775,0.24486362825910085,1565.2,-0.2921032455916177
2010-02-23,1094.6,1107.5,1108.6,1092.2,,-1.21,-0.012093862815884537,-0.24780098955469854,1103.6200000000001,1086.475,1107.5900000000001,0.24253857641565604,1565.2,-0.30066445182724255
2010-02-24,1105.2,1095.9,1106.4,1095.5,,0.97,0.009683902795541766,-0.24051676745464357,1104.76,1087.125,1107.5,0.23958842607713668,1565.2,-0.2938921543572707
2010-02-25,1102.9,1101.2,1103.5,1086.0,,-0.21,-0.0020810712993123426,-0.2420973062122027,1103.98,1087.395,1107.69,0.23930627754212266,1565.2,-0.2953616151290569
2010-02-26,1104.5,1103.1,1107.2,1097.6,,0.15,0.0014507208269107785,-0.24099780098955292,1103.0400000000002,1088.395,1107.8383333333334,0.23866896785939504,1565.2,-0.2943393815486839
2010-03-01,1115.7,1105.4,1116.1,1105.4,,1.01,0.010140334993209654,-0.23330126443100418,1104.5800000000002,1090.485,1107.9516666666668,0.23747868316264711,1565.2,-0.28718374648607203
2010-03-02,1118.3,1117.0,1123.5,1116.5,,0.23,0.0023303755489825217,-0.23151456844419838,1109.3200000000002,1091.94,1108.1033333333332,0.23244833962625985,1565.2,-0.28552261691796577
2010-03-03,1118.8,1119.4,1125.6,1116.6,,0.04,0.00044710721631036066,-0.23117097306212042,1112.04,1092.715,1108.4183333333333,0.23230105883044602,1565.2,-0.28520316892409925
2010-03-04,1123.0,1119.1,1123.7,1116.7,,0.38,0.0037540221666070295,-0.22828477185266471,1116.06,1094.0,1108.7016666666666,0.23127029430499818,1565.2,-0.28251980577561975
2010-03-05,1138.7,1125.1,1139.4,1125.1,,1.4,0.013980409617097012,-0.2174958768554135,1122.9,1097.78,1109.2933333333335,0.22721487088387185,1565.2,-0.27248913876820857
2010-03-08,1138.5,1138.4,1141.0,1136.8,,-0.02,-0.00017563888644944736,-0.21763331500824468,1127.4599999999998,1101.395,1110.07,0.22722517249959726,1565.2,-0.27261691796575516
2010-03-09,1140.5,1137.6,1145.4,1134.9,,0.18,0.0017566974088714105,-0.2162589334799323,1131.9,1105.5849999999998,1110.8116666666667,0.22689381642734333,1565.2,-0.27133912599028875
2010-03-10,1145.6,1140.2,1148.3,1140.1,,0.45,0.004471722928540034,-0.21275426058273605,1137.26,1109.34,1111.5333333333333,0.21833583748771654,1565.2,-0.26808075645284957
2010-03-11,1150.2,1144.0,1150.2,1139.0,,0.4,0.004015363128491822,-0.20959318306761765,1142.7,1113.4450000000002,1112.2633333333333,0.21834498958630072,1565.2,-0.2651418349092768
2010-03-12,1150.0,1151.7,1153.4,1147.0,,-0.02,-0.00017388280299079906,-0.20973062122044894,1144.9599999999998,1117.02,1112.8616666666667,0.21487482924985435,1565.2,-0.2652696141068235
2010-03-15,1150.5,1148.5,1151.0,1141.5,,0.04,0.00043478260869567187,-0.20938702583837088,1147.36,1120.77,1113.5716666666667,0.21479611568088863,1565.2,-0.26495016611295685
2010-03-16,1159.5,1150.8,1160.3,1150.3,,0.78,0.007822685788787531,-0.2032023089609657,1151.1599999999999,1124.0,1114.41,0.21481793583052614,1565.2,-0.2592001022233581
2010-03-17,1166.2,1159.9,1169.8,1159.9,,0.58,0.005778352738249337,-0.19859813084111955,1155.28,1127.3349999999998,1115.5783333333334,0.2126926793275343,1565.2,-0.25491949910554557
2010-03-18,1165.8,1166.1,1167.8,1161.2,,-0.03,-0.0003429943405934832,-0.19887300714678213,1158.4,1130.285,1116.6333333333334,0.2118216627652471,1565.2,-0.25517505750063896
2010-03-19,1159.9,1166.7,1169.2,1155.3,,-0.51,-0.0050609023846284185,-0.20292743265530322,1160.38,1132.82,1117.3983333333333,0.21141383991556836,1565.2,-0.2589445438282647
2010-03-22,1165.8,1157.2,1167.8,1152.9,,0.51,0.005086645400465439,-0.19887300714678213,1163.44,1135.7099999999998,1118.195,0.2103446409267661,1565.2,-0.25517505750063896
2010-03-23,1174.2,1166.5,1174.7,1163.8,,0.72,0.0072053525476067914,-0.1931006047278706,1166.38,1139.69,1119.0883333333331,0.19867690610574704,1565.2,-0.24980833120368007
2010-03-24,1167.7,1172.7,1173.0,1166.0,,-0.55,-0.0055356838698688016,-0.19756734469488546,1166.68,1142.815,1119.775,0.1975839677643609,1565.2,-0.2539611551239458
2010-03-25,1165.7,1170.0,1180.7,1165.1,,-0.17,-0.00171276869058834,-0.19894172622319772,1166.66,1145.9550000000002,1120.4066666666668,0.19744182037374544,1565.2,-0.2552389470994122
2010-03-26,1166.6,1167.6,1173.9,1161.5,,0.08,0.0007720682851504179,-0.1983232545354573,1168.0,1149.06,1121.0799999999997,0.19622146900989706,1565.2,-0.2546639407104524
2010-03-29,1173.2,1167.7,1174.8,1167.7,,0.57,0.005657466140922551,-0.19378779549202663,1169.48,1151.935,1121.8600000000001,0.19503850081838678,1565.2,-0.2504472271914132
2010-03-30,1173.3,1173.8,1177.8,1168.9,,0.01,8.523695874518289e-05,-0.19371907641561115,1169.3,1154.685,1122.8299999999997,0.19160481690679532,1565.2,-0.25038333759264
2010-03-31,1169.4,1171.8,1174.6,1165.8,,-0.33,-0.0033239580669903734,-0.19639912039581997,1169.6399999999999,1157.215,1123.4366666666667,0.19131721321954992,1565.2,-0.2528750319447993
2010-04-01,1178.1,1171.2,1181.4,1170.7,,0.74,0.007439712673165566,-0.19042056074766178,1172.1200000000001,1159.9699999999998,1124.1299999999999,0.19081879912302874,1565.2,-0.2473166368515206
2010-04-05,1187.4,1178.7,1187.7,1178.7,,0.79,0.007894066717596182,-0.18402968664100972,1176.28,1162.405,1124.9683333333335,0.18896871153730396,1565.2,-0.2413749041656018
2010-04-06,1189.4,1186.0,1191.8,1182.8,,0.17,0.0016843523665150961,-0.18265530511269745,1179.52,1164.95,1125.7633333333333,0.18878787727741955,1565.2,-0.2400971121901354
2010-04-07,1182.5,1188.2,1189.6,1177.2,,-0.58,-0.005801244324869725,-0.18739692138537478,1181.3600000000001,1167.05,1126.3883333333333,0.18867450536971833,1565.2,-0.24450549450549453
2010-04-08,1186.4,1181.8,1188.5,1175.1,,0.33,0.0032980972515856966,-0.18471687740516585,1184.76,1169.09,1127.0450000000003,0.18695306377694826,1565.2,-0.24201380015333496
2010-04-09,1194.4,1187.5,1194.7,1187.2,,0.67,0.006743088334457248,-0.1792193512919168,1188.02,1171.3,1128.0149999999999,0.18673795379257127,1565.2,-0.23690263225146946
2010-04-12,1196.5,1194.9,1199.2,1194.7,,0.18,0.001758204956463505,-0.17777625068718894,1189.8400000000001,1173.625,1128.8616666666667,0.18310456993550217,1565.2,-0.23556095067722982
2010-04-13,1197.3,1195.9,1199.0,1188.8,,0.07,0.0006686167989971015,-0.177226498075864,1191.42,1175.965,1129.675,0.18310290584874858,1565.2,-0.23504983388704326
2010-04-14,1210.7,1198.7,1210.7,1198.7,,1.12,0.01119184832539899,-0.1680181418361717,1197.06,1178.525,1130.9199999999998,0.1820956433392093,1565.2,-0.2264886276514183
2010-04-15,1211.7,1210.8,1213.9,1208.5,,0.08,0.0008259684480051988,-0.16733095107201568,1202.1200000000001,1180.8000000000002,1131.945,0.18175627925949878,1565.2,-0.22584973166368516
2010-04-16,1192.1,1210.2,1210.2,1186.8,,-1.62,-0.016175621028307496,-0.18079989004947594,1201.6599999999999,1182.115,1132.8466666666668,0.18206089764904365,1565.2,-0.2383720930232559
2010-04-19,1197.5,1192.1,1197.9,1183.7,,0.45,0.0045298213237146,-0.1770890599230327,1201.86,1183.9950000000001,1134.1966666666667,0.18205262548478765,1565.2,-0.23492205468949656
2010-04-20,1207.2,1199.0,1208.6,1199.0,,0.81,0.008100208768267336,-0.17042330951071816,1203.8400000000001,1186.065,1136.12,0.17670582066009227,1565.2,-0.22872476360848448
2010-04-21,1205.9,1207.2,1211.0,1198.8,,-0.11,-0.0010768721007289317,-0.17131665750412106,1202.8799999999999,1187.65,1137.938333333333,0.17561083605444863,1565.2,-0.22955532839253767
2010-04-22,1208.7,1202.5,1210.3,1190.2,,0.23,0.0023219172402355603,-0.16939252336448385,1202.28,1189.7,1139.88,0.17536905259825933,1565.2,-0.2277664196268847
2010-04-23,1217.3,1207.9,1217.3,1205.1,,0.71,0.007115082319847588,-0.16348268279274125,1207.32,1192.28,1141.8766666666666,0.1752542014925034,1565.2,-0.22227191413237934
2010-04-26,1212.0,1217.1,1219.8,1211.1,,-0.44,-0.004353897970919229,-0.16712479384276868,1210.22,1194.55,1144.0016666666666,0.1746743727954056,1565.2,-0.22565806286736523
2010-04-27,1183.7,1209.9,1211.4,1181.6,,-2.33,-0.023349834983498297,-0.18657229246838714,1205.52,1195.075,1145.8316666666667,0.1760505245617208,1565.2,-0.24373881932021468
2010-04-28,1191.4,1184.6,1195.0,1181.8,,0.65,0.006505026611472564,-0.18128092358438486,1202.6200000000001,1195.98,1147.535,0.17607943129602838,1565.2,-0.238819320214669
2010-04-29,1206.8,1193.3,1209.4,1193.3,,1.29,0.012925969447708408,-0.17069818581638052,1202.24,1197.85,1149.26,0.175300954943837,1565.2,-0.22898032200357787
2010-04-30,1186.7,1206.8,1208.0,1186.3,,-1.67,-0.016655618163738728,-0.18451072017591874,1196.1200000000001,1198.2800000000002,1150.75,0.1762089127447513,1565.2,-0.24182213135701502
2010-05-03,1202.3,1188.6,1205.1,1188.6,,1.31,0.013145698154546137,-0.1737905442550831,1194.18,1199.025,1153.07,0.17656091948331157,1565.2,-0.2318553539483773
2010-05-04,1173.6,1197.5,1197.5,1168.1,,-2.39,-0.02387091408134412,-0.19351291918636415,1192.16,1198.235,1154.86,0.1753126266027987,1565.2,-0.25019166879632004
2010-05-05,1165.9,1169.2,1176.0,1158.2,,-0.66,-0.006561008861622253,-0.19880428807036632,1187.06,1197.405,1156.68,0.1754129985408412,1565.2,-0.2551111679018655
2010-05-06,1128.2,1164.4,1167.6,1065.8,,-3.23,-0.03233553477999829,-0.22471137987905243,1171.34,1194.4950000000001,1157.6416666666667,0.177802302017674,1565.2,-0.2791975466394071
2010-05-07,1110.9,1127.0,1135.1,1094.2,,-1.53,-0.015334160609820957,-0.23659978009895355,1156.1799999999998,1190.3200000000002,1158.3549999999998,0.17798785052799834,1565.2,-0.2902504472271914
2010-05-10,1159.7,1122.3,1163.8,1122.3,,4.39,0.04392834638581333,-0.2030648708081343,1147.66,1188.48,1159.7083333333333,0.181662839721738,1565.2,-0.2590723230258114
2010-05-11,1155.8,1156.4,1170.5,1147.7,,-0.34,-0.003362938691040873,-0.20574491478834322,1144.1,1186.405,1161.0466666666664,0.18031040595858244,1565.2,-0.26156401737797097
2010-05-12,1171.7,1155.4,1172.9,1155.4,,1.38,0.013756705312337747,-0.1948185816382607,1145.26,1184.455,1162.3266666666668,0.18074933100104504,1565.2,-0.251405571173013
2010-05-13,1157.4,1170.0,1173.6,1156.1,,-1.22,-0.01220448920372108,-0.20464540956569344,1151.1,1181.74,1163.2916666666667,0.17904415895079315,1565.2,-0.26054178379759774
2010-05-14,1135.7,1157.2,1157.2,1126.1,,-1.87,-0.01874891999308803,-0.21955744914788156,1156.0600000000002,1178.92,1163.7733333333333,0.17989985516217022,1565.2,-0.2744058267314081
2010-05-17,1136.9,1136.5,1141.9,1115.0,,0.11,0.0010566170643655504,-0.21873282023089424,1151.5,1175.8899999999999,1164.2350000000001,0.17946586066519346,1565.2,-0.2736391515461283
2010-05-18,1120.8,1138.8,1148.7,1117.2,,-1.42,-0.01416131585891467,-0.22979659153380805,1144.5000000000002,1171.5700000000002,1164.4483333333333,0.17768455455960938,1565.2,-0.28392537694863285
2010-05-19,1115.0,1119.6,1124.3,1100.7,,-0.52,-0.005174875089221986,-0.23378229796591365,1133.16,1167.025,1164.7883333333332,0.17776851748022926,1565.2,-0.28763097367748536
2010-05-20,1071.6,1107.3,1107.3,1071.6,,-3.89,-0.03892376681614362,-0.2636063771302899,1116.0,1160.17,1164.2283333333332,0.18207707543297255,1565.2,-0.3153590595451061
2010-05-21,1087.7,1067.3,1090.2,1055.9,,1.5,0.015024262784621323,-0.2525426058273761,1106.4,1153.69,1163.975,0.18177727276301126,1565.2,-0.30507283414260156
2010-05-24,1073.7,1084.8,1090.0,1072.7,,-1.29,-0.012871196101866378,-0.26216327652556193,1093.76,1146.775,1163.4616666666666,0.18228151407246754,1565.2,-0.3140173779708664
2010-05-25,1074.0,1067.4,1074.8,1040.8,,0.03,0.0002794076557697256,-0.26195711929631516,1084.4,1141.2900000000002,1162.7666666666667,0.18048315893892483,1565.2,-0.31382570917454644
2010-05-26,1068.0,1075.5,1090.8,1065.6,,-0.56,-0.005586592178770999,-0.26608026388125194,1075.0,1135.1200000000001,1161.9283333333333,0.1795190636885845,1565.2,-0.31765908510094554
2010-05-27,1103.1,1074.3,1103.5,1074.3,,3.29,0.03286516853932575,-0.24195986805937186,1081.3,1129.935,1161.6666666666667,0.1817878298737841,1565.2,-0.2952338359315104
2010-05-28,1089.4,1102.6,1102.6,1084.8,,-1.24,-0.012419544918864878,-0.2513743815283107,1081.6399999999999,1125.0700000000002,1161.1066666666666,0.18181932204799642,1565.2,-0.3039867109634551
2010-06-01,1070.7,1087.3,1094.8,1069.9,,-1.72,-0.017165412153479,-0.2642248488180303,1081.04,1118.49,1159.9733333333336,0.18093504402597504,1565.2,-0.3159340659340659
2010-06-02,1098.4,1073.0,1098.6,1072.0,,2.59,0.025870925562716085,-0.24518966465090541,1085.92,1114.73,1159.305,0.18269132576950153,1565.2,-0.29823664707385633
2010-06-03,1102.8,1098.8,1105.7,1091.8,,0.4,0.004005826656955369,-0.24216602528861864,1092.8799999999999,1111.575,1158.6766666666667,0.18215438497615324,1565.2,-0.29542550472783036
2010-06-04,1064.9,1098.4,1098.4,1060.5,,-3.44,-0.03436706565106984,-0.26821055525013593,1085.2400000000002,1108.41,1157.3316666666665,0.18518337462914528,1565.2,-0.31963966266291843
2010-06-07,1050.5,1065.8,1071.4,1049.9,,-1.35,-0.013522396469152098,-0.27810610225398424,1077.46,1105.39,1155.6699999999998,0.185692365337996,1565.2,-0.32883976488627653
2010-06-08,1062.0,1050.8,1063.2,1042.2,,1.09,0.01094716801523088,-0.27020340846618873,1075.72,1100.505,1154.2033333333334,0.1859784536847572,1565.2,-0.32149246102734474
2010-06-09,1055.7,1062.8,1077.7,1052.2,,-0.59,-0.0059322033898304705,-0.2745327102803723,1067.18,1095.5000000000002,1152.6233333333332,0.18606752191404408,1565.2,-0.3255175057500639
2010-06-10,1086.8,1058.8,1087.8,1058.8,,2.95,0.029459126645827283,-0.25316107751511674,1063.98,1091.255,1151.4116666666666,0.18825891206848952,1565.2,-0.30564784053156147
2010-06-11,1091.6,1082.7,1092.2,1077.1,,0.44,0.004416635995583285,-0.24986256184716737,1069.32,1087.965,1150.1683333333335,0.18821527564927829,1565.2,-0.3025811397904422
2010-06-14,1089.6,1095.0,1105.9,1089.0,,-0.18,-0.0018321729571271206,-0.25123694337547964,1077.1399999999999,1085.66,1148.8983333333333,0.18823007429598373,1565.2,-0.3038589317659086
2010-06-15,1115.2,1091.2,1115.6,1091.2,,2.35,0.023494860499265968,-0.23364485981308258,1087.78,1084.575,1148.1533333333334,0.18801150256907415,1565.2,-0.28750319447993866
2010-06-16,1114.6,1114.0,1118.7,1107.1,,-0.05,-0.0005380200860833906,-0.23405717427157635,1099.56,1084.2649999999999,1147.3,0.18752875269298958,1565.2,-0.28788653207257864
2010-06-17,1116.0,1116.0,1117.7,1105.9,,0.13,0.0012560559842096364,-0.23309510720175775,1105.4,1084.315,1146.3300000000002,0.18751502737882145,1565.2,-0.2869920776897521
2010-06-18,1117.5,1116.2,1121.0,1113.9,,0.13,0.0013440860215054862,-0.23206432105552344,1110.58,1086.6100000000001,1145.493333333333,0.1873612627432977,1565.2,-0.2860337337081523
2010-06-21,1113.2,1122.8,1131.2,1108.2,,-0.38,-0.003847874720357858,-0.23501924134139474,1115.3,1087.885,1144.618333333333,0.18740687212212848,1565.2,-0.28878098645540506
2010-06-22,1095.3,1113.9,1118.5,1094.2,,-1.61,-0.01607977003233929,-0.2473199560197895,1111.3200000000002,1088.965,1143.43,0.1855135599375357,1565.2,-0.30021722463582934
2010-06-23,1092.0,1095.6,1099.6,1085.3,,-0.3,-0.003012873185428644,-0.2495876855415048,1106.8,1089.865,1142.0766666666666,0.18554835818787463,1565.2,-0.3023255813953488
2010-06-24,1073.7,1090.9,1090.9,1071.6,,-1.68,-0.0167582417582417,-0.26216327652556193,1098.34,1090.15,1140.4166666666667,0.18629507488967267,1565.2,-0.3140173779708664
2010-06-25,1076.8,1075.1,1083.6,1067.9,,0.29,0.002887212442954201,-0.26003298515667794,1090.2,1088.835,1138.8733333333332,0.18513759613308559,1565.2,-0.3120368004088935
2010-06-28,1074.6,1077.5,1082.6,1071.5,,-0.2,-0.002043090638930156,-0.2615448048378214,1082.48,1088.0949999999998,1137.1483333333335,0.18514459264917754,1565.2,-0.3134423715819066
2010-06-29,1041.2,1071.1,1071.1,1035.2,,-3.11,-0.031081332588870136,-0.2844969763606361,1071.66,1086.6200000000001,1134.7116666666666,0.18765821738505906,1565.2,-0.3347814975721952
2010-06-30,1030.7,1040.6,1048.1,1028.3,,-1.01,-0.010084517864003106,-0.29171247938427547,1059.4,1083.2350000000001,1132.0666666666666,0.18774045865342473,1565.2,-0.34148990544339386
2010-07-01,1027.4,1031.1,1033.6,1010.9,,-0.32,-0.0032017075773745907,-0.29398020890599075,1050.1399999999999,1079.465,1129.4816666666668,0.18773779617593706,1565.2,-0.34359826220291334
2010-07-02,1022.6,1027.7,1033.0,1015.9,,-0.47,-0.004671987541366662,-0.2972787245739402,1039.3,1077.35,1126.7516666666666,0.18544148972034072,1565.2,-0.3466649629440327
2010-07-06,1028.1,1028.1,1042.5,1018.4,,0.54,0.0053784470956383945,-0.2934991753710816,1030.0,1076.23,1123.98,0.18549288600594274,1565.2,-0.34315103501150024
2010-07-07,1060.3,1028.5,1060.9,1028.5,,3.13,0.031319910514541416,-0.2713716327652542,1033.8200000000002,1076.145,1121.71,0.18689829459627727,1565.2,-0.3225785842064912
2010-07-08,1070.2,1062.9,1071.2,1058.2,,0.93,0.009336980099971859,-0.2645684442001084,1041.7199999999998,1076.87,1119.5916666666667,0.18707709188466567,1565.2,-0.31625351392793255
2010-07-09,1078.0,1070.5,1078.2,1068.1,,0.73,0.007288357316389327,-0.25920835623969063,1051.84,1076.4299999999998,1117.38,0.18716900175927542,1565.2,-0.31127012522361364
2010-07-12,1078.8,1077.2,1080.8,1070.5,,0.07,0.0007421150278292821,-0.2586586036283658,1063.08,1075.79,1115.1650000000002,0.187103299706852,1565.2,-0.3107590084334271
2010-07-13,1095.3,1080.7,1099.5,1080.7,,1.53,0.015294771968854315,-0.24731995601978962,1076.52,1076.075,1113.5516666666665,0.186107754584106,1565.2,-0.30021722463582934
2010-07-14,1095.2,1095.6,1099.1,1087.7,,-0.01,-9.129918743711052e-05,-0.2473886750962051,1083.5,1075.075,1111.8466666666668,0.18605556633502593,1565.2,-0.3002811142346026
2010-07-15,1096.5,1094.5,1098.7,1080.5,,0.12,0.0011869978086194166,-0.2464953271028021,1088.76,1074.1699999999998,1110.0016666666668,0.18378374890670773,1565.2,-0.2994505494505495
2010-07-16,1064.9,1093.8,1093.8,1063.3,,-2.88,-0.028818969448244358,-0.2682105552501358,1086.1399999999999,1071.615,1107.6516666666664,0.18596806573457403,1565.2,-0.31963966266291843
2010-07-19,1071.2,1066.8,1074.7,1061.1,,0.59,0.005916048455254064,-0.26388125343595215,1084.6200000000001,1069.3,1105.3600000000001,0.18604296196669168,1565.2,-0.3156146179401993
2010-07-20,1083.5,1064.5,1083.9,1056.9,,1.15,0.011482449589245602,-0.2554288070368318,1082.2600000000002,1067.815,1103.13,0.18604906658158224,1565.2,-0.30775619729108106
2010-07-21,1069.6,1086.7,1089.0,1065.2,,-1.28,-0.012828795569912455,-0.26498075865860216,1077.1399999999999,1066.53,1100.7566666666667,0.18650530269267107,1565.2,-0.3166368515205725
2010-07-22,1093.7,1072.1,1097.5,1072.1,,2.25,0.02253178758414376,-0.2484194612424393,1076.58,1066.615,1099.2566666666667,0.18779629681237497,1565.2,-0.30123945821620235
2010-07-23,1102.7,1092.2,1103.7,1087.9,,0.82,0.008228947609033588,-0.24223474436503412,1084.14,1068.065,1097.7783333333332,0.18657291594162914,1565.2,-0.2954893943266036
2010-07-26,1115.0,1102.9,1115.0,1101.3,,1.12,0.011154439104017477,-0.23378229796591365,1092.9,1069.975,1096.2483333333332,0.18685735134810483,1565.2,-0.28763097367748536
2010-07-27,1113.8,1117.4,1121.0,1109.8,,-0.11,-0.0010762331838565231,-0.23460692688290108,1098.9599999999998,1071.935,1095.0333333333333,0.18684940461937757,1565.2,-0.2883976488627652
2010-07-28,1106.1,1112.8,1114.7,1103.1,,-0.69,-0.006913269886873796,-0.23989829576690336,1106.26,1075.1799999999998,1093.43,0.18697177204284068,1565.2,-0.2933171479683109
2010-07-29,1101.5,1108.1,1115.9,1092.8,,-0.42,-0.0041587559895126525,-0.24305937328202154,1107.8200000000002,1078.7199999999998,1092.2283333333332,0.18696026103062668,1565.2,-0.29625606951188344
2010-07-30,1101.6,1098.4,1106.4,1088.0,,0.01,9.078529278250258e-05,-0.24299065420560595,1107.6,1082.43,1091.1566666666665,0.18660723844557464,1565.2,-0.2961921799131102
2010-08-02,1125.9,1107.5,1127.3,1107.5,,2.21,0.02205882352941191,-0.2262919186366118,1109.7800000000002,1087.5949999999998,1091.1183333333333,0.1878477822889037,1565.2,-0.28066700741119344
2010-08-03,1120.5,1125.3,1125.4,1116.8,,-0.48,-0.004796163069544446,-0.23000274876305493,1111.1200000000001,1092.215,1091.2783333333332,0.1873428481730448,1565.2,-0.2841170457449528
2010-08-04,1127.2,1121.1,1128.8,1119.5,,0.6,0.005979473449353012,-0.22539857064320878,1115.34,1095.56,1090.7366666666667,0.18740637923424158,1565.2,-0.27983644262714025
2010-08-05,1125.8,1125.8,1126.6,1118.8,,-0.12,-0.0012420156139106853,-0.2263606377130275,1120.2,1098.34,1090.2366666666667,0.1873836073750822,1565.2,-0.2807308970099668
2010-08-06,1121.6,1122.1,1123.1,1107.2,,-0.37,-0.003730680405045317,-0.2292468389224832,1124.2,1100.52,1089.4016666666666,0.18733203231183757,1565.2,-0.2834142601584463
2010-08-09,1127.8,1122.8,1129.2,1120.9,,0.55,0.005527817403709001,-0.22498625618471524,1124.58,1102.97,1088.9083333333333,0.18695164166148837,1565.2,-0.2794531050345004
2010-08-10,1121.1,1122.9,1127.2,1111.6,,-0.59,-0.005940769640007115,-0.22959043430456139,1124.7,1104.2599999999998,1088.665,0.1870229126549546,1565.2,-0.2837337081523129
2010-08-11,1089.5,1116.9,1116.9,1088.5,,-2.82,-0.028186602444028153,-0.2513056624518951,1117.1599999999999,1103.975,1087.875,0.1887593008099528,1565.2,-0.30392282136468185
2010-08-12,1083.6,1081.5,1086.7,1076.7,,-0.54,-0.005415328132170827,-0.2553600879604164,1108.7199999999998,1103.3300000000002,1087.2549999999999,0.18852349403186064,1565.2,-0.3076923076923078
2010-08-13,1079.2,1082.2,1086.2,1079.0,,-0.41,-0.004060538944259728,-0.2583837273227033,1100.24,1104.0449999999998,1086.6583333333333,0.1884621023237169,1565.2,-0.3105034500383338
2010-08-16,1079.4,1077.5,1082.6,1069.5,,0.02,0.00018532246108238226,-0.258246289169872,1090.56,1104.455,1086.7883333333334,0.1882542721577257,1565.2,-0.3103756708407871
2010-08-17,1092.5,1081.2,1100.1,1081.2,,1.21,0.012136372058551004,-0.24924409015942672,1084.8400000000001,1104.905,1086.8683333333333,0.1869846693826797,1565.2,-0.3020061334014823
2010-08-18,1094.2,1092.1,1099.8,1085.8,,0.16,0.001556064073226615,-0.24807586586036123,1085.7800000000002,1106.135,1087.21,0.18673380423652874,1565.2,-0.30092001022233583
2010-08-19,1075.6,1092.4,1092.4,1070.7,,-1.7,-0.01699872052641216,-0.26085761407366537,1084.1799999999998,1105.23,1087.2366666666667,0.1874362826067054,1565.2,-0.3128034755941733
2010-08-20,1071.7,1075.6,1075.6,1063.9,,-0.36,-0.0036258832279656428,-0.2635376580538742,1082.68,1103.6799999999998,1087.2983333333334,0.1871777007903648,1565.2,-0.3152951699463328
2010-08-23,1067.4,1073.4,1081.6,1067.1,,-0.4,-0.00401231687972381,-0.2664925783397456,1080.28,1101.3,1086.7033333333334,0.18632754887039193,1565.2,-0.3180424226935854
2010-08-24,1051.9,1063.2,1063.2,1046.7,,-1.45,-0.014521266629192398,-0.27714403518416564,1072.16,1098.205,1086.0783333333334,0.1869090417224909,1565.2,-0.32794531050345
2010-08-25,1055.3,1049.0,1059.4,1039.8,,0.32,0.003232246411255746,-0.2748075865860349,1064.3799999999999,1095.6650000000002,1085.8216666666667,0.186921571707978,1565.2,-0.32577306414515717
2010-08-26,1047.2,1056.3,1061.5,1045.4,,-0.77,-0.007675542499762988,-0.2803738317756994,1058.7,1092.95,1084.9683333333332,0.18708627846037912,1565.2,-0.330948121645796
2010-08-27,1064.6,1049.3,1065.2,1039.7,,1.66,0.01661573720397236,-0.2684167124793828,1057.28,1091.1,1084.3316666666665,0.1877918228041999,1565.2,-0.3198313314592385
2010-08-30,1048.9,1062.9,1064.4,1048.8,,-1.47,-0.014747322938192586,-0.2792056074766339,1053.5800000000002,1087.25,1084.065,0.1883728748642161,1565.2,-0.32986199846664954
2010-08-31,1049.3,1046.9,1055.1,1040.9,,0.04,0.0003813518924586923,-0.27893073117097156,1053.06,1083.69,1084.045,0.18819240214079655,1565.2,-0.3296064400715564
2010-09-01,1080.3,1049.7,1081.3,1049.7,,2.95,0.02954350519393878,-0.2576278174821315,1058.06,1081.345,1084.35,0.18913230633657407,1565.2,-0.3098006644518273
2010-09-02,1090.1,1080.7,1090.1,1080.4,,0.91,0.009071554197907838,-0.25089334799340146,1066.6399999999999,1079.56,1084.9233333333334,0.18929666884851262,1565.2,-0.303539483772042
2010-09-03,1104.5,1093.6,1105.1,1093.6,,1.32,0.01320979726630589,-0.24099780098955315,1074.6200000000001,1078.705,1085.2183333333335,0.18955894937775752,1565.2,-0.2943393815486839
2010-09-07,1091.8,1102.6,1102.6,1091.2,,-1.15,-0.011498415572657406,-0.24972512369433608,1083.2,1076.905,1085.2216666666666,0.18950334385993345,1565.2,-0.3024533605928955
2010-09-08,1098.9,1092.4,1103.3,1092.4,,0.65,0.006503022531599401,-0.24484606926882735,1093.1200000000001,1075.795,1085.3766666666666,0.18941201208951455,1565.2,-0.2979171990799897
2010-09-09,1104.2,1101.2,1110.3,1101.2,,0.48,0.004823004823004684,-0.24120395821879992,1097.9,1076.5300000000002,1085.1933333333334,0.18931768528096463,1565.2,-0.2945310503450038
2010-09-10,1109.5,1104.6,1110.9,1103.9,,0.48,0.0047998550987140565,-0.23756184716877238,1101.78,1077.825,1085.1083333333333,0.18910389131084399,1565.2,-0.29114490161001794
2010-09-13,1121.9,1113.4,1123.9,1113.4,,1.12,0.011176205497972047,-0.22904068169323633,1105.26,1079.96,1085.2066666666667,0.18940807462226203,1565.2,-0.28322259136212624
2010-09-14,1121.1,1121.2,1127.4,1115.6,,-0.07,-0.0007130760317320961,-0.22959043430456139,1111.12,1082.045,1085.2666666666667,0.18931618962363236,1565.2,-0.2837337081523129
2010-09-15,1125.1,1119.4,1126.5,1114.6,,0.36,0.003567924360003527,-0.22684167124793686,1116.3600000000001,1083.675,1085.465,0.18932296814038746,1565.2,-0.2811781242013801
2010-09-16,1124.7,1123.9,1125.4,1118.9,,-0.04,-0.0003555239534261956,-0.22711654755359922,1120.46,1085.2,1085.9550000000002,0.18871967646185717,1565.2,-0.2814336825964733
2010-09-17,1125.6,1126.4,1131.5,1122.4,,0.08,0.00080021339023717,-0.2264980758658589,1123.6799999999998,1087.7,1086.515,0.18869021757483884,1565.2,-0.2808586762075135
2010-09-20,1142.7,1126.6,1144.9,1126.6,,1.52,0.015191897654584396,-0.21474711379878897,1127.84,1091.25,1087.665,0.18926404252868562,1565.2,-0.26993355481727577
2010-09-21,1139.8,1142.8,1148.6,1136.2,,-0.25,-0.0025378489542312588,-0.21673996701484177,1131.58,1094.87,1088.715,0.18924950593610432,1565.2,-0.2717863531817021
2010-09-22,1134.3,1139.5,1144.4,1131.6,,-0.48,-0.004825407966309925,-0.2205195162177005,1133.4199999999998,1098.99,1089.71,0.18921588700611852,1565.2,-0.27530028111423466
2010-09-23,1124.8,1131.1,1136.8,1122.8,,-0.84,-0.008375209380234505,-0.22704782847718374,1133.44,1102.4650000000001,1091.1033333333332,0.18912982880976015,1565.2,-0.28136979299770004
2010-09-24,1148.7,1131.7,1148.9,1131.7,,2.12,0.02124822190611675,-0.21062396921385218,1138.06,1107.54,1093.07,0.19002604115612015,1565.2,-0.26610017889087656
2010-09-27,1142.2,1148.6,1149.9,1142.0,,-0.57,-0.005658570558022102,-0.21509070918086703,1137.9599999999998,1111.4199999999998,1094.9833333333333,0.19001165938794254,1565.2,-0.2702530028111423
2010-09-28,1147.7,1142.3,1150.0,1132.1,,0.48,0.0048152687795481874,-0.2113111599780083,1139.5400000000002,1116.3600000000001,1097.0683333333334,0.18926102941057574,1565.2,-0.2667390748786097
2010-09-29,1144.7,1146.8,1148.6,1140.3,,-0.26,-0.0026139234991722216,-0.2133727322704767,1141.6200000000001,1121.13,1099.0116666666665,0.18926633897289483,1565.2,-0.26865576284180936
2010-09-30,1141.2,1146.0,1157.2,1136.1,,-0.31,-0.0030575696689089105,-0.21577789994502317,1144.9,1124.175,1100.3600000000001,0.1892617693899189,1565.2,-0.27089189879887554
2010-10-01,1146.2,1143.5,1150.3,1139.4,,0.44,0.004381352961794649,-0.2123419461242425,1144.4,1126.98,1101.6266666666666,0.18746551842544476,1565.2,-0.2676974188602096
2010-10-04,1137.0,1145.0,1148.2,1131.9,,-0.8,-0.008026522421915927,-0.21866410115447898,1143.36,1128.605,1102.61,0.18759385461914038,1565.2,-0.27357526194735504
2010-10-05,1160.8,1140.7,1162.8,1140.7,,2.09,0.020932277924362364,-0.202308960967563,1145.98,1132.055,1103.9766666666667,0.18815368546636718,1565.2,-0.2583695374393049
2010-10-06,1160.0,1159.8,1162.3,1154.8,,-0.07,-0.000689179875947632,-0.20285871357888796,1149.04,1135.1100000000001,1105.055,0.1876938836468939,1565.2,-0.25888065422949147
2010-10-07,1158.1,1161.6,1163.9,1151.4,,-0.16,-0.0016379310344828424,-0.20416437603078463,1152.42,1137.8049999999998,1106.1033333333332,0.18769113442401594,1565.2,-0.26009455660618463
2010-10-08,1165.2,1158.4,1167.7,1155.6,,0.61,0.00613073137034803,-0.199285321605276,1156.2199999999998,1140.59,1107.2483333333332,0.18764548263618502,1565.2,-0.2555583950932788
2010-10-11,1165.3,1165.3,1168.7,1162.0,,0.01,8.58221764503675e-05,-0.19921660252886042,1161.88,1142.76,1108.9216666666666,0.187572930935383,1565.2,-0.2554945054945056
2010-10-12,1169.8,1164.3,1172.6,1155.7,,0.39,0.003861666523641949,-0.19612424409015783,1163.6799999999998,1145.195,1110.565,0.18756247630805953,1565.2,-0.25261947354970615
2010-10-13,1178.1,1171.3,1184.4,1171.3,,0.71,0.007095229953838267,-0.1904205607476619,1167.3,1147.845,1112.1416666666667,0.18765416406371263,1565.2,-0.2473166368515206
2010-10-14,1173.8,1177.8,1178.9,1166.7,,-0.36,-0.003649944826415341,-0.1933754810335332,1170.44,1150.3,1113.8783333333333,0.18691248257627022,1565.2,-0.25006388959877335
2010-10-15,1176.2,1177.5,1181.2,1167.1,,0.2,0.0020446413358323756,-0.19172622319955845,1172.6399999999999,1152.8300000000002,1115.2533333333333,0.18688014326488062,1565.2,-0.24853053922821366
2010-10-18,1184.7,1176.8,1185.5,1174.5,,0.72,0.007226662132290507,-0.18588510170423123,1176.52,1154.9299999999998,1116.62,0.18681235125212398,1565.2,-0.24309992333248143
2010-10-19,1165.9,1178.6,1178.6,1159.7,,-1.59,-0.015868996370389077,-0.19880428807036643,1175.74,1156.2350000000001,1117.4683333333335,0.18730067179012372,1565.2,-0.2551111679018655
2010-10-20,1178.2,1166.7,1182.9,1166.7,,1.05,0.010549789861909131,-0.19035184167124608,1175.76,1158.43,1118.5416666666667,0.18746546481183235,1565.2,-0.24725274725274726
2010-10-21,1180.3,1179.8,1189.4,1171.2,,0.18,0.0017823799015446173,-0.18890874106651834,1177.06,1161.205,1119.7783333333332,0.18723959282156474,1565.2,-0.24591106567850762
2010-10-22,1183.1,1180.5,1183.9,1179.0,,0.24,0.0023722782343471582,-0.18698460692688124,1178.44,1162.925,1121.138333333333,0.18696902418787933,1565.2,-0.24412215691285466
2010-10-25,1185.6,1184.7,1196.1,1184.7,,0.21,0.0021130927225085916,-0.18526663001649102,1178.6200000000001,1165.095,1122.5383333333334,0.18655130788125998,1565.2,-0.24252491694352163
2010-10-26,1185.6,1184.9,1187.1,1177.7,,0.0,0.0,-0.18526663001649102,1182.56,1166.99,1123.5333333333333,0.1861552256601654,1565.2,-0.24252491694352163
2010-10-27,1182.5,1183.8,1183.8,1171.7,,-0.26,-0.0026147098515518774,-0.187396921385375,1183.4199999999998,1168.8799999999999,1124.5666666666666,0.1861409641679545,1565.2,-0.24450549450549453
2010-10-28,1183.8,1184.5,1189.5,1177.1,,0.11,0.0010993657505284915,-0.1865035733919721,1184.12,1171.0099999999998,1125.5099999999998,0.18505008635882358,1565.2,-0.24367492972144145
2010-10-29,1183.3,1183.9,1185.5,1179.7,,-0.04,-0.00042236864335187807,-0.18684716877405017,1184.16,1172.8650000000002,1126.4683333333332,0.18373326991621444,1565.2,-0.24399437771530796
2010-11-01,1184.4,1185.7,1195.8,1177.7,,0.09,0.000929603650807076,-0.18609125893347844,1183.9199999999998,1175.2350000000001,1127.515,0.18148758714765392,1565.2,-0.24329159212880136
2010-11-02,1193.6,1187.9,1195.9,1187.9,,0.78,0.007767646065518274,-0.1797691039032422,1185.52,1176.875,1128.6116666666667,0.18153452069348294,1565.2,-0.23741374904165613
2010-11-03,1198.0,1193.8,1198.3,1183.6,,0.37,0.003686327077748075,-0.1767454645409552,1188.6200000000001,1178.775,1129.8933333333332,0.1815519041615601,1565.2,-0.23460260669562993
2010-11-04,1221.1,1198.3,1221.2,1198.3,,1.93,0.01928213689482461,-0.16087135788894869,1196.08,1181.925,1132.0866666666666,0.18250960618178858,1565.2,-0.21984410937899324
2010-11-05,1225.8,1221.2,1227.1,1220.3,,0.38,0.0038489886168209253,-0.1576415612974148,1204.58,1184.955,1134.4566666666667,0.18158809520157407,1565.2,-0.2168412982366471
2010-11-08,1223.2,1223.2,1224.6,1217.5,,-0.21,-0.0021210637950724864,-0.1594282572842206,1212.34,1187.85,1136.8566666666668,0.1815984620920125,1565.2,-0.21850242780475337
2010-11-09,1213.4,1223.6,1226.8,1208.9,,-0.8,-0.008011772400261519,-0.16616272677295063,1216.3,1190.0300000000002,1139.09,0.18049329188296753,1565.2,-0.2247636084845387
2010-11-10,1218.7,1213.1,1218.8,1204.3,,0.44,0.004367891874072827,-0.1625206157229232,1220.44,1192.06,1141.1933333333332,0.1805342279765256,1565.2,-0.2213774597495528
2010-11-11,1213.5,1213.0,1215.5,1204.5,,-0.43,-0.004266841716583314,-0.16609400769653515,1218.92,1194.0449999999998,1143.1816666666666,0.1805391670257438,1565.2,-0.22469971888576545
2010-11-12,1199.2,1209.1,1210.5,1194.1,,-1.18,-0.01178409559126492,-0.17592083562396776,1213.6,1195.195,1145.2416666666666,0.1806348336860213,1565.2,-0.2338359315103501
2010-11-15,1197.8,1200.4,1207.4,1197.2,,-0.12,-0.0011674449633088946,-0.17688290269378637,1208.52,1195.85,1147.3433333333332,0.18056231273523501,1565.2,-0.23473038589317663
2010-11-16,1178.3,1194.8,1194.8,1173.0,,-1.63,-0.01627984638503921,-0.19028312259483093,1201.5,1196.47,1149.1916666666666,0.1807809739475835,1565.2,-0.24718885765397403
2010-11-17,1178.6,1178.3,1183.6,1175.8,,0.03,0.00025460409063904343,-0.19007696536558405,1193.48,1196.49,1151.3033333333333,0.1807799853850671,1565.2,-0.2469971888576541
2010-11-18,1196.7,1183.8,1200.3,1183.8,,1.54,0.015357203461734414,-0.17763881253435798,1190.1200000000001,1197.31,1153.66,0.181404010470678,1565.2,-0.23543317147968312
2010-11-19,1199.7,1196.1,1200.0,1189.4,,0.25,0.0025068939583856586,-0.17557724024188948,1190.22,1198.14,1156.2016666666666,0.18088694505240369,1565.2,-0.23351648351648346
2010-11-22,1197.8,1198.1,1198.9,1184.6,,-0.16,-0.0015837292656498692,-0.17688290269378626,1190.22,1198.75,1158.4216666666666,0.18086168992622736,1565.2,-0.23473038589317663
2010-11-23,1180.7,1192.5,1192.5,1176.9,,-1.43,-0.01427617298380357,-0.18863386476085608,1190.7,1198.505,1160.618333333333,0.18097546191202601,1565.2,-0.24565550728341423
2010-11-24,1198.3,1183.7,1198.6,1183.7,,1.49,0.014906411450834156,-0.1765393073117083,1194.64,1199.295,1163.1016666666667,0.1815601385113498,1565.2,-0.23441093789931
2010-11-26,1189.4,1194.2,1194.2,1186.9,,-0.74,-0.007427188517065697,-0.18265530511269779,1193.1799999999998,1199.575,1164.9199999999998,0.18168198306329783,1565.2,-0.2400971121901354
2010-11-29,1187.8,1189.1,1190.3,1173.6,,-0.13,-0.0013452160753322229,-0.18375481033534768,1190.8,1199.8,1166.5483333333332,0.1808354875239523,1565.2,-0.24111934577050864
2010-11-30,1180.5,1183.0,1187.4,1174.1,,-0.61,-0.006145815793904608,-0.18877130291368738,1187.3400000000001,1199.605,1167.8149999999998,0.18092207401665664,1565.2,-0.24578328648096093
2010-12-01,1206.1,1186.6,1207.6,1186.6,,2.17,0.02168572638712396,-0.17117921935129055,1192.4199999999998,1200.23,1169.72,0.1817957786334861,1565.2,-0.2294275491949911
2010-12-02,1221.5,1206.8,1221.9,1206.8,,1.28,0.012768427161927054,-0.160596481583286,1197.06,1201.405,1171.7633333333333,0.182216032164166,1565.2,-0.21958855098389984
2010-12-03,1224.7,1219.9,1225.6,1216.8,,0.26,0.0026197298403602964,-0.1583974711379863,1204.1200000000001,1201.585,1173.7716666666668,0.18201264486890445,1565.2,-0.2175440838231536
2010-12-06,1223.1,1223.9,1225.8,1220.7,,-0.13,-0.0013064423940557512,-0.1594969763606362,1211.1799999999998,1201.45,1175.6650000000002,0.18195059865803503,1565.2,-0.21856631740352683
2010-12-07,1223.8,1227.2,1235.0,1223.2,,0.06,0.0005723162456054975,-0.15901594282572684,1219.84,1201.48,1177.3633333333332,0.18192574963479066,1565.2,-0.2181190902121135
2010-12-08,1228.3,1225.0,1228.9,1219.5,,0.37,0.0036770714168981034,-0.15592358438702436,1224.28,1202.225,1179.15,0.18163454064199533,1565.2,-0.2152440582673142
2010-12-09,1233.0,1230.1,1234.7,1226.8,,0.38,0.003826426768704705,-0.1526937877954906,1226.58,1202.94,1180.9483333333333,0.1816358283492277,1565.2,-0.21224124712496806
2010-12-10,1240.4,1233.8,1240.4,1232.6,,0.6,0.0060016220600163095,-0.1476085761407352,1229.7199999999998,1204.285,1182.8766666666668,0.18164331138471404,1565.2,-0.2075134168157423
2010-12-13,1240.5,1242.5,1246.7,1240.3,,0.01,8.061915511126116e-05,-0.1475398570643196,1233.2,1206.35,1184.7916666666667,0.18161568392189792,1565.2,-0.20744952721696908
2010-12-14,1241.6,1241.8,1246.6,1238.2,,0.09,0.0008867392180571532,-0.14678394722374788,1236.7599999999998,1208.5400000000002,1186.4399999999998,0.18150097526177217,1565.2,-0.2067467416304627
2010-12-15,1235.2,1241.6,1244.2,1234.0,,-0.52,-0.005154639175257603,-0.15118196811434703,1238.14,1211.3849999999998,1188.0299999999997,0.18148768133872026,1565.2,-0.21083567595195507
2010-12-16,1242.9,1236.3,1243.8,1232.8,,0.62,0.006233808290155407,-0.14589059923034486,1240.1200000000001,1214.6,1189.8400000000001,0.18157714808923722,1565.2,-0.2059161768464094
2010-12-17,1243.9,1243.6,1245.8,1239.9,,0.08,0.0008045699573577814,-0.14520340846618873,1240.8200000000002,1216.96,1191.825,0.1811550256123718,1565.2,-0.20527728085867614
2010-12-20,1247.1,1245.8,1250.2,1241.5,,0.26,0.0025725540638312783,-0.14300439802088927,1242.1399999999999,1219.33,1193.4650000000001,0.18108902657137024,1565.2,-0.20323281369793
2010-12-21,1254.6,1249.4,1255.8,1249.4,,0.6,0.006013952369497311,-0.13785046728971817,1244.7400000000002,1222.1699999999998,1195.3383333333331,0.1809009324108982,1565.2,-0.19844109378993113
2010-12-22,1258.8,1254.9,1259.4,1254.9,,0.33,0.0033476805356289496,-0.13496426608026235,1249.4599999999998,1226.075,1197.1899999999998,0.18089697690274742,1565.2,-0.19575773064145163
2010-12-23,1256.8,1257.5,1258.6,1254.0,,-0.16,-0.001588814744200806,-0.13633864760857461,1252.24,1229.0,1199.0583333333334,0.18090043962203742,1565.2,-0.19703552261691804
2010-12-27,1257.5,1254.7,1258.4,1251.5,,0.06,0.000556970082749908,-0.13585761407366526,1254.9599999999998,1232.4050000000002,1200.9966666666667,0.18083770930254406,1565.2,-0.1965882954255047
2010-12-28,1258.5,1259.1,1259.9,1256.2,,0.08,0.0007952286282306709,-0.13517042330950912,1257.24,1235.94,1202.8683333333333,0.18083676509964502,1565.2,-0.19594939943777157
2010-12-29,1259.8,1258.8,1262.6,1258.8,,0.1,0.0010329757647993265,-0.13427707531610622,1258.28,1239.905,1204.9150000000002,0.180827269260906,1565.2,-0.19511883465371838
2010-12-30,1257.9,1259.4,1261.1,1256.3,,-0.15,-0.001508175900936548,-0.13558273776800278,1258.1,1242.4950000000001,1206.5333333333333,0.18083823449142714,1565.2,-0.19633273703041143
2010-12-31,1257.6,1256.8,1259.3,1254.2,,-0.02,-0.0002384927259719838,-0.13578889499724978,1258.26,1244.3,1208.16,0.18053035913014298,1565.2,-0.19652440582673147
2011-01-03,1271.9,1257.6,1276.2,1257.6,,1.14,0.011370865139949338,-0.12596206706981694,1261.14,1246.6599999999999,1210.0566666666666,0.18018691076283494,1565.2,-0.1873881932021466
2011-01-04,1270.2,1273.0,1274.1,1262.7,,-0.13,-0.0013365830647064092,-0.12713029136888243,1263.48,1249.0149999999999,1211.8066666666666,0.1801779877511331,1565.2,-0.18847431638129308
2011-01-05,1276.6,1268.8,1277.6,1265.4,,0.5,0.005038576602109712,-0.12273227047828339,1266.84,1251.6550000000002,1213.6616666666666,0.18023499905406007,1565.2,-0.1843853820598007
2011-01-06,1273.8,1276.3,1278.2,1270.4,,-0.22,-0.0021933260222465334,-0.12465640461792049,1270.02,1253.93,1215.395,0.18022058178635197,1565.2,-0.18617429082545367
2011-01-07,1271.5,1274.4,1276.8,1261.7,,-0.18,-0.0018056209766054154,-0.12623694337547953,1272.8,1255.855,1216.9516666666668,0.18021919746555642,1565.2,-0.18764375159724
2011-01-10,1269.8,1270.8,1271.5,1262.2,,-0.13,-0.001337003539127024,-0.1274051676745449,1272.38,1257.325,1218.5516666666667,0.18022382187917527,1565.2,-0.18872987477638647
2011-01-11,1274.5,1272.6,1277.2,1269.6,,0.37,0.003701370294534545,-0.12417537108301113,1273.24,1259.025,1220.19,0.1799787724235328,1565.2,-0.18572706363404046
2011-01-12,1286.0,1275.7,1286.9,1275.7,,0.9,0.009023146331894827,-0.11627267729521562,1275.1200000000001,1261.2450000000001,1221.8783333333336,0.18000894121507516,1565.2,-0.17837975977510867
2011-01-13,1283.8,1285.8,1286.7,1280.5,,-0.17,-0.0017107309486781297,-0.11778449697635918,1277.1200000000001,1263.675,1223.8433333333332,0.18001236543384974,1565.2,-0.17978533094812166
2011-01-14,1293.2,1282.9,1293.2,1281.2,,0.73,0.007322012774575448,-0.11132490379329152,1281.46,1266.19,1225.76,0.17977632273209473,1565.2,-0.17377970866342962
2011-01-18,1295.0,1293.2,1296.1,1290.2,,0.14,0.001391896071760046,-0.11008796041781044,1286.5,1268.745,1227.6716666666666,0.17937950719632179,1565.2,-0.17262969588550992
2011-01-19,1281.9,1294.5,1294.6,1278.9,,-1.01,-0.01011583011583006,-0.11909015942825574,1287.98,1270.4850000000001,1229.3183333333334,0.1793495582576508,1565.2,-0.1809992333248147
2011-01-20,1280.3,1280.8,1283.3,1271.3,,-0.12,-0.0012481472813793415,-0.12018966465090564,1286.84,1271.77,1230.8966666666668,0.17829534235558453,1565.2,-0.18202146690518783
2011-01-21,1283.3,1283.6,1291.2,1282.1,,0.23,0.0023432008123096537,-0.11812809235843724,1286.74,1272.995,1232.525,0.17683667428678987,1565.2,-0.18010477894198829
2011-01-24,1290.8,1283.3,1291.9,1282.5,,0.58,0.005844307644354396,-0.11297416162726626,1286.2599999999998,1274.695,1234.3299999999997,0.17686902677264357,1565.2,-0.1753130590339893
2011-01-25,1291.2,1288.2,1291.3,1281.1,,0.03,0.00030988534242326615,-0.11269928532160378,1285.5,1276.3799999999999,1236.1200000000001,0.17680102411148516,1565.2,-0.17505750063889602
2011-01-26,1296.6,1292.0,1299.7,1292.0,,0.42,0.004182156133828885,-0.10898845519516076,1288.44,1278.2849999999999,1238.0083333333334,0.17678658507147754,1565.2,-0.1716074623051368
2011-01-27,1299.5,1297.5,1301.3,1294.4,,0.22,0.0022366188492981554,-0.10699560197910796,1292.28,1280.27,1239.9266666666665,0.176341725124995,1565.2,-0.16975466394071048
2011-01-28,1276.3,1299.6,1302.7,1275.1,,-1.79,-0.01785302039245862,-0.12293842770753016,1290.8799999999999,1281.19,1241.305,0.17701094667226785,1565.2,-0.18457705085612064
2011-01-31,1286.1,1276.5,1287.2,1276.5,,0.77,0.007678445506542397,-0.11620395821880003,1289.94,1282.615,1242.7733333333333,0.17662945710825703,1565.2,-0.17831587017633532
2011-02-01,1307.6,1289.1,1308.9,1289.1,,1.67,0.016717207060104267,-0.1014293567894432,1293.2199999999998,1284.4,1244.215,0.1769315563066763,1565.2,-0.16457960644007164
2011-02-02,1304.0,1305.9,1307.6,1302.6,,-0.28,-0.0027531355154480908,-0.10390324354040525,1294.7,1286.09,1245.5183333333332,0.17685783797290594,1565.2,-0.16687963199591105
2011-02-03,1307.1,1302.8,1308.6,1294.8,,0.24,0.0023773006134968355,-0.10177295217152138,1296.22,1287.615,1246.9166666666667,0.17393762072799618,1565.2,-0.16489905443393826
2011-02-04,1310.9,1307.0,1311.0,1301.7,,0.29,0.0029071991431415256,-0.09916162726772793,1303.1399999999999,1289.4699999999998,1248.5416666666667,0.1739375175221065,1565.2,-0.16247124968055193
2011-02-07,1319.0,1311.8,1322.8,1311.8,,0.62,0.006178961019147167,-0.09359538207806328,1309.72,1291.8449999999998,1250.2133333333334,0.1737392123950939,1565.2,-0.15729619217991309
2011-02-08,1324.6,1318.8,1324.9,1316.0,,0.42,0.004245640636846071,-0.08974711379878897,1313.1200000000001,1294.585,1252.065,0.17334504764614536,1565.2,-0.15371837464860727
2011-02-09,1320.9,1322.5,1324.5,1314.9,,-0.28,-0.0027932960893853886,-0.09228971962616661,1316.5,1296.905,1254.0933333333332,0.1733559731857562,1565.2,-0.15608228980322003
2011-02-10,1321.9,1318.1,1322.8,1311.7,,0.08,0.0007570595805890257,-0.09160252886201048,1319.4599999999998,1298.7,1256.1616666666669,0.1731289692550189,1565.2,-0.15544339381548677
2011-02-11,1329.2,1318.7,1330.8,1316.1,,0.55,0.005522354187154743,-0.08658603628367079,1323.1200000000001,1300.97,1258.6766666666667,0.17315240816528482,1565.2,-0.1507794531050345
2011-02-14,1332.3,1328.7,1333.0,1326.9,,0.23,0.0023322299127293,-0.08445574491478691,1325.78,1302.925,1261.2383333333332,0.17230191455241223,1565.2,-0.1487988755430616
2011-02-15,1328.0,1330.4,1330.4,1324.6,,-0.32,-0.0032275013135179,-0.08741066520065821,1326.4599999999998,1304.575,1263.4266666666667,0.1723164626917962,1565.2,-0.15154612829031433
2011-02-16,1336.3,1329.5,1337.6,1329.5,,0.63,0.006249999999999867,-0.0817069818581625,1329.54,1307.2949999999998,1265.7033333333334,0.17230367314227985,1565.2,-0.1462432915921289
2011-02-17,1340.4,1334.4,1341.5,1331.0,,0.31,0.0030681733143755885,-0.07888949972512227,1333.24,1310.3,1268.0800000000002,0.17231316117126247,1565.2,-0.14362381804242264
2011-02-18,1343.0,1340.4,1344.1,1338.1,,0.19,0.0019397194867203371,-0.07710280373831635,1336.0,1313.285,1270.785,0.17230634162311106,1565.2,-0.14196268847431637
2011-02-22,1315.4,1338.9,1338.9,1312.3,,-2.06,-0.020551005212211426,-0.09606926882902556,1332.6200000000001,1314.5149999999999,1272.7366666666667,0.17314830709049567,1565.2,-0.1595962177357526
2011-02-23,1307.4,1315.4,1317.9,1299.5,,-0.61,-0.0060818002128629756,-0.10156679494227461,1328.5000000000002,1315.325,1274.7033333333336,0.1730528775533718,1565.2,-0.1647073856376181
2011-02-24,1306.1,1307.1,1310.9,1294.3,,-0.1,-0.0009943399112744,-0.10246014293567773,1322.46,1315.8,1276.675,0.17303859023000814,1565.2,-0.1655379504216714
2011-02-25,1319.9,1307.3,1320.6,1307.3,,1.06,0.010565806599801109,-0.09297691039032296,1318.3600000000001,1316.8200000000002,1278.9983333333334,0.17331653466894925,1565.2,-0.15672118579095318
2011-02-28,1327.2,1321.6,1329.4,1320.5,,0.55,0.005530722024395862,-0.08796041781198316,1315.2,1319.365,1281.0166666666667,0.17312743046718135,1565.2,-0.1520572450805009
2011-03-01,1306.3,1328.6,1332.1,1306.1,,-1.57,-0.01574743821579272,-0.10232270478284633,1313.38,1320.375,1282.43,0.17390367250567904,1565.2,-0.1654101712241247
2011-03-02,1308.4,1305.5,1314.2,1302.6,,0.16,0.0016075939676951645,-0.10087960417811836,1313.58,1320.4150000000002,1283.825,0.1739060069566336,1565.2,-0.16406848964988496
2011-03-03,1331.0,1312.4,1332.3,1312.4,,1.73,0.01727300519718744,-0.08534909290818982,1318.56,1321.765,1285.6233333333332,0.1746696187107524,1565.2,-0.14962944032711478
2011-03-04,1321.2,1330.7,1331.1,1312.6,,-0.74,-0.007362885048835421,-0.09208356239691984,1318.8200000000002,1322.47,1287.2466666666667,0.1743483636838037,1565.2,-0.1558906210069001
2011-03-07,1310.1,1322.7,1327.7,1304.0,,-0.84,-0.008401453224341604,-0.09971137987905299,1315.4,1322.43,1288.6100000000001,0.17458137316439715,1565.2,-0.1629823664707386
2011-03-08,1321.8,1311.0,1325.7,1306.9,,0.89,0.008930615983512746,-0.09167124793842618,1318.5,1322.5700000000002,1290.0900000000001,0.17477565848581791,1565.2,-0.15550728341426023
2011-03-09,1320.0,1319.9,1323.2,1312.3,,-0.14,-0.001361779391738538,-0.09290819131390726,1320.8200000000002,1322.34,1291.4166666666667,0.17474480783268687,1565.2,-0.15665729619217994
2011-03-10,1295.1,1315.7,1315.7,1294.2,,-1.89,-0.018863636363636416,-0.11001924134139496,1313.6399999999999,1321.05,1292.3266666666666,0.17579346675229926,1565.2,-0.17256580628673657
2011-03-11,1304.3,1293.4,1308.3,1292.0,,0.71,0.007103698556096161,-0.10369708631115848,1310.26,1320.17,1293.3716666666667,0.1759147243224696,1565.2,-0.16668796319959112
2011-03-14,1296.4,1301.2,1301.2,1286.4,,-0.61,-0.006056888752587475,-0.10912589334799183,1307.52,1318.53,1294.3916666666667,0.17603913305668328,1565.2,-0.17173524150268338
2011-03-15,1281.9,1288.5,1288.5,1261.1,,-1.12,-0.011184819500154264,-0.11909015942825574,1299.54,1316.01,1295.0416666666667,0.17627513403111797,1565.2,-0.1809992333248147
2011-03-16,1256.9,1279.5,1280.9,1249.0,,-1.95,-0.01950230127155006,-0.13626992853215902,1286.92,1312.455,1295.2583333333334,0.1773190544720561,1565.2,-0.19697163301814458
2011-03-17,1273.7,1261.6,1278.9,1261.6,,1.34,0.013366218474023306,-0.12472512369433608,1282.64,1309.325,1295.7016666666666,0.17779385169730838,1565.2,-0.1862381804242269
2011-03-18,1279.2,1276.7,1288.9,1276.2,,0.43,0.004318128287665868,-0.12094557449147736,1277.6200000000001,1306.2649999999999,1296.111666666667,0.17775127430601012,1565.2,-0.18272425249169433
2011-03-21,1298.4,1281.7,1300.6,1281.7,,1.5,0.015009380863039379,-0.10775151181967968,1278.02,1304.035,1296.7716666666668,0.17828723576213992,1565.2,-0.17045744952721698
2011-03-22,1293.8,1298.3,1299.3,1292.7,,-0.35,-0.003542821934688911,-0.11091258933479797,1280.4,1302.9550000000002,1297.3883333333333,0.17820476996336276,1565.2,-0.17339637107078976
2011-03-23,1297.5,1292.2,1300.5,1284.0,,0.29,0.002859792858247001,-0.10836998350742033,1288.52,1302.46,1298.055,0.17811949908011576,1565.2,-0.17103245591617688
2011-03-24,1309.7,1300.6,1311.3,1297.7,,0.94,0.009402697495183077,-0.09998625618471546,1295.72,1302.64,1298.9083333333333,0.17832875224984007,1565.2,-0.16323792486583188
2011-03-25,1313.8,1311.8,1319.2,1310.2,,0.31,0.0031304878979918627,-0.09716877405167534,1302.6399999999999,1302.335,1299.8083333333334,0.1783476244313405,1565.2,-0.16061845131612584
2011-03-28,1310.2,1315.5,1319.7,1310.2,,-0.27,-0.0027401430963616136,-0.09964266080263728,1305.0,1301.4850000000001,1300.68,0.17830314550494436,1565.2,-0.16291847687196526
2011-03-29,1319.4,1309.4,1319.5,1305.3,,0.7,0.007021828728438484,-0.09332050577240081,1310.1200000000001,1302.1399999999999,1301.7099999999998,0.17842178654386256,1565.2,-0.1570406337848198
2011-03-30,1328.3,1321.9,1331.7,1321.9,,0.67,0.006745490374412411,-0.08720450797141144,1316.2800000000002,1303.135,1302.65,0.1784876165022578,1565.2,-0.1513544594939944
2011-03-31,1325.8,1327.4,1329.8,1325.0,,-0.19,-0.0018821049461718031,-0.08892248488180177,1319.5,1302.875,1303.5766666666668,0.17837072268532791,1565.2,-0.15295169946332743
2011-04-01,1332.4,1329.5,1337.8,1328.9,,0.5,0.004978126414240558,-0.08438702583837121,1323.22,1303.435,1304.5066666666667,0.17827369415198466,1565.2,-0.14873498594428824
2011-04-04,1332.9,1333.6,1336.7,1329.1,,0.04,0.00037526268387866324,-0.08404343045629314,1327.7599999999998,1304.575,1305.4916666666666,0.1782699175488328,1565.2,-0.14841553795042162
2011-04-05,1332.6,1332.0,1338.2,1330.0,,-0.02,-0.0002250731487735136,-0.08424958768554014,1330.4,1305.115,1306.5099999999998,0.17815873863242732,1565.2,-0.14860720674674166
2011-04-06,1335.5,1335.9,1339.4,1331.1,,0.22,0.0021761969082996213,-0.08225673446948734,1331.84,1305.8899999999999,1307.6049999999998,0.1781448145727774,1565.2,-0.14675440838231535
2011-04-07,1333.5,1334.8,1338.8,1326.6,,-0.15,-0.0014975664545113787,-0.0836311159977996,1333.3799999999999,1307.81,1308.5883333333331,0.17804695743422502,1565.2,-0.14803220035778175
2011-04-08,1328.2,1336.2,1339.5,1322.9,,-0.4,-0.003974503187101575,-0.08727322704782703,1332.54,1309.0049999999999,1309.2916666666667,0.17809856497852125,1565.2,-0.15141834909276775
2011-04-11,1324.5,1329.0,1333.8,1321.1,,-0.28,-0.0027857250414095036,-0.08981583287520478,1330.86,1310.41,1309.9700000000003,0.17812833427904298,1565.2,-0.1537822642473805
2011-04-12,1314.2,1322.0,1322.0,1309.5,,-0.78,-0.007776519441298535,-0.09689389774601287,1327.1799999999998,1312.025,1310.32,0.1779912394954586,1565.2,-0.16036289292103245
2011-04-13,1314.4,1314.0,1321.3,1309.2,,0.02,0.0001521838380764695,-0.09675645959318158,1322.96,1314.9,1310.6433333333332,0.1779908510270833,1565.2,-0.16023511372348576
2011-04-14,1314.5,1311.1,1316.8,1302.4,,0.01,7.608034083994575e-05,-0.09668774051676599,1319.16,1316.94,1311.1866666666667,0.17721293013906644,1565.2,-0.16017122412471252
2011-04-15,1319.7,1314.5,1322.9,1313.7,,0.4,0.003955876759224042,-0.09311434854315415,1317.46,1318.965,1311.8433333333332,0.17720059311417158,1565.2,-0.15684896498849987
2011-04-18,1305.1,1313.3,1313.3,1294.7,,-1.11,-0.011063120406152982,-0.10314733369983375,1313.5800000000002,1319.3,1312.2066666666665,0.17740580969916367,1565.2,-0.16617684640940467
2011-04-19,1312.6,1306.0,1312.7,1304.0,,0.57,0.005746686077695129,-0.09799340296866288,1313.26,1320.24,1312.5700000000002,0.17748108277157787,1565.2,-0.16138512650140568
2011-04-20,1330.4,1319.1,1332.7,1319.1,,1.36,0.01356087155264385,-0.08576140736668358,1316.46,1321.885,1313.2233333333331,0.1779585607279161,1565.2,-0.15001277791975465
2011-04-21,1337.4,1333.2,1337.5,1332.8,,0.53,0.005261575466025237,-0.08095107201759066,1321.04,1323.27,1313.9033333333332,0.17789843778269251,1565.2,-0.1455405060056223
2011-04-25,1335.2,1337.1,1337.5,1331.5,,-0.16,-0.0016449828024525104,-0.08246289169873411,1324.14,1324.34,1314.4983333333334,0.17784582664418055,1565.2,-0.14694607717863528
2011-04-26,1347.2,1336.8,1349.5,1336.8,,0.9,0.008987417615338611,-0.07421660252886042,1332.56,1326.19,1315.68,0.17643602515459603,1565.2,-0.13927932532583698
2011-04-27,1355.7,1348.4,1357.5,1344.2,,0.63,0.006309382422802878,-0.0683754810335333,1341.18,1328.005,1316.8400000000001,0.17642953179314322,1565.2,-0.13384870943010474
2011-04-28,1360.5,1353.9,1361.7,1353.6,,0.35,0.003540606328833684,-0.06507696536558405,1347.2,1329.615,1317.7216666666668,0.17601900875474774,1565.2,-0.13078200868898548
2011-04-29,1363.6,1360.1,1364.6,1358.7,,0.23,0.0022785740536566124,-0.06294667399670018,1352.44,1331.5049999999999,1318.7150000000001,0.17517860015886264,1565.2,-0.1288014311270126
2011-05-02,1361.2,1365.2,1370.6,1358.6,,-0.18,-0.001760046934584869,-0.0645959318306748,1357.6399999999999,1332.9450000000002,1319.6166666666666,0.17474150176636413,1565.2,-0.13033478149757216
2011-05-03,1356.6,1359.8,1360.8,1349.5,,-0.34,-0.0033793711431091555,-0.0677570093457931,1359.52,1334.1299999999999,1320.3783333333333,0.17305934893240132,1565.2,-0.13327370304114494
2011-05-04,1347.3,1355.9,1355.9,1341.5,,-0.69,-0.006855373728438696,-0.07414788345244505,1357.84,1334.8650000000002,1320.85,0.17307188655016378,1565.2,-0.13921543572706374
2011-05-05,1335.1,1344.2,1348.0,1329.2,,-0.91,-0.00905514733170043,-0.08253161077514981,1352.7599999999998,1334.845,1321.025,0.17016077307907695,1565.2,-0.14700996677740874
2011-05-06,1340.2,1340.2,1354.4,1335.6,,0.38,0.003819938581379745,-0.07902693787795345,1348.08,1335.18,1321.3466666666668,0.16942224541698372,1565.2,-0.14375159723996933
2011-05-09,1346.3,1340.2,1349.4,1338.6,,0.46,0.004551559468735977,-0.07483507421660107,1345.1,1336.085,1321.7533333333333,0.16384294670272903,1565.2,-0.1398543317147969
2011-05-10,1357.2,1348.3,1359.4,1348.3,,0.81,0.008096263834212358,-0.06734469488729922,1345.22,1337.72,1322.22,0.16396217632656862,1565.2,-0.13289036544850497
2011-05-11,1342.1,1354.5,1354.5,1336.4,,-1.11,-0.011125847332744021,-0.07772127542605689,1344.1799999999998,1339.115,1322.3833333333334,0.1638594532607193,1565.2,-0.1425376948632764
2011-05-12,1348.7,1339.4,1351.0,1332.0,,0.49,0.004917666343789762,-0.07318581638262622,1346.9,1340.83,1322.7283333333332,0.163410934410876,1565.2,-0.1383209813442372
2011-05-13,1337.8,1348.7,1350.5,1333.4,,-0.81,-0.00808185660265448,-0.08067619571192808,1346.4199999999998,1341.995,1322.7533333333336,0.16248445276581588,1565.2,-0.145284947610529
2011-05-16,1329.5,1334.8,1343.3,1327.3,,-0.62,-0.006204215876812635,-0.0863798790544239,1343.06,1342.4850000000001,1322.5716666666667,0.16263072261564185,1565.2,-0.15058778430871456
2011-05-17,1329.0,1326.1,1330.4,1318.5,,-0.04,-0.00037608123354648804,-0.08672347443650197,1337.4199999999998,1343.6799999999998,1322.3383333333334,0.16195107739968143,1565.2,-0.15090723230258118
2011-05-18,1340.7,1328.5,1341.8,1326.6,,0.88,0.00880361173814892,-0.07868334249587527,1337.14,1345.085,1322.76,0.16204276908778306,1565.2,-0.1434321492461027
2011-05-19,1343.6,1342.4,1346.8,1336.4,,0.22,0.0021630491534272434,-0.07669048927982258,1336.12,1345.745,1323.3633333333332,0.15706711549759894,1565.2,-0.1415793508816765
2011-05-20,1333.3,1342.0,1342.0,1330.7,,-0.77,-0.007665972015480804,-0.08376855415063078,1335.22,1345.5400000000002,1323.8166666666666,0.15666376744803046,1565.2,-0.14815997955532845
2011-05-23,1317.4,1333.1,1333.1,1312.9,,-1.19,-0.011925298132453244,-0.09469488730071318,1332.8,1344.65,1323.775,0.15658338640166777,1565.2,-0.1583184257602862
2011-05-24,1316.3,1317.7,1323.7,1313.9,,-0.08,-0.0008349779869440965,-0.09545079714128502,1330.26,1343.105,1323.5933333333332,0.15659150342044237,1565.2,-0.1590212113467928
2011-05-25,1320.5,1316.4,1325.9,1311.8,,0.32,0.003190761984350088,-0.0925645959318292,1326.22,1341.3449999999998,1323.8299999999997,0.15647489196828035,1565.2,-0.1563378481983133
2011-05-26,1325.7,1320.6,1328.5,1314.4,,0.39,0.003937902309731234,-0.08899120395821725,1322.6399999999999,1339.605,1324.1183333333333,0.15317947118090117,1565.2,-0.15301558906210067
2011-05-27,1331.1,1325.7,1334.6,1325.7,,0.41,0.004073319755600657,-0.08528037383177434,1322.2,1337.98,1324.12,0.1526399804100567,1565.2,-0.14956555072834155
2011-05-31,1345.2,1331.1,1345.2,1331.1,,1.06,0.010592742844264258,-0.0755909840571728,1327.76,1337.1799999999998,1324.52,0.15187434703587502,1565.2,-0.14055711730130338
2011-06-01,1314.5,1345.2,1345.2,1313.7,,-2.28,-0.022821885221528393,-0.09668774051676599,1327.4,1335.075,1324.5933333333332,0.15165870278517457,1565.2,-0.16017122412471252
2011-06-02,1312.9,1314.5,1318.0,1305.6,,-0.12,-0.0012171928489919104,-0.09778724573941566,1325.8799999999999,1333.355,1324.445,0.1516363568018599,1565.2,-0.16119345770508553
2011-06-03,1300.2,1312.9,1312.9,1297.9,,-0.97,-0.009673242440399132,-0.10651456844419849,1320.7800000000002,1331.6100000000001,1324.115,0.14786047234463917,1565.2,-0.16930743674929716
2011-06-06,1286.2,1300.3,1300.3,1284.7,,-1.08,-0.010767574219350817,-0.11613523914238433,1311.8,1328.91,1323.9666666666667,0.14761736028994146,1565.2,-0.17825198057756197
2011-06-07,1284.9,1286.3,1296.2,1284.7,,-0.1,-0.0010107292800497492,-0.11702858713578734,1299.7400000000002,1325.84,1323.6433333333334,0.14727984250826057,1565.2,-0.17908254536161505
2011-06-08,1279.6,1284.6,1287.0,1277.4,,-0.41,-0.004124834617480144,-0.120670698185815,1292.76,1321.96,1323.3633333333335,0.14720798010745612,1565.2,-0.18246869409660116
2011-06-09,1289.0,1279.6,1294.5,1279.6,,0.73,0.007346045639262444,-0.11421110500274723,1287.98,1319.305,1323.4816666666666,0.14452310407626814,1565.2,-0.176463071811909
2011-06-10,1271.0,1288.6,1288.6,1268.3,,-1.4,-0.013964313421256813,-0.1265805387575576,1282.1399999999999,1315.42,1323.7166666666667,0.1452181088179875,1565.2,-0.18796319959110663
2011-06-13,1271.8,1271.3,1277.0,1265.6,,0.06,0.0006294256490950723,-0.12603078614623275,1279.26,1312.1200000000001,1323.6850000000002,0.1451968010936218,1565.2,-0.18745208280092007
2011-06-14,1287.9,1272.2,1292.5,1272.2,,1.27,0.012659223148293819,-0.11496701484331895,1279.86,1310.04,1323.8299999999997,0.14388394944366745,1565.2,-0.1771658573984155
2011-06-15,1265.4,1287.9,1287.9,1261.9,,-1.75,-0.017470300489168422,-0.1304288070368319,1277.02,1306.8600000000001,1323.28,0.14501175235254915,1565.2,-0.19154101712241245
2011-06-16,1267.6,1265.5,1274.1,1258.1,,0.17,0.0017385806859488984,-0.12891698735568857,1272.74,1303.205,1322.8433333333332,0.14501492971653923,1565.2,-0.19013544594939957
2011-06-17,1271.5,1268.6,1279.8,1267.4,,0.31,0.003076680340801552,-0.12623694337547964,1272.84,1299.6,1322.4099999999999,0.1450348378429997,1565.2,-0.18764375159724
2011-06-20,1278.4,1271.5,1280.4,1267.6,,0.54,0.005426661423515666,-0.1214953271028022,1274.16,1296.855,1321.8883333333333,0.14504876545544576,1565.2,-0.1832353692818809
2011-06-21,1295.5,1278.4,1297.6,1278.4,,1.34,0.01337609511889859,-0.10974436503573237,1275.68,1295.76,1321.5833333333333,0.14464019003811263,1565.2,-0.1723102478916433
2011-06-22,1287.1,1295.5,1298.6,1286.8,,-0.65,-0.006483983018139794,-0.1155167674546439,1280.02,1294.3,1321.1983333333333,0.14477142460860673,1565.2,-0.17767697418860218
2011-06-23,1283.5,1286.6,1286.6,1262.9,,-0.28,-0.0027969854712143194,-0.11799065420560595,1283.2,1292.45,1320.6,0.1437512822954819,1565.2,-0.1799769997444416
2011-06-24,1268.5,1283.0,1283.9,1267.2,,-1.17,-0.0116867939228672,-0.12829851566794792,1282.6,1289.59,1319.6033333333332,0.14427151683965334,1565.2,-0.18956043956043955
2011-06-27,1280.1,1268.4,1284.9,1267.5,,0.91,0.009144659046117498,-0.12032710280373682,1282.94,1287.04,1318.8416666666667,0.14449222810990422,1565.2,-0.18214924610273453
2011-06-28,1296.7,1280.2,1296.8,1280.2,,1.3,0.012967736895555193,-0.10891973611874495,1283.1799999999998,1284.6150000000002,1318.2466666666667,0.14143590621022445,1565.2,-0.17154357270636345
2011-06-29,1307.4,1296.8,1309.2,1296.8,,0.83,0.008251715894193046,-0.10156679494227427,1287.2400000000002,1284.26,1317.8216666666667,0.14119314377548575,1565.2,-0.1647073856376181
2011-06-30,1320.6,1307.6,1322.0,1307.6,,1.01,0.010096374483707926,-0.0924958768554135,1294.66,1284.645,1317.6216666666667,0.14142343936209303,1565.2,-0.15627395859954007
2011-07-01,1339.7,1320.6,1341.0,1318.2,,1.45,0.014463122822959473,-0.07937053326003118,1308.9,1286.62,1317.6916666666666,0.14194159170735793,1565.2,-0.14407104523383596
2011-07-05,1337.9,1339.6,1340.9,1334.3,,-0.13,-0.001343584384563723,-0.08060747663551227,1320.46,1289.205,1317.765,0.1418979099588019,1565.2,-0.14522105801175567
2011-07-06,1339.2,1337.6,1340.9,1330.9,,0.1,0.0009716720233201581,-0.07971412864210925,1328.96,1291.92,1317.9483333333333,0.1386131307972849,1565.2,-0.14439049322770248
2011-07-07,1353.2,1339.6,1356.5,1339.6,,1.05,0.01045400238948635,-0.0700934579439233,1338.12,1295.6,1318.4266666666665,0.13868534696886847,1565.2,-0.13544594939943777
2011-07-08,1343.8,1352.4,1352.4,1333.7,,-0.69,-0.006946497191841594,-0.07655305112699096,1342.76,1298.34,1318.9199999999998,0.13876470869574084,1565.2,-0.14145157168412992
2011-07-11,1319.5,1343.3,1343.3,1316.4,,-1.81,-0.018083048072629837,-0.09325178669598488,1338.72,1300.7649999999999,1319.005,0.14005888722484713,1565.2,-0.15697674418604657
2011-07-12,1313.6,1319.6,1327.2,1313.3,,-0.45,-0.004471390678287279,-0.09730621220450608,1333.86,1302.855,1318.9900000000002,0.1394037998727196,1565.2,-0.16074623051367243
2011-07-13,1317.7,1314.5,1331.5,1314.5,,0.31,0.0031211936662607354,-0.09448873007146585,1329.56,1304.345,1318.9566666666667,0.13942112051644892,1565.2,-0.15812675696396628
2011-07-14,1308.9,1317.7,1326.9,1306.5,,-0.67,-0.006678303103893057,-0.10053600879603974,1320.7,1306.52,1319.02,0.13961936737755837,1565.2,-0.16374904165601833
2011-07-15,1316.1,1308.9,1317.7,1307.5,,0.55,0.005500802200320676,-0.09558823529411575,1315.16,1308.9450000000002,1319.0783333333334,0.1365075767393494,1565.2,-0.1591489905443395
2011-07-18,1305.4,1315.9,1315.9,1295.9,,-0.81,-0.00813008130081283,-0.1029411764705862,1312.34,1310.64,1318.6616666666666,0.13670957348182589,1565.2,-0.1659851776130845
2011-07-19,1326.7,1307.1,1328.1,1307.1,,1.63,0.016316837750880886,-0.08830401319406067,1314.9600000000003,1313.0549999999998,1318.4833333333333,0.13717275279515673,1565.2,-0.15237669307436752
2011-07-20,1325.8,1328.7,1330.4,1323.7,,-0.07,-0.0006783749152031726,-0.08892248488180121,1316.58,1314.5700000000002,1318.3266666666666,0.13649353200443334,1565.2,-0.15295169946332743
2011-07-21,1343.8,1325.7,1347.0,1325.7,,1.36,0.013576708402474047,-0.07655305112699073,1323.56,1317.4050000000002,1318.27,0.13535698237910548,1565.2,-0.14145157168412992
2011-07-22,1345.0,1343.8,1346.1,1337.0,,0.09,0.00089299002827814,-0.07572842221000331,1329.34,1320.48,1318.0916666666667,0.13515431728861776,1565.2,-0.14068489649884997
2011-07-25,1337.4,1344.3,1344.3,1331.1,,-0.57,-0.0056505576208177866,-0.08095107201758989,1335.7400000000002,1323.925,1317.7066666666665,0.13490933799072713,1565.2,-0.1455405060056223
2011-07-26,1331.9,1337.4,1338.5,1329.6,,-0.41,-0.004112457006131276,-0.08473062122044861,1336.78,1326.5149999999999,1317.1783333333333,0.13498492681415486,1565.2,-0.14905443393815487
2011-07-27,1304.9,1331.9,1331.9,1303.5,,-2.03,-0.02027179217658981,-0.10328477185266416,1332.6,1326.925,1316.24,0.13639950944352644,1565.2,-0.16630462560695114
2011-07-28,1300.7,1304.8,1316.3,1299.2,,-0.32,-0.003218637443482275,-0.10617097306211998,1323.98,1326.5900000000001,1315.3083333333334,0.1363691732564627,1565.2,-0.16898798875543064
2011-07-29,1292.3,1300.1,1304.2,1282.9,,-0.65,-0.0064580610440532205,-0.1119433754810315,1313.44,1325.175,1314.3916666666667,0.13655550313363268,1565.2,-0.17435471505238953
2011-08-01,1286.9,1292.6,1307.4,1274.7,,-0.42,-0.004178596301168347,-0.11565420560747453,1303.3400000000001,1322.535,1313.5883333333334,0.13494070620046902,1565.2,-0.17780475338614865
2011-08-02,1254.0,1286.6,1286.6,1254.0,,-2.56,-0.02556531199005374,-0.13826278174821138,1287.76,1318.34,1312.1516666666669,0.137346262084791,1565.2,-0.1988244313825709
2011-08-03,1260.3,1254.2,1261.2,1234.6,,0.5,0.005023923444976042,-0.13393347993402782,1278.84,1314.395,1310.7183333333332,0.13731119666423391,1565.2,-0.19479938665985186
2011-08-04,1200.1,1260.2,1260.2,1199.5,,-4.78,-0.04776640482424821,-0.1753023639362269,1258.7199999999998,1306.74,1308.1,0.14553275186502884,1565.2,-0.2332609251213903
2011-08-05,1199.4,1200.3,1218.1,1168.1,,-0.06,-0.0005832847262726704,-0.17578339747113603,1240.1399999999999,1299.52,1305.7216666666666,0.14547935200537682,1565.2,-0.2337081523128034
2011-08-08,1119.5,1198.5,1198.5,1119.3,,-6.66,-0.06661664165416048,-0.23068993952721095,1206.66,1289.52,1301.9016666666664,0.16004039379375157,1565.2,-0.2847559417326859
2011-08-09,1172.5,1120.2,1172.9,1101.5,,4.73,0.04734256364448419,-0.19426882902693599,1190.3600000000001,1282.4650000000001,1299.1466666666665,0.16677556556349848,1565.2,-0.25089445438282654
2011-08-10,1120.8,1171.8,1171.8,1118.0,,-4.41,-0.0440938166311301,-0.22979659153380805,1162.4599999999998,1272.6200000000001,1295.6683333333333,0.1702201364149906,1565.2,-0.28392537694863285
2011-08-11,1172.6,1121.3,1186.3,1121.3,,4.62,0.04621698786581008,-0.1942001099505205,1156.96,1265.8049999999998,1293.0616666666667,0.1762433117435117,1565.2,-0.2508305647840532
2011-08-12,1178.8,1172.9,1189.0,1170.7,,0.53,0.005287395531297978,-0.18993952721275253,1152.84,1258.94,1290.3633333333335,0.17625501522792295,1565.2,-0.2468694096601074
2011-08-15,1204.5,1178.9,1204.5,1178.9,,2.18,0.021801832371903584,-0.17227872457394,1169.84,1253.895,1288.0450000000003,0.1775478995998034,1565.2,-0.2304497827753642
2011-08-16,1192.8,1204.2,1204.2,1180.5,,-0.97,-0.009713574097135802,-0.1803188565145668,1173.9,1247.2,1285.7033333333334,0.1774543704381972,1565.2,-0.23792486583184258
2011-08-17,1193.9,1192.9,1208.5,1184.4,,0.09,0.0009221998658619501,-0.17956294667399497,1188.52,1240.605,1283.645,0.177451396988805,1565.2,-0.23722208024533598
2011-08-18,1140.7,1189.6,1189.6,1131.0,,-4.46,-0.0445598458832398,-0.21612149532710112,1182.1399999999999,1230.45,1280.7183333333335,0.18224153106823346,1565.2,-0.27121134679274217
2011-08-19,1123.5,1140.5,1154.5,1122.0,,-1.51,-0.0150784605943719,-0.22794117647058665,1171.08,1219.375,1277.4350000000002,0.1828480355605998,1565.2,-0.2822003577817531
2011-08-22,1123.8,1123.5,1145.5,1121.1,,0.03,0.0002670226969292422,-0.22773501924133976,1154.94,1208.695,1274.07,0.18279786084253305,1565.2,-0.2820086889854332
2011-08-23,1162.3,1124.4,1162.3,1122.9,,3.43,0.03425876490478741,-0.2012781748213287,1148.84,1200.215,1271.256666666667,0.18532585862622794,1565.2,-0.25741119345770513
2011-08-24,1177.6,1162.2,1178.6,1156.3,,1.32,0.013163555020218487,-0.19076415612973996,1145.58,1193.85,1268.4633333333334,0.18574040695298383,1565.2,-0.24763608484538724
2011-08-25,1159.3,1176.7,1190.7,1155.5,,-1.55,-0.015540081521739135,-0.2033397471137972,1149.3,1186.78,1265.8766666666668,0.18625390554109475,1565.2,-0.2593278814209047
2011-08-26,1176.8,1158.8,1181.2,1135.9,,1.51,0.015095316139049464,-0.1913139087410649,1159.96,1181.0049999999999,1263.6083333333333,0.186127765175496,1565.2,-0.2481472016355738
2011-08-29,1210.1,1177.9,1210.3,1177.9,,2.83,0.028297076818490696,-0.1684304562946658,1177.2199999999998,1177.165,1262.1066666666666,0.18756703934796445,1565.2,-0.2268719652440584
2011-08-30,1212.9,1209.8,1220.1,1195.8,,0.23,0.00231385835881337,-0.16650632215502859,1187.34,1175.1100000000001,1260.885,0.18757434528727426,1565.2,-0.22508305647840532
2011-08-31,1218.9,1213.0,1230.7,1209.3,,0.49,0.004946821667078938,-0.1623831775700918,1195.6,1173.04,1259.7849999999999,0.18536952240101462,1565.2,-0.2212496805520061
2011-09-01,1204.4,1219.1,1229.3,1203.8,,-1.19,-0.011895971777832526,-0.1723474436503557,1204.6200000000001,1173.2549999999999,1258.5316666666668,0.18558722297248365,1565.2,-0.23051367237413745
2011-09-02,1174.0,1203.9,1203.9,1170.6,,-2.52,-0.025240783792759958,-0.19323804288070212,1204.06,1171.985,1256.6150000000002,0.18691446639054551,1565.2,-0.24993611040122665
2011-09-06,1165.2,1174.0,1174.0,1140.1,,-0.75,-0.007495741056217975,-0.199285321605276,1195.0800000000002,1174.27,1254.8516666666667,0.1867032888145305,1565.2,-0.2555583950932788
2011-09-07,1198.6,1165.8,1198.6,1165.8,,2.87,0.028664606934431847,-0.1763331500824612,1192.22,1175.575,1253.6316666666667,0.18874336433183247,1565.2,-0.23421926910299007
2011-09-08,1185.9,1198.0,1204.4,1183.3,,-1.06,-0.010595694977473591,-0.1850604727872439,1185.6200000000001,1178.83,1251.9316666666668,0.18901147711119978,1565.2,-0.24233324814720159
2011-09-09,1154.2,1185.4,1185.4,1148.4,,-2.67,-0.02673075301458816,-0.20684442001099335,1175.58,1177.91,1250.0783333333334,0.19088756875066634,1565.2,-0.262586250958344
2011-09-12,1162.3,1153.5,1162.5,1136.1,,0.7,0.007017847859989601,-0.2012781748213287,1173.24,1177.085,1248.3233333333335,0.190693341512807,1565.2,-0.25741119345770513
2011-09-13,1172.9,1162.6,1176.4,1157.4,,0.91,0.009119848576099265,-0.19399395272127362,1174.78,1175.505,1246.68,0.1908988135927815,1565.2,-0.25063889598773315
2011-09-14,1188.7,1173.3,1202.4,1162.7,,1.35,0.01347088413334463,-0.1831363386476068,1172.8,1175.3000000000002,1245.185,0.19132790342767358,1565.2,-0.24054433938154862
2011-09-15,1209.1,1189.4,1209.1,1189.4,,1.72,0.017161605114831113,-0.16911764705882193,1177.44,1176.06,1243.745,0.19206892782881813,1565.2,-0.22751086123179154
2011-09-16,1216.0,1209.2,1220.1,1204.5,,0.57,0.005706724009594044,-0.1643760307861445,1189.8,1179.825,1242.5600000000002,0.19214285862292496,1565.2,-0.22310247891643242
2011-09-19,1204.1,1215.0,1215.0,1188.4,,-0.98,-0.00978618421052635,-0.17255360087960248,1198.16,1183.855,1241.236666666667,0.19183297960947016,1565.2,-0.2307053411704575
2011-09-20,1202.1,1204.5,1220.4,1201.3,,-0.17,-0.0016609916119924018,-0.17392798240791474,1203.9999999999998,1187.77,1240.13,0.1918220474802457,1565.2,-0.2319831331459239
2011-09-21,1166.8,1203.6,1206.3,1166.2,,-2.94,-0.02936527743116213,-0.1981858163826261,1199.62,1187.9950000000001,1238.2416666666666,0.19403528345295482,1565.2,-0.2545361615129057
2011-09-22,1129.6,1164.5,1164.5,1114.2,,-3.19,-0.031882070620500524,-0.22374931280923416,1183.72,1185.5949999999998,1235.4566666666667,0.19648514105509604,1565.2,-0.2783030922565807
2011-09-23,1136.4,1128.8,1141.7,1121.4,,0.6,0.006019830028328732,-0.21907641561297242,1167.8,1184.45,1232.6066666666666,0.19542633062635553,1565.2,-0.2739585995399949
2011-09-26,1163.0,1136.9,1164.2,1131.1,,2.34,0.02340725096796903,-0.20079714128641935,1159.58,1183.76,1229.98,0.19673351282474794,1565.2,-0.2569639662662919
2011-09-27,1175.4,1163.3,1195.9,1163.3,,1.07,0.010662080825451392,-0.1922759758108833,1154.2400000000002,1182.025,1227.2416666666666,0.19695950641069518,1565.2,-0.24904165601840011
2011-09-28,1151.1,1175.4,1184.7,1150.4,,-2.07,-0.020673813169984845,-0.20897471137987744,1151.1,1178.935,1224.1283333333333,0.19804098033339215,1565.2,-0.264566828520317
2011-09-29,1160.4,1151.7,1175.9,1139.9,,0.81,0.008079228563982355,-0.20258383727322538,1157.2599999999998,1176.0099999999998,1221.1483333333333,0.19817578809957057,1565.2,-0.2586250958343981
2011-09-30,1131.4,1159.9,1159.9,1131.3,,-2.5,-0.02499138228197173,-0.2225123694337532,1156.26,1172.3600000000001,1217.4516666666668,0.19971606580894724,1565.2,-0.27715307947866086
2011-10-03,1099.2,1131.2,1139.0,1098.9,,-2.85,-0.028460314654410457,-0.24463991203958058,1143.5,1168.6200000000001,1213.375,0.20158005972904486,1565.2,-0.29772553028366977
2011-10-04,1124.0,1097.4,1125.1,1074.8,,2.26,0.022561863173216734,-0.22759758108850858,1133.22,1166.56,1210.1166666666666,0.20175689313491685,1565.2,-0.2818809097878866
2011-10-05,1144.0,1124.0,1146.1,1115.7,,1.78,0.017793594306049876,-0.21385376580538595,1131.8,1163.83,1207.29,0.20254287361666623,1565.2,-0.2691029900332226
2011-10-06,1165.0,1144.1,1165.5,1135.0,,1.84,0.018356643356643332,-0.1994227597581072,1132.72,1162.785,1204.745,0.20336315246108402,1565.2,-0.2556861742908255
2011-10-07,1155.5,1165.0,1171.4,1150.3,,-0.82,-0.008154506437768272,-0.20595107201759044,1137.54,1162.85,1202.1883333333333,0.20343997123844296,1565.2,-0.2617556861742908
2011-10-10,1194.9,1158.2,1194.9,1158.2,,3.41,0.034097793163132994,-0.17887575590983873,1156.68,1164.48,1200.1683333333333,0.20626957091307535,1565.2,-0.23658318425760283
2011-10-11,1195.5,1194.6,1199.2,1187.3,,0.05,0.0005021340697966004,-0.17846344145134507,1170.98,1165.6100000000001,1198.3366666666666,0.20623679273282966,1565.2,-0.23619984666496296
2011-10-12,1207.2,1196.2,1220.2,1196.2,,0.98,0.00978670012547056,-0.17042330951071827,1183.6200000000001,1166.5349999999999,1196.3450000000003,0.20634505247879276,1565.2,-0.22872476360848448
2011-10-13,1203.7,1207.0,1207.5,1190.6,,-0.29,-0.0028992710404240896,-0.17282847718526473,1191.3600000000001,1166.2649999999999,1194.3100000000002,0.2063324232670637,1565.2,-0.23096089956555077
2011-10-14,1224.6,1205.7,1224.6,1205.7,,1.74,0.017363130348093225,-0.15846619021440167,1205.18,1166.6950000000002,1192.3233333333333,0.20703850051660302,1565.2,-0.21760797342192695
2011-10-17,1200.9,1224.5,1224.5,1198.5,,-1.94,-0.01935325820676126,-0.17475261132490183,1206.3799999999999,1166.535,1189.9216666666666,0.2078432734077841,1565.2,-0.23274980833120362
2011-10-18,1225.4,1200.8,1233.1,1191.5,,2.04,0.020401365642434888,-0.1579164376030766,1212.3600000000001,1167.7,1188.055,0.20820289908396922,1565.2,-0.21709685663174028
2011-10-19,1209.9,1223.5,1229.6,1206.3,,-1.26,-0.012648930961318805,-0.16856789444749665,1212.9,1169.855,1186.0216666666668,0.20834685617865595,1565.2,-0.22699974444160487
2011-10-20,1215.4,1211.1,1219.5,1197.3,,0.45,0.004545830233903647,-0.16478834524463792,1215.2400000000002,1174.145,1184.53,0.2083863616043466,1565.2,-0.2234858165090723
2011-10-21,1238.2,1215.4,1239.0,1215.4,,1.88,0.01875925621194674,-0.14912039582187808,1217.96,1179.2350000000001,1183.4883333333335,0.20920037971823421,1565.2,-0.2089189879887554
2011-10-24,1254.2,1238.7,1256.5,1238.7,,1.29,0.012921983524470937,-0.1381253435953801,1228.6200000000001,1183.795,1182.8533333333332,0.20957500662496448,1565.2,-0.1986966521850243
2011-10-25,1229.0,1254.2,1254.2,1226.8,,-2.01,-0.020092489236166466,-0.15544255085211456,1229.34,1186.475,1181.888333333333,0.2105657191463867,1565.2,-0.21479683107590086
2011-10-26,1242.0,1229.2,1246.3,1221.1,,1.06,0.01057770545158676,-0.14650907091808474,1235.76,1191.02,1181.688333333333,0.21079986504298448,1565.2,-0.2064911832353693
2011-10-27,1284.6,1244.0,1292.7,1244.0,,3.43,0.034299516908212535,-0.11723474436503356,1249.6,1197.23,1182.0933333333335,0.21352574198115726,1565.2,-0.1792742141579352
2011-10-28,1285.1,1284.4,1287.1,1277.0,,0.04,0.00038922621827808257,-0.1168911489829555,1258.98,1204.915,1183.51,0.2135240891169337,1565.2,-0.17895476616406858
2011-10-31,1253.3,1285.0,1285.0,1253.2,,-2.47,-0.024745156018986858,-0.13874381528312052,1258.8,1212.6200000000001,1184.4083333333333,0.21500084520693957,1565.2,-0.1992716585739842
2011-11-01,1218.3,1251.0,1251.0,1215.4,,-2.79,-0.027926274634963666,-0.16279549202858512,1256.66,1217.335,1186.055,0.21671493642608014,1565.2,-0.2216330181446461
2011-11-02,1237.9,1219.6,1242.5,1219.6,,1.61,0.016087991463514806,-0.14932655305112486,1255.84,1222.03,1187.1450000000002,0.21727082960812064,1565.2,-0.20911065678507534
2011-11-03,1261.2,1238.2,1263.2,1234.8,,1.88,0.018822198885208863,-0.13331500824628695,1251.1599999999999,1226.84,1189.4850000000001,0.21723080776262488,1565.2,-0.19422438027089184
2011-11-04,1253.2,1260.8,1260.8,1238.9,,-0.63,-0.00634316523945444,-0.138812534359536,1244.7800000000002,1231.725,1190.8283333333334,0.2172990480484977,1565.2,-0.19933554817275745
2011-11-07,1261.1,1253.2,1261.7,1240.8,,0.63,0.006303862112990721,-0.13338372732270254,1246.34,1235.0349999999999,1192.2,0.2173727254299505,1565.2,-0.1942882698696653
2011-11-08,1275.9,1261.1,1277.5,1255.0,,1.17,0.011735786218380895,-0.12321330401319164,1257.8600000000001,1239.0549999999998,1193.3899999999999,0.2175193215541787,1565.2,-0.18483260925121392
2011-11-09,1229.1,1275.2,1275.2,1226.6,,-3.67,-0.03667999059487437,-0.15537383177569875,1256.1,1240.15,1193.9950000000001,0.2205986202415148,1565.2,-0.21473294147712763
2011-11-10,1239.7,1229.6,1246.2,1227.7,,0.86,0.008624196566593634,-0.14808960967564355,1251.8,1241.95,1194.7583333333334,0.22071725350613886,1565.2,-0.20796064400715564
2011-11-11,1263.8,1240.1,1267.0,1240.1,,1.94,0.019440187142050425,-0.1315283122594808,1253.9199999999998,1243.9099999999999,1196.8100000000002,0.22122576972870225,1565.2,-0.19256325070278568
2011-11-14,1251.8,1263.8,1263.8,1246.7,,-0.95,-0.009495173286912517,-0.13977460142935438,1252.06,1246.4550000000002,1198.9483333333333,0.22143808045394514,1565.2,-0.20023000255558399
2011-11-15,1257.8,1251.7,1264.2,1244.3,,0.48,0.004793097938967872,-0.1356514568444176,1248.44,1248.075,1201.1816666666666,0.2208585507312832,1565.2,-0.19639662662918478
2011-11-16,1236.9,1257.8,1259.6,1235.7,,-1.66,-0.016616314199395688,-0.15001374381528065,1250.0,1249.425,1202.425,0.2215097439486478,1565.2,-0.2097495527728086
2011-11-17,1216.1,1236.6,1237.7,1209.4,,-1.68,-0.016816234133721575,-0.16430731170972834,1245.28,1249.46,1203.0666666666666,0.22164894278535358,1565.2,-0.22303858931765919
2011-11-18,1215.7,1216.2,1223.5,1211.4,,-0.03,-0.000328920319052628,-0.1645821880153907,1235.66,1248.335,1204.0066666666667,0.22163695661991994,1565.2,-0.22329414771275236
2011-11-21,1193.0,1215.6,1215.6,1183.2,,-1.87,-0.018672369828082624,-0.18018141836173496,1223.9,1245.275,1204.2766666666664,0.22242855308270043,1565.2,-0.237797086634296
2011-11-22,1188.0,1193.0,1196.8,1181.7,,-0.42,-0.00419111483654655,-0.18361737218251561,1209.94,1243.225,1203.9083333333333,0.22200315489266115,1565.2,-0.24099156657296195
2011-11-23,1161.8,1187.5,1187.5,1161.8,,-2.21,-0.022053872053872103,-0.20162177020340633,1194.92,1239.215,1203.0566666666666,0.22260788781047045,1565.2,-0.25773064145157176
2011-11-25,1158.7,1161.4,1172.7,1158.7,,-0.27,-0.002668273368910179,-0.2037520615722902,1183.44,1232.92,1202.0533333333333,0.22249983799186143,1565.2,-0.25971121901354455
2011-11-28,1192.5,1158.7,1197.3,1158.7,,2.92,0.029170622249072187,-0.18052501374381302,1178.8,1228.2900000000002,1201.8549999999998,0.22439984907970612,1565.2,-0.2381165346281625
2011-11-29,1195.2,1192.6,1203.7,1191.8,,0.23,0.0022641509433962703,-0.1786695986805914,1179.24,1225.3849999999998,1202.2083333333333,0.22432182381595983,1565.2,-0.2363915154612829
2011-11-30,1247.0,1196.7,1247.1,1196.7,,4.33,0.043340026773761586,-0.14307311709730386,1191.04,1226.82,1203.5716666666667,0.22743268100347777,1565.2,-0.20329670329670335
2011-12-01,1244.6,1246.9,1251.1,1239.7,,-0.19,-0.0019246190858059897,-0.1447223749312786,1207.6,1227.1550000000002,1204.3383333333334,0.22709411379500352,1565.2,-0.20483005366726303
2011-12-02,1244.3,1246.0,1260.1,1243.3,,-0.02,-0.00024104129840907262,-0.14492853216052537,1224.72,1226.31,1205.3116666666667,0.22708123517092502,1565.2,-0.20502172246358297
2011-12-05,1257.1,1244.3,1266.7,1244.3,,1.03,0.010286908301856412,-0.13613249037932695,1237.6399999999999,1226.5049999999999,1207.0266666666669,0.22730162673788573,1565.2,-0.1968438538205981
2011-12-06,1258.5,1257.2,1266.0,1253.0,,0.11,0.001113674329806802,-0.13517042330950824,1250.3,1226.375,1208.63,0.22730313434718194,1565.2,-0.19594939943777157
2011-12-07,1261.0,1258.1,1267.1,1244.8,,0.2,0.0019864918553833544,-0.1334524463991179,1253.1,1225.6299999999999,1210.0983333333336,0.2272835578179397,1565.2,-0.19435215946843853
2011-12-08,1234.3,1260.9,1260.9,1231.5,,-2.12,-0.021173671689135642,-0.15180043980208668,1251.04,1225.89,1210.8583333333333,0.22825669936556472,1565.2,-0.21141068234091498
2011-12-09,1255.2,1234.5,1258.2,1234.5,,1.69,0.01693267439034285,-0.1374381528312234,1253.2199999999998,1226.665,1211.6266666666668,0.22880117242222733,1565.2,-0.19805775619729105
2011-12-12,1236.5,1255.0,1255.0,1227.2,,-1.49,-0.014898024219248018,-0.15028862012094313,1249.1,1225.3,1211.9683333333335,0.22929556075231372,1565.2,-0.21000511116790188
2011-12-13,1225.7,1236.8,1249.9,1219.4,,-0.87,-0.008734330772341203,-0.15771028037382928,1242.54,1223.995,1212.3283333333334,0.22946384897169989,1565.2,-0.21690518783542034
2011-12-14,1211.8,1225.7,1225.7,1209.5,,-1.13,-0.011340458513502516,-0.16726223199559953,1232.7,1221.695,1212.4900000000002,0.22968807382749157,1565.2,-0.22578584206491192
2011-12-15,1215.8,1212.1,1225.6,1212.1,,0.33,0.00330087473180396,-0.164513468938975,1229.0,1220.64,1213.3066666666666,0.22962724362727752,1565.2,-0.22323025811397912
2011-12-16,1219.7,1216.1,1231.0,1215.2,,0.32,0.0032077644349399748,-0.16183342495876607,1221.9,1220.82,1214.8083333333334,0.22964809096281033,1565.2,-0.22073856376181955
2011-12-19,1205.3,1219.7,1224.6,1202.4,,-1.18,-0.011806181847995534,-0.1717289719626145,1215.66,1220.3,1215.9566666666665,0.22993801715374468,1565.2,-0.22993866598517765
2011-12-20,1241.3,1205.7,1242.8,1205.7,,2.99,0.029868082635028603,-0.14699010445299376,1218.78,1222.715,1217.2616666666665,0.2317973691397664,1565.2,-0.20693841042678263
2011-12-21,1243.7,1241.2,1245.1,1229.5,,0.19,0.0019334568597439983,-0.14534084661901892,1225.16,1225.5,1218.4,0.231781571097409,1565.2,-0.20540506005622283
2011-12-22,1254.0,1243.7,1255.2,1243.7,,0.83,0.008281739969445923,-0.13826278174821083,1232.8,1230.1100000000001,1220.115,0.23192125828867344,1565.2,-0.1988244313825709
2011-12-23,1265.3,1254.0,1265.4,1254.0,,0.9,0.009011164274322025,-0.1304975261132466,1241.92,1235.44,1221.8633333333335,0.23209208526271266,1565.2,-0.1916049067211858
2011-12-27,1265.4,1265.0,1269.4,1262.3,,0.01,7.903264048070291e-05,-0.1304288070368308,1253.94,1239.0849999999998,1224.0966666666668,0.23209113390238958,1565.2,-0.19154101712241245
2011-12-28,1249.6,1265.4,1265.8,1248.6,,-1.25,-0.01248617038090738,-0.14128642111049783,1255.6,1241.805,1226.6033333333332,0.23243173721605795,1565.2,-0.20163557372859708
2011-12-29,1263.0,1249.8,1263.5,1249.8,,1.07,0.010723431498079528,-0.13207806487080553,1259.4599999999998,1242.605,1228.9199999999998,0.23266981142524157,1565.2,-0.19307436749297213
2011-12-30,1257.6,1262.8,1264.1,1257.5,,-0.43,-0.004275534441805284,-0.13578889499724867,1260.1799999999998,1243.2549999999999,1230.8133333333333,0.23271113737037713,1565.2,-0.19652440582673147
2012-01-03,1277.1,1258.9,1284.6,1258.9,,1.55,0.015505725190839703,-0.1223886750962041,1262.5400000000002,1244.895,1232.6816666666666,0.23294867773739533,1565.2,-0.1840659340659342
2012-01-04,1277.3,1277.0,1278.7,1268.1,,0.02,0.0001566048077676907,-0.12225123694337281,1264.9199999999998,1245.9050000000002,1234.7116666666666,0.2329440643245414,1565.2,-0.1839381548683875
2012-01-05,1281.1,1277.3,1283.0,1265.3,,0.3,0.0029750254442966195,-0.11963991203957947,1271.22,1247.035,1236.1483333333335,0.2329095441754461,1565.2,-0.18151035011500138
2012-01-06,1277.8,1280.9,1281.8,1273.3,,-0.26,-0.00257591132620405,-0.12190764156129474,1274.1799999999998,1247.875,1237.5200000000002,0.2329136761714962,1565.2,-0.18361870687452087
2012-01-09,1280.7,1277.8,1282.0,1274.5,,0.23,0.002269525747378376,-0.11991478834524194,1278.8,1250.195,1238.745,0.2329154983957622,1565.2,-0.18176590851009455
2012-01-10,1292.1,1280.8,1296.5,1280.8,,0.89,0.008901382056687668,-0.11208081363386213,1281.7999999999997,1252.04,1240.2183333333332,0.23307544957310009,1565.2,-0.17448249424993623
2012-01-11,1292.5,1292.0,1293.8,1285.4,,0.03,0.00030957356241789746,-0.11180593732819955,1284.84,1254.84,1241.35,0.23304863411170293,1565.2,-0.17422693585484283
2012-01-12,1295.5,1292.5,1296.8,1285.8,,0.23,0.002321083172146965,-0.10974436503573115,1287.7199999999998,1258.33,1242.9266666666665,0.23288914568025093,1565.2,-0.1723102478916433
2012-01-13,1289.1,1294.8,1294.8,1277.6,,-0.49,-0.004940177537630319,-0.11414238592633041,1289.98,1262.1950000000002,1243.9883333333335,0.23293725451098785,1565.2,-0.17639918221313577
2012-01-17,1293.7,1290.2,1303.0,1290.2,,0.36,0.003568381041036517,-0.11098130841121212,1292.58,1266.09,1245.3849999999998,0.23285102980140984,1565.2,-0.173460260669563
2012-01-18,1308.0,1293.7,1308.1,1291.0,,1.11,0.011053567287624633,-0.1011544804837794,1295.76,1270.505,1246.9283333333333,0.23310477337680563,1565.2,-0.16432404804497835
2012-01-19,1314.5,1308.1,1315.5,1308.1,,0.5,0.00496941896024472,-0.09668774051676443,1300.16,1275.965,1248.2,0.23292598933906844,1565.2,-0.16017122412471252
2012-01-20,1315.4,1314.5,1315.4,1309.2,,0.07,0.0006846709775580884,-0.09606926882902389,1304.14,1279.6699999999998,1249.2200000000003,0.23292188259112467,1565.2,-0.1595962177357526
2012-01-23,1316.0,1315.3,1322.3,1309.9,,0.05,0.0004561350159646427,-0.09565695437053023,1309.52,1283.2849999999999,1250.6700000000003,0.23291221616173502,1565.2,-0.15921288014311274
2012-01-24,1314.7,1316.0,1316.0,1306.1,,-0.1,-0.00098784194528867,-0.09655030236393314,1313.72,1286.32,1251.881666666667,0.2328464074953977,1565.2,-0.16004344492716582
2012-01-25,1326.0,1314.4,1328.3,1307.7,,0.86,0.008595116756674459,-0.08878504672896892,1317.3200000000002,1289.355,1252.5716666666667,0.23299838649038346,1565.2,-0.15282392026578073
2012-01-26,1318.4,1326.3,1333.5,1313.6,,-0.57,-0.005731523378582182,-0.0940076965365555,1318.1,1292.005,1253.1266666666666,0.23303974767635047,1565.2,-0.15767952977255295
2012-01-27,1316.3,1318.2,1320.1,1311.7,,-0.16,-0.0015928398058253634,-0.09545079714128346,1318.2800000000002,1295.34,1254.1766666666667,0.2330371819965401,1565.2,-0.1590212113467928
2012-01-30,1313.0,1316.2,1316.2,1300.5,,-0.25,-0.0025070272734178944,-0.09771852666299863,1317.6799999999998,1297.84,1255.755,0.23235061296767984,1565.2,-0.1611295681063123
2012-01-31,1312.4,1313.5,1321.4,1306.7,,-0.05,-0.0004569687738004147,-0.09813084112149228,1317.22,1300.58,1256.9966666666664,0.2322308085424188,1565.2,-0.16151290569895216
2012-02-01,1324.1,1312.5,1330.5,1312.5,,0.89,0.008914964949710225,-0.0900907091808657,1316.84,1302.93,1258.0449999999998,0.2318039182910631,1565.2,-0.1540378226424739
2012-02-02,1325.5,1324.2,1329.2,1321.6,,0.11,0.0010573219545351176,-0.08912864211104721,1318.26,1305.34,1259.25,0.23178721755698228,1565.2,-0.15314336825964736
2012-02-03,1344.9,1326.2,1345.3,1326.2,,1.46,0.014635986420218794,-0.07579714128641823,1323.98,1308.53,1260.6466666666665,0.23222808663382033,1565.2,-0.1407487860976233
2012-02-06,1344.3,1344.3,1344.4,1337.5,,-0.04,-0.00044612982377878474,-0.076209455744912,1330.24,1311.855,1261.7866666666666,0.23221334250693837,1565.2,-0.1411321236902633
2012-02-07,1347.0,1344.3,1349.2,1335.9,,0.2,0.0020084802499442667,-0.07435404068169038,1337.1599999999999,1315.17,1263.7516666666666,0.23214309828063304,1565.2,-0.13940710452338367
2012-02-08,1350.0,1347.0,1351.0,1342.0,,0.22,0.00222717149220486,-0.07229246838922199,1342.34,1318.065,1265.59,0.23211647093439838,1565.2,-0.13749041656018401
2012-02-09,1352.0,1350.0,1354.3,1344.6,,0.15,0.001481481481481417,-0.07091808686090983,1347.6399999999999,1321.0400000000002,1267.06,0.2321008146432725,1565.2,-0.1362126245847176
2012-02-10,1342.6,1351.2,1351.2,1337.3,,-0.7,-0.006952662721893543,-0.07737768004397749,1347.1799999999998,1323.395,1268.5733333333335,0.23221023509588848,1565.2,-0.14221824686940976
2012-02-13,1351.8,1343.1,1353.3,1343.1,,0.69,0.006852375986891035,-0.07105552501374113,1348.6799999999998,1326.53,1270.14,0.23224482756519055,1565.2,-0.1363404037822643
2012-02-14,1350.5,1351.3,1351.3,1340.8,,-0.1,-0.0009616807220003132,-0.07194887300714414,1349.3799999999999,1329.37,1272.0333333333333,0.23223745381706232,1565.2,-0.13717096856631739
2012-02-15,1343.2,1350.5,1355.9,1340.8,,-0.54,-0.00540540540540535,-0.07696536558548384,1348.02,1331.1299999999999,1274.1516666666669,0.2322795649227946,1565.2,-0.14183490927676978
2012-02-16,1358.0,1342.6,1359.0,1341.2,,1.1,0.011018463371054166,-0.06679494227597316,1349.22,1333.3049999999998,1276.5233333333335,0.232454124219792,1565.2,-0.1323792486583184
2012-02-17,1361.2,1358.1,1363.4,1357.2,,0.24,0.002356406480117812,-0.06459593183067358,1352.94,1335.595,1279.3266666666668,0.23244630797527283,1565.2,-0.13033478149757216
2012-02-21,1362.2,1361.2,1367.8,1358.1,,0.07,0.0007346459006758455,-0.06390874106651745,1355.02,1337.9050000000002,1282.23,0.2324402117838967,1565.2,-0.12969588550983902
2012-02-22,1357.7,1362.1,1362.7,1355.5,,-0.33,-0.0033034796652473553,-0.06700109950522004,1356.4600000000003,1340.0549999999998,1285.495,0.23153516294391976,1565.2,-0.13257091745463834
2012-02-23,1363.5,1357.5,1364.2,1352.3,,0.43,0.004271930470648888,-0.06301539307311443,1360.52,1341.9299999999998,1288.9083333333333,0.23148319004858994,1565.2,-0.12886532072578583
2012-02-24,1365.7,1363.5,1368.9,1363.5,,0.16,0.0016134946828016972,-0.06150357339197088,1362.06,1344.2949999999998,1291.7950000000003,0.23148354400024232,1565.2,-0.12745974955277284
2012-02-27,1367.6,1365.2,1371.9,1354.9,,0.14,0.0013912279417147566,-0.06019791094007432,1363.34,1346.8600000000001,1294.6683333333333,0.23125609164033686,1565.2,-0.12624584717607978
2012-02-28,1372.2,1367.6,1373.1,1366.0,,0.34,0.00336355659549592,-0.05703683342495591,1365.3400000000001,1349.8200000000002,1296.7549999999999,0.2312165307849576,1565.2,-0.123306925632507
2012-02-29,1365.7,1372.2,1378.0,1363.8,,-0.47,-0.004736918816499069,-0.06150357339197077,1366.94,1352.485,1298.7733333333335,0.23071386448262038,1565.2,-0.12745974955277284
2012-03-01,1374.1,1365.9,1376.2,1365.9,,0.62,0.006150691952844678,-0.05573117097305924,1369.06,1354.9850000000001,1300.9366666666667,0.23078478781553458,1565.2,-0.12209302325581406
2012-03-02,1369.6,1374.1,1374.5,1366.4,,-0.33,-0.0032748708245396996,-0.05882352941176183,1369.84,1357.19,1302.8116666666667,0.23018154402863636,1565.2,-0.12496805520061338
2012-03-05,1364.3,1369.6,1369.6,1359.1,,-0.39,-0.0038697429906541236,-0.06246564046178926,1369.1799999999998,1358.16,1304.575,0.23009251964018762,1565.2,-0.12835420393559938
2012-03-06,1343.4,1363.6,1363.6,1340.0,,-1.53,-0.015319211317158854,-0.07682792743265232,1363.4199999999998,1358.115,1305.9483333333333,0.2304568376246973,1565.2,-0.1417071300792231
2012-03-07,1352.6,1343.4,1354.8,1343.4,,0.68,0.006848295369956681,-0.07050577240241607,1360.8,1358.395,1307.9200000000003,0.2303870795181958,1565.2,-0.13582928699207775
2012-03-08,1365.9,1352.7,1368.7,1352.7,,0.98,0.00983291438710654,-0.06136613523913925,1359.16,1359.19,1309.7649999999999,0.23058294249805622,1565.2,-0.12733197035522614
2012-03-09,1370.9,1366.0,1374.8,1366.0,,0.37,0.003660590087122051,-0.057930181418358595,1359.42,1360.1349999999998,1312.0049999999999,0.2298080978396237,1565.2,-0.12413749041656019
2012-03-12,1371.1,1370.8,1373.0,1366.7,,0.01,0.00014588956160177524,-0.05779274326552741,1360.7800000000002,1361.56,1314.4283333333333,0.22970752136101047,1565.2,-0.12400971121901361
2012-03-13,1396.0,1371.9,1396.1,1371.9,,1.82,0.018160600977317642,-0.04068169323803961,1371.3,1363.77,1317.4983333333332,0.2303101497575316,1565.2,-0.10810120112445698
2012-03-14,1394.3,1396.0,1399.4,1390.0,,-0.12,-0.0012177650429799902,-0.0418499175371051,1379.6399999999999,1365.96,1320.4733333333336,0.23002233076235828,1565.2,-0.10918732430360345
2012-03-15,1402.6,1394.2,1402.6,1392.8,,0.6,0.00595280786057506,-0.036146234194609383,1386.98,1368.9299999999998,1323.5216666666665,0.22921385993402882,1565.2,-0.10388448760541791
2012-03-16,1404.2,1402.5,1405.9,1401.5,,0.11,0.001140738628261806,-0.035046728971959595,1393.64,1371.24,1326.8366666666668,0.22885275679953085,1565.2,-0.10286225402504467
2012-03-19,1409.8,1404.2,1414.0,1402.4,,0.4,0.003988035892322994,-0.03119846069268528,1401.3799999999999,1373.6699999999998,1329.645,0.22884745281776578,1565.2,-0.09928443649373886
2012-03-20,1405.5,1409.6,1409.6,1397.7,,-0.31,-0.0030500780252518123,-0.03415338097855669,1403.28,1375.8349999999998,1332.3416666666667,0.22840923883386652,1565.2,-0.1020316892409916
2012-03-21,1402.9,1405.5,1407.8,1400.6,,-0.18,-0.0018498754891497216,-0.03594007696536261,1405.0,1378.095,1334.8233333333335,0.22838603632497148,1565.2,-0.10369281880909786
2012-03-22,1392.8,1402.9,1402.9,1388.7,,-0.72,-0.007199372727920816,-0.04288070368333963,1403.0400000000002,1379.56,1336.9483333333335,0.22849986136315145,1565.2,-0.11014566828520322
2012-03-23,1397.1,1392.8,1399.2,1386.9,,0.31,0.003087306145893143,-0.03992578339746833,1401.62,1381.13,1339.1433333333332,0.22833684731429194,1565.2,-0.10739841553795049
2012-03-26,1416.5,1397.1,1416.6,1397.1,,1.39,0.013885906520650027,-0.026594282572839245,1402.96,1383.575,1341.925,0.2287208564315595,1565.2,-0.09500383337592644
2012-03-27,1412.5,1416.5,1419.2,1412.0,,-0.28,-0.002823861630780078,-0.02934304562946377,1404.3600000000001,1385.5900000000001,1344.4166666666667,0.22872202665885769,1565.2,-0.09755941732685924
2012-03-28,1405.5,1412.5,1413.7,1397.2,,-0.5,-0.004955752212389419,-0.03415338097855669,1404.8799999999999,1387.5800000000002,1346.8816666666667,0.22868760967803145,1565.2,-0.1020316892409916
2012-03-29,1403.3,1405.4,1405.4,1391.6,,-0.16,-0.00156527926004979,-0.035665200659700136,1406.98,1389.04,1348.9850000000001,0.22860543275625844,1565.2,-0.1034372604140047
2012-03-30,1408.5,1403.3,1410.9,1401.4,,0.37,0.0037055512007411195,-0.032091808686088186,1409.26,1390.9850000000001,1351.1716666666666,0.2286196385316225,1565.2,-0.10011500127779205
2012-04-02,1419.0,1408.5,1422.4,1404.5,,0.75,0.007454739084131967,-0.024876305662448917,1409.76,1393.72,1353.47,0.2286834461352766,1565.2,-0.09340659340659341
2012-04-03,1413.4,1419.0,1419.0,1404.6,,-0.39,-0.003946441155743385,-0.02872457394172312,1409.94,1397.2199999999998,1355.7299999999998,0.22872387022715224,1565.2,-0.09698441093789922
2012-04-04,1399.0,1413.1,1413.1,1394.1,,-1.02,-0.010188198669874082,-0.038620120945571434,1408.6399999999999,1399.54,1357.7016666666666,0.22896530073151503,1565.2,-0.10618451316125732
2012-04-05,1398.1,1398.8,1401.6,1392.9,,-0.06,-0.0006433166547534785,-0.039238592633312086,1407.6,1401.15,1359.4683333333335,0.22895942826322094,1565.2,-0.10675951955021734
2012-04-09,1382.2,1397.5,1397.5,1378.2,,-1.14,-0.011372577068879064,-0.05016492578339449,1402.34,1401.715,1360.9633333333334,0.22924942442218696,1565.2,-0.1169179657551751
2012-04-10,1358.6,1382.2,1383.0,1357.4,,-1.71,-0.017074229489220216,-0.06638262781747928,1390.2599999999998,1401.09,1362.015,0.22986503532031735,1565.2,-0.13199591106567854
2012-04-11,1368.7,1359.0,1374.7,1359.0,,0.74,0.0074341233622847724,-0.05944200109950226,1381.3200000000002,1399.725,1363.3416666666667,0.22995916668239133,1565.2,-0.12554306158957318
2012-04-12,1387.6,1368.8,1388.1,1368.8,,1.38,0.013808723606341777,-0.046454095656951355,1379.04,1399.3899999999999,1364.9066666666668,0.23021705290722821,1565.2,-0.11346792742141587
2012-04-13,1370.3,1387.6,1387.6,1369.8,,-1.25,-0.012467569904871634,-0.05834249587685236,1373.48,1397.775,1365.945,0.23057195157641833,1565.2,-0.12452082800920017
2012-04-16,1369.6,1370.3,1379.7,1365.4,,-0.05,-0.0005108370429832698,-0.05882352941176161,1370.9599999999998,1396.045,1366.8633333333335,0.23057319624768008,1565.2,-0.12496805520061338
2012-04-17,1390.8,1369.6,1392.8,1369.6,,1.55,0.015478971962616939,-0.04425508521165156,1377.3999999999999,1395.095,1368.12,0.23104566502866888,1565.2,-0.11142346026066963
2012-04-18,1385.1,1390.8,1390.8,1383.3,,-0.41,-0.004098360655737765,-0.04817207256734157,1380.6799999999998,1394.075,1369.2716666666665,0.23080618485661883,1565.2,-0.1150651673907489
2012-04-19,1376.9,1385.1,1390.5,1370.3,,-0.59,-0.005920150169662741,-0.053807036833421806,1378.54,1392.775,1370.3083333333334,0.23082675976629502,1565.2,-0.12030411449016098
2012-04-20,1378.5,1377.0,1387.4,1377.0,,0.12,0.0011620306485582432,-0.05270753161077213,1380.1799999999998,1392.06,1371.1833333333334,0.23044405979928684,1565.2,-0.11928188090978786
2012-04-23,1366.9,1378.5,1378.5,1358.8,,-0.84,-0.008414943779470385,-0.06067894447498323,1379.6399999999999,1390.55,1371.9916666666666,0.23055104390609188,1565.2,-0.12669307436749289
2012-04-24,1372.0,1367.0,1375.6,1366.8,,0.37,0.0037310703050696947,-0.057174271577787095,1375.88,1388.325,1372.9199999999998,0.23057071531212184,1565.2,-0.1234347048300537
2012-04-25,1390.7,1372.1,1391.4,1372.1,,1.36,0.013629737609329506,-0.04432380428806737,1377.0,1387.235,1374.215,0.23079470071996866,1565.2,-0.11148734985944286
2012-04-26,1400.0,1390.6,1402.1,1387.3,,0.67,0.006687279787157552,-0.0379329301814153,1381.6200000000001,1386.9599999999998,1375.675,0.23080500072996663,1565.2,-0.10554561717352418
2012-04-27,1403.4,1400.2,1406.6,1397.3,,0.24,0.0024285714285714466,-0.035596481583284434,1386.6,1386.965,1376.9966666666667,0.23079168114445414,1565.2,-0.10337337081523124
2012-04-30,1397.9,1403.3,1403.3,1394.0,,-0.39,-0.00391905372666379,-0.03937603078614316,1392.8,1386.435,1378.2033333333334,0.23081963423828014,1565.2,-0.10688729874776381
2012-05-01,1405.8,1397.9,1415.3,1395.7,,0.57,0.00565133414407315,-0.03394722374930981,1399.56,1385.775,1379.2183333333335,0.23087528794272907,1565.2,-0.10184002044467166
2012-05-02,1402.3,1405.5,1405.5,1393.9,,-0.25,-0.002489685588277113,-0.03635239142385627,1401.8799999999999,1385.22,1380.1850000000002,0.23086302310797385,1565.2,-0.10407615640173784
2012-05-03,1391.6,1402.3,1403.1,1388.7,,-0.76,-0.0076303216144905095,-0.04370533260032694,1400.2,1384.85,1380.9283333333333,0.23088822543117354,1565.2,-0.11091234347048307
2012-05-04,1369.1,1391.5,1391.5,1368.0,,-1.62,-0.01616843920666855,-0.0591671247938399,1393.3400000000001,1383.4,1381.2466666666667,0.2312847892363484,1565.2,-0.12528750319448
2012-05-07,1369.6,1368.8,1373.9,1363.9,,0.04,0.00036520341830392766,-0.05882352941176194,1387.6799999999998,1382.77,1381.5400000000002,0.2312563919971787,1565.2,-0.12496805520061338
2012-05-08,1363.7,1369.2,1369.2,1347.8,,-0.43,-0.004307827102803641,-0.06287795492028303,1379.2599999999998,1383.025,1381.8916666666667,0.23125842346637498,1565.2,-0.12873754152823924
2012-05-09,1354.6,1363.2,1363.7,1343.1,,-0.67,-0.006673021925643563,-0.06913139087410392,1369.72,1382.32,1381.938333333333,0.23122098631766513,1565.2,-0.13455149501661134
2012-05-10,1358.0,1354.6,1365.9,1354.6,,0.25,0.0025099660416358915,-0.06679494227597305,1363.0,1380.84,1382.063333333333,0.23095833876611543,1565.2,-0.1323792486583184
2012-05-11,1353.4,1358.1,1365.7,1348.9,,-0.34,-0.0033873343151693547,-0.06995601979109123,1359.86,1379.9950000000001,1382.2333333333333,0.23093562807825604,1565.2,-0.13531817020189107
2012-05-14,1338.3,1351.9,1351.9,1336.6,,-1.12,-0.011157085857839588,-0.0803326003298489,1353.6,1378.4299999999998,1381.905,0.23106571652076183,1565.2,-0.1449654996166625
2012-05-15,1330.7,1338.4,1344.9,1328.4,,-0.57,-0.005678846297541562,-0.08555525013743537,1347.0,1375.425,1381.3966666666668,0.23105190548969734,1565.2,-0.14982110912343471
2012-05-16,1324.8,1330.8,1341.8,1324.8,,-0.44,-0.00443375666942214,-0.08960967564595657,1341.04,1372.41,1380.7733333333335,0.23109609340495965,1565.2,-0.15359059545106057
2012-05-17,1304.9,1324.8,1326.4,1304.9,,-1.5,-0.01502113526570037,-0.10328477185266349,1330.42,1368.81,1379.8933333333334,0.23142241400599264,1565.2,-0.16630462560695114
2012-05-18,1295.2,1305.0,1312.2,1292.0,,-0.74,-0.007433519809947109,-0.10995052226497792,1318.7800000000002,1364.645,1378.755,0.2315312620569604,1565.2,-0.17250191668796322
2012-05-21,1316.0,1295.7,1316.4,1295.7,,1.61,0.016059295861643008,-0.09565695437053034,1314.3200000000002,1362.1,1377.9266666666665,0.23196180098253047,1565.2,-0.15921288014311274
2012-05-22,1316.6,1316.1,1328.5,1310.0,,0.05,0.0004559270516717451,-0.09524463991203669,1311.5,1359.33,1377.0766666666668,0.2316500151819102,1565.2,-0.15882954255047288
2012-05-23,1318.9,1316.0,1320.7,1296.5,,0.17,0.0017469238948808474,-0.09366410115447754,1310.3200000000002,1355.7400000000002,1376.1883333333333,0.23165389547620785,1565.2,-0.15736008177868643
2012-05-24,1320.7,1318.7,1324.1,1310.5,,0.14,0.0013647736750321826,-0.09242715777899657,1313.48,1351.775,1375.438333333333,0.23163674516368232,1565.2,-0.15621006900076662
2012-05-25,1317.8,1320.8,1324.2,1314.2,,-0.22,-0.0021958052547892404,-0.09442001099504949,1318.0,1347.4950000000001,1374.5,0.23161611047863667,1565.2,-0.15806286736519304
2012-05-29,1332.4,1318.9,1334.9,1318.9,,1.11,0.01107907117923812,-0.08438702583836999,1321.28,1344.2199999999998,1373.88,0.2318431363915305,1565.2,-0.14873498594428824
2012-05-30,1313.3,1331.2,1331.2,1310.8,,-1.43,-0.014335034524167067,-0.0975123694337523,1320.6200000000001,1339.5949999999998,1373.0299999999997,0.23205162398498091,1565.2,-0.16093789930999236
2012-05-31,1310.3,1313.1,1319.7,1298.9,,-0.23,-0.0022843219371050383,-0.0995739417262207,1318.9,1334.9950000000001,1372.4783333333332,0.23092882389606356,1565.2,-0.16285458727319202
2012-06-01,1278.0,1309.9,1309.9,1277.2,,-2.47,-0.02465084331832401,-0.12177020340846367,1310.3600000000001,1329.315,1371.235,0.23224752613184893,1565.2,-0.18349092767697417
2012-06-04,1278.2,1278.3,1282.5,1266.7,,0.02,0.00015649452269173025,-0.12163276525563238,1302.44,1324.77,1369.7733333333333,0.23204440516152597,1565.2,-0.18336314847942758
2012-06-05,1285.5,1277.8,1287.6,1274.2,,0.57,0.0057111563135658905,-0.11661627267729269,1293.06,1320.565,1368.35,0.23185895208206994,1565.2,-0.1786992077689752
2012-06-06,1315.1,1285.6,1315.1,1285.6,,2.3,0.023026059898871853,-0.09627542605827133,1293.42,1318.135,1367.4166666666667,0.2329860782417594,1565.2,-0.15978788653207265
2012-06-07,1315.0,1316.2,1329.0,1312.7,,-0.01,-7.603984487869475e-05,-0.09634414513468692,1294.36,1316.1550000000002,1366.0666666666666,0.23294580015398925,1565.2,-0.1598517761308459
2012-06-08,1325.7,1315.0,1325.8,1307.8,,0.81,0.008136882129277545,-0.08899120395821636,1303.9,1314.5400000000002,1364.9233333333332,0.2329714437187634,1565.2,-0.15301558906210067
2012-06-11,1308.9,1325.7,1335.5,1307.7,,-1.27,-0.012672550350758094,-0.10053600879603941,1310.04,1312.315,1363.361666666667,0.23289605616167908,1565.2,-0.16374904165601833
2012-06-12,1324.2,1309.4,1324.3,1306.6,,1.17,0.011689204675681797,-0.09002199010445067,1317.78,1311.6100000000001,1362.0283333333332,0.23317780715666706,1565.2,-0.15397393304370044
2012-06-13,1314.9,1324.0,1327.3,1310.5,,-0.7,-0.007023108291798752,-0.09641286421110262,1317.74,1310.8200000000002,1360.4466666666667,0.23295830020208894,1565.2,-0.15991566572961924
2012-06-14,1329.1,1314.9,1333.7,1314.1,,1.08,0.010799300327021033,-0.0866547553600856,1320.5600000000002,1311.035,1359.1733333333334,0.23252152763349918,1565.2,-0.15084334270380795
2012-06-15,1342.8,1329.2,1343.3,1329.2,,1.03,0.010307727033330938,-0.07724024189114653,1323.98,1312.9299999999998,1358.1716666666666,0.23273247745097023,1565.2,-0.14209046767186306
2012-06-18,1344.8,1342.4,1348.2,1334.5,,0.15,0.0014894250819184052,-0.07586586036283427,1331.16,1315.4099999999999,1357.3716666666664,0.23271912501863798,1565.2,-0.14081267569639666
2012-06-19,1358.0,1344.8,1363.5,1344.8,,0.98,0.009815585960737616,-0.06679494227597338,1337.92,1317.5099999999998,1356.72,0.23285697432565006,1565.2,-0.1323792486583184
2012-06-20,1355.7,1358.0,1361.6,1346.5,,-0.17,-0.0016936671575846773,-0.06837548103353253,1346.08,1319.465,1355.7066666666667,0.23249779162883177,1565.2,-0.13384870943010474
2012-06-21,1325.5,1355.4,1358.3,1324.4,,-2.23,-0.02227631481891279,-0.08912864211104776,1345.36,1319.7949999999998,1354.256666666667,0.23349378800072715,1565.2,-0.15314336825964736
2012-06-22,1335.0,1325.9,1337.8,1325.9,,0.72,0.007167106752169028,-0.08260032985156451,1343.8,1320.51,1353.0816666666667,0.23357690861291552,1565.2,-0.14707385637618198
2012-06-25,1313.7,1334.9,1334.9,1309.3,,-1.6,-0.015955056179775218,-0.09723749312809005,1337.58,1320.3049999999998,1351.5883333333334,0.2338350240477627,1565.2,-0.16068234091489908
2012-06-26,1320.0,1314.1,1324.2,1310.3,,0.48,0.004795615437314327,-0.09290819131390649,1329.98,1319.685,1350.1133333333335,0.23370929761244907,1565.2,-0.15665729619217994
2012-06-27,1331.8,1320.7,1334.4,1320.7,,0.89,0.008939393939393803,-0.08479934029686431,1325.2,1320.6100000000001,1348.66,0.2335235153739812,1565.2,-0.14911832353692822
2012-06-28,1329.0,1331.5,1331.5,1313.3,,-0.21,-0.0021024177804475075,-0.08672347443650152,1325.9,1321.5449999999998,1347.2533333333336,0.23339523278029475,1565.2,-0.15090723230258118
2012-06-29,1362.2,1330.1,1362.2,1330.1,,2.5,0.024981188863807402,-0.0639087410665179,1331.3400000000001,1325.7549999999999,1346.64,0.23450262347701595,1565.2,-0.12969588550983902
2012-07-02,1365.5,1362.3,1366.3,1355.7,,0.24,0.002422551754514668,-0.061641011544802726,1341.7,1330.1200000000001,1346.0966666666668,0.23407775130673397,1565.2,-0.12758752875031942
2012-07-03,1374.0,1365.8,1374.8,1363.5,,0.62,0.006224826071036249,-0.05579989004947561,1352.5,1334.545,1345.96,0.2341504925506784,1565.2,-0.1221569128545873
2012-07-05,1367.6,1373.7,1373.8,1363.0,,-0.47,-0.004657933042212625,-0.06019791094007498,1359.66,1337.1699999999998,1346.11,0.23419988472517625,1565.2,-0.12624584717607978
2012-07-06,1354.7,1367.1,1367.1,1348.0,,-0.94,-0.009432582626498931,-0.06906267179768899,1364.8,1339.155,1345.8766666666668,0.23416935854693494,1565.2,-0.134487605417838
2012-07-09,1352.5,1354.7,1354.9,1346.7,,-0.16,-0.0016239757879973338,-0.07057449147883244,1362.86,1340.495,1345.2916666666667,0.2340687238987744,1565.2,-0.13589317659085098
2012-07-10,1341.5,1353.0,1361.5,1336.3,,-0.81,-0.008133086876155216,-0.07813358988454988,1358.06,1342.125,1344.811666666667,0.23350203561628474,1565.2,-0.14292103245591625
2012-07-11,1341.5,1341.4,1345.0,1333.2,,0.0,0.0,-0.07813358988454988,1351.56,1342.99,1344.3433333333335,0.23345553640684516,1565.2,-0.14292103245591625
2012-07-12,1334.8,1341.3,1341.3,1325.4,,-0.5,-0.004994409243384346,-0.08273776800439603,1345.0,1343.985,1343.4099999999999,0.2334943455581891,1565.2,-0.14720163557372867
2012-07-13,1356.8,1334.8,1357.7,1334.8,,1.65,0.016481869943062666,-0.06761957119296114,1345.42,1345.3700000000001,1342.9383333333333,0.23396157568781506,1565.2,-0.13314592384359836
2012-07-16,1353.6,1356.5,1357.3,1348.5,,-0.24,-0.002358490566037763,-0.06981858163826082,1345.6399999999999,1345.91,1342.55,0.23391653025173978,1565.2,-0.1351903910043446
2012-07-17,1363.7,1353.7,1365.4,1345.1,,0.75,0.007461583924349924,-0.06287795492028381,1350.08,1346.855,1342.3033333333333,0.23387736191761824,1565.2,-0.12873754152823924
2012-07-18,1372.8,1363.6,1375.3,1359.0,,0.67,0.006673021925643452,-0.05662451896646303,1356.34,1347.595,1342.4016666666669,0.23341190231901487,1565.2,-0.12292358803986714
2012-07-19,1376.5,1373.0,1380.4,1371.2,,0.27,0.002695221445221385,-0.05408191313908539,1364.6799999999998,1348.635,1342.4766666666667,0.23342290230251153,1565.2,-0.12055967288525427
2012-07-20,1362.7,1376.5,1376.5,1362.2,,-1.0,-0.010025426807119486,-0.06356514568443994,1365.86,1350.4950000000001,1342.01,0.2332639332869809,1565.2,-0.1293764375159724
2012-07-23,1350.5,1362.3,1362.3,1337.6,,-0.9,-0.008952814265795861,-0.07194887300714481,1365.2400000000002,1351.27,1341.1850000000002,0.2334407382792204,1565.2,-0.13717096856631739
2012-07-24,1338.3,1350.5,1351.5,1329.2,,-0.9,-0.00903369122547204,-0.08033260032984957,1360.1599999999999,1352.5,1340.1,0.23354925379450403,1565.2,-0.1449654996166625
2012-07-25,1337.9,1338.3,1344.0,1331.5,,-0.03,-0.00029888664723898284,-0.08060747663551193,1353.18,1353.395,1339.1,0.23351114920397817,1565.2,-0.14522105801175567
2012-07-26,1360.0,1338.2,1363.1,1338.2,,1.65,0.016518424396442022,-0.06542056074766156,1349.88,1354.805,1338.3366666666666,0.23318258188261576,1565.2,-0.131101456682852
2012-07-27,1386.0,1360.0,1389.2,1360.0,,1.91,0.01911764705882346,-0.047553600879602254,1354.5400000000002,1357.6550000000002,1338.0649999999998,0.23391551461977736,1565.2,-0.11449016100178888
2012-07-30,1385.3,1385.9,1391.7,1381.4,,-0.05,-0.0005050505050505638,-0.04803463441451161,1361.5,1358.81,1337.96,0.23381702039056343,1565.2,-0.1149373881932022
2012-07-31,1379.3,1385.3,1387.2,1379.2,,-0.43,-0.004331191799610168,-0.0521577789994484,1369.7,1359.5,1338.13,0.23382005989161886,1565.2,-0.11877076411960141
2012-08-01,1375.1,1379.3,1385.0,1373.3,,-0.3,-0.003045022837671274,-0.05504398020890411,1377.1399999999999,1359.5549999999998,1338.2216666666666,0.23239098495371047,1565.2,-0.1214541272680808
2012-08-02,1365.0,1375.1,1375.1,1354.7,,-0.73,-0.007344920369427577,-0.0619846069268809,1378.1399999999999,1359.425,1338.243333333333,0.23247694821329248,1565.2,-0.12790697674418605
2012-08-03,1391.0,1365.5,1394.2,1365.5,,1.9,0.01904761904761898,-0.044117647058821596,1379.1399999999999,1361.24,1338.85,0.22813242837828868,1565.2,-0.11129568106312293
2012-08-06,1394.2,1391.0,1399.6,1391.0,,0.23,0.002300503235082685,-0.04191863661352202,1380.9199999999998,1363.325,1339.4533333333336,0.22813450706768396,1565.2,-0.10925121390237669
2012-08-07,1401.3,1394.5,1407.1,1394.5,,0.51,0.0050925261798879795,-0.03703958218801362,1385.3200000000002,1366.315,1340.2516666666666,0.21793250240012418,1565.2,-0.1047150523894711
2012-08-08,1402.2,1401.2,1404.1,1396.1,,0.06,0.0006422607578677741,-0.03642111050027308,1390.74,1369.35,1341.3166666666666,0.21290474049358638,1565.2,-0.10414004600051108
2012-08-09,1402.8,1402.3,1406.0,1398.8,,0.04,0.00042789901583217826,-0.036008796041779534,1398.3,1372.75,1342.5183333333332,0.2080798053446064,1565.2,-0.10375670840787121
2012-08-10,1405.9,1402.6,1406.0,1395.6,,0.22,0.002209865982321091,-0.03387850467289555,1401.28,1375.205,1343.87,0.20306687851196104,1565.2,-0.1017761308458982
2012-08-13,1404.1,1405.9,1405.9,1397.3,,-0.13,-0.0012803186570881087,-0.03511544804837674,1403.26,1377.73,1345.5233333333333,0.20302743010952345,1565.2,-0.10292614362381813
2012-08-14,1403.9,1404.4,1410.0,1400.6,,-0.01,-0.00014243999715102262,-0.03525288620120781,1403.78,1379.74,1347.335,0.20192872089374775,1565.2,-0.10305392282136461
2012-08-15,1405.5,1403.9,1407.7,1401.8,,0.11,0.0011396823135549905,-0.034153380978558134,1404.44,1381.375,1348.8266666666668,0.2016588833041788,1565.2,-0.1020316892409916
2012-08-16,1415.5,1406.6,1417.4,1404.2,,0.71,0.007114905727499066,-0.02728147333699682,1406.98,1383.325,1350.475,0.2017598151772276,1565.2,-0.09564272936365958
2012-08-17,1418.2,1415.8,1418.7,1414.7,,0.19,0.0019074531967502306,-0.02542605827377531,1409.44,1386.1,1352.13,0.1965655468517001,1565.2,-0.09391771019677997
2012-08-20,1418.1,1417.8,1418.1,1412.1,,-0.01,-7.051191651397115e-05,-0.02549477735019101,1412.24,1389.48,1353.7533333333336,0.19590943583660203,1565.2,-0.09398159979555332
2012-08-21,1413.2,1418.1,1426.7,1410.9,,-0.35,-0.0034553275509483505,-0.028862012094555967,1414.1,1393.225,1355.3433333333335,0.19595878016117974,1565.2,-0.09711219013544592
2012-08-22,1413.5,1413.1,1416.1,1406.8,,0.02,0.00021228417775254194,-0.028655854865309194,1415.7,1397.0049999999999,1356.695,0.19309144152329413,1565.2,-0.09692052133912599
2012-08-23,1402.1,1413.5,1413.5,1400.5,,-0.81,-0.008065086664308496,-0.036489829576689115,1413.02,1399.11,1358.175,0.19289918088205787,1565.2,-0.10420393559928454
2012-08-24,1411.1,1402.0,1413.5,1398.0,,0.64,0.006418943014050438,-0.03030511269928382,1411.6,1400.365,1359.855,0.19228442848848631,1565.2,-0.09845387170968578
2012-08-27,1410.4,1411.1,1416.2,1409.1,,-0.05,-0.0004960668981643934,-0.030786146234192957,1410.06,1401.62,1362.0616666666667,0.19175640203813382,1565.2,-0.09890109890109888
2012-08-28,1409.3,1410.4,1413.6,1405.6,,-0.08,-0.0007799205899036155,-0.03154205607476479,1409.28,1403.1200000000001,1364.2466666666667,0.18976315027777527,1565.2,-0.09960388448760549
2012-08-29,1410.5,1409.3,1414.0,1406.6,,0.09,0.0008514865536082272,-0.030717427157777366,1408.6799999999998,1404.89,1366.3300000000002,0.189756113080998,1565.2,-0.09883720930232565
2012-08-30,1399.5,1410.1,1410.1,1397.0,,-0.78,-0.0077986529599433085,-0.03827652556349481,1408.1599999999999,1406.6150000000002,1367.7366666666667,0.18989571099154284,1565.2,-0.1058650651673908
2012-08-31,1406.6,1400.1,1413.1,1399.0,,0.51,0.005073240443015381,-0.0333974711379863,1407.26,1407.395,1369.2633333333333,0.18953068914578325,1565.2,-0.1013289036544851
2012-09-04,1404.9,1406.5,1409.3,1396.6,,-0.12,-0.0012085880847432229,-0.03456569543705157,1406.1599999999999,1407.9299999999998,1370.5833333333333,0.187745201163322,1565.2,-0.10241502683363146
2012-09-05,1403.4,1404.9,1408.8,1401.2,,-0.11,-0.0010676916506512368,-0.035596481583285766,1404.98,1408.035,1372.1583333333333,0.18757060602726852,1565.2,-0.10337337081523124
2012-09-06,1432.1,1403.4,1432.1,1403.4,,2.05,0.020450334900954603,-0.01587410665200506,1409.3,1409.53,1373.9566666666665,0.18652275362936327,1565.2,-0.08503705596728861
2012-09-07,1437.9,1432.1,1437.9,1431.5,,0.41,0.00404999650862381,-0.011888400219899342,1416.98,1411.285,1376.006666666667,0.18620106194773978,1565.2,-0.08133145923843599
2012-09-10,1429.1,1437.9,1438.7,1429.0,,-0.61,-0.006120036163850151,-0.017935678944473343,1421.48,1412.4450000000002,1377.6733333333332,0.18426849068641077,1565.2,-0.08695374393048816
2012-09-11,1433.6,1429.1,1437.8,1429.1,,0.31,0.0031488349310755392,-0.014843320505770752,1427.22,1413.92,1379.1866666666667,0.1841804419483137,1565.2,-0.08407871198568884
2012-09-12,1436.6,1433.6,1439.2,1433.0,,0.21,0.002092633928571397,-0.012781748213302357,1433.86,1415.5549999999998,1380.7166666666667,0.18399953528233548,1565.2,-0.08216202402248918
2012-09-13,1460.0,1436.6,1463.8,1435.3,,1.63,0.016288458861200228,0.0032985156679512517,1439.4399999999998,1418.28,1382.4166666666667,0.1842146777116228,1565.2,-0.06721185790953232
2012-09-14,1465.8,1460.1,1474.5,1460.1,,0.4,0.003972602739725994,0.0072842221000568586,1445.02,1420.7949999999998,1384.2516666666666,0.1835153744989562,1565.2,-0.06350626118067981
2012-09-17,1461.2,1465.4,1465.6,1457.5,,-0.31,-0.0031382180379314617,0.004123144584938787,1451.44,1422.945,1386.513333333333,0.18349258094760842,1565.2,-0.06644518272425248
2012-09-18,1459.3,1461.2,1461.5,1456.1,,-0.13,-0.0013003011223652328,0.002817482133042004,1456.58,1425.0049999999999,1388.5849999999998,0.18319724046018937,1565.2,-0.06765908510094565
2012-09-19,1461.0,1459.5,1465.2,1457.9,,0.12,0.001164942095525312,0.003985706432107383,1461.4599999999998,1427.395,1391.04,0.18318046727457926,1565.2,-0.06657296192179918
2012-09-20,1460.3,1461.0,1461.2,1450.0,,-0.05,-0.0004791238877481785,0.0035046728971981356,1461.52,1429.7350000000001,1393.3783333333333,0.18065846008371889,1565.2,-0.06702018911321239
2012-09-21,1460.2,1460.3,1467.1,1459.5,,-0.01,-6.84790796411372e-05,0.0034359538207826557,1460.4,1432.6399999999999,1395.5183333333332,0.17762859143101373,1565.2,-0.06708407871198574
2012-09-24,1456.9,1459.8,1460.7,1452.1,,-0.23,-0.0022599643884398946,0.0011682242990673775,1459.54,1434.9299999999998,1397.65,0.17759045047710623,1565.2,-0.06919243547150522
2012-09-25,1441.6,1456.9,1463.2,1441.6,,-1.05,-0.010501750291715406,-0.00934579439252159,1456.0,1436.49,1398.9733333333331,0.1765384595980933,1565.2,-0.07896754408382323
2012-09-26,1433.3,1441.6,1441.6,1430.5,,-0.58,-0.00575749167591566,-0.015049477735017525,1450.46,1437.69,1400.1033333333332,0.17639171498131484,1565.2,-0.08427038078200877
2012-09-27,1447.2,1433.4,1450.2,1433.4,,0.97,0.00969789995116166,-0.005497526113247275,1447.84,1439.525,1401.3233333333333,0.17528236549063336,1565.2,-0.0753897265525173
2012-09-28,1440.7,1447.1,1447.1,1435.6,,-0.45,-0.004491431730237694,-0.00996426608026213,1443.94,1441.585,1402.5416666666667,0.1752211929390427,1565.2,-0.07954255047278302
2012-10-01,1444.5,1440.9,1457.1,1440.9,,0.26,0.002637606718955965,-0.007352941176468897,1441.4599999999998,1443.48,1404.0383333333332,0.17328687036605187,1565.2,-0.07711474571939692
2012-10-02,1445.8,1445.0,1451.5,1439.0,,0.09,0.0008999653859467216,-0.0064595931830658815,1442.3,1445.5249999999999,1405.5933333333332,0.1707390655030382,1565.2,-0.07628418093534384
2012-10-03,1451.0,1446.0,1454.3,1442.0,,0.36,0.0035966247060450485,-0.0028862012094540423,1445.84,1447.905,1407.4183333333333,0.16939877704301945,1565.2,-0.07296192179913108
2012-10-04,1461.4,1451.1,1463.1,1451.1,,0.72,0.007167470709855239,0.004260582737769747,1448.68,1449.3700000000001,1409.4166666666667,0.16867732156532755,1565.2,-0.06631740352670579
2012-10-05,1460.9,1461.4,1471.0,1456.9,,-0.03,-0.0003421376762009487,0.003916987355691681,1452.72,1450.52,1411.5183333333334,0.16778277977471578,1565.2,-0.06663685152057242
2012-10-08,1455.9,1460.9,1460.9,1453.1,,-0.34,-0.0034225477445409824,0.00048103353491102396,1455.0000000000002,1451.8600000000001,1413.1699999999998,0.1675914875812095,1565.2,-0.06983133145923837
2012-10-09,1441.5,1455.9,1455.9,1441.2,,-0.99,-0.00989078920255515,-0.009414513468937291,1454.14,1452.2549999999999,1414.6349999999998,0.16460877747615363,1565.2,-0.07903143368259646
2012-10-10,1432.6,1441.5,1442.5,1430.6,,-0.62,-0.006174124176205442,-0.015530511269926994,1450.46,1452.055,1415.7833333333333,0.16475615844258829,1565.2,-0.08471760797342198
2012-10-11,1432.8,1432.8,1443.9,1432.8,,0.01,0.0001396063102052647,-0.015393073117095701,1444.74,1450.6950000000002,1416.7833333333333,0.16450844738929923,1565.2,-0.0845898287758754
2012-10-12,1428.6,1432.8,1438.4,1425.5,,-0.29,-0.002931323283082099,-0.01827927432655152,1438.28,1448.835,1417.6516666666664,0.16450916112220174,1565.2,-0.08727319192435479
2012-10-15,1440.1,1428.8,1441.3,1427.2,,0.8,0.008049839003219983,-0.010376580538756008,1435.12,1447.7800000000002,1418.9416666666666,0.16382616229270855,1565.2,-0.079925888065423
2012-10-16,1454.9,1440.3,1455.5,1440.3,,1.03,0.010277064092771404,-0.0002061572292452185,1437.8,1447.56,1420.6816666666666,0.16286214553387757,1565.2,-0.07047022744697162
2012-10-17,1460.9,1454.2,1462.2,1453.3,,0.41,0.004123994776273232,0.003916987355691459,1443.46,1447.555,1422.725,0.1617059934226595,1565.2,-0.06663685152057242
2012-10-18,1457.3,1460.9,1464.0,1452.6,,-0.25,-0.002464234376069685,0.0014431006047292971,1448.3600000000001,1447.405,1424.7150000000001,0.16117863858781029,1565.2,-0.06893687707641205
2012-10-19,1433.2,1457.3,1457.3,1429.8,,-1.65,-0.016537432237699767,-0.015118196811433338,1449.2800000000002,1446.055,1425.9350000000002,0.16206186365236988,1565.2,-0.084334270380782
2012-10-22,1433.8,1433.2,1435.5,1422.1,,0.04,0.0004186435947528544,-0.014705882352939792,1448.02,1444.9,1426.7316666666668,0.161045263135039,1565.2,-0.08395093278814214
2012-10-23,1413.1,1433.7,1433.7,1407.6,,-1.44,-0.014437159994420412,-0.02893073117097167,1439.66,1443.475,1427.195,0.1612730845184238,1565.2,-0.09717607973421938
2012-10-24,1408.8,1413.2,1420.0,1407.1,,-0.3,-0.003042955204868747,-0.03188565145684308,1429.24,1442.25,1427.6866666666667,0.15998082270291175,1565.2,-0.09992333248147212
2012-10-25,1413.0,1409.7,1421.1,1405.1,,0.3,0.002981260647359596,-0.02899945024738715,1420.3799999999999,1440.5400000000002,1428.3183333333334,0.15968487781710394,1565.2,-0.09723996933299262
2012-10-26,1411.9,1413.0,1417.1,1403.3,,-0.08,-0.0007784854918612139,-0.02975536008795887,1416.1200000000001,1439.1,1429.1,0.1560558495787971,1565.2,-0.09794275491949911
2012-10-31,1412.2,1411.0,1418.8,1406.0,,0.02,0.0002124796373681459,-0.029549202858711987,1411.8,1437.4850000000001,1429.4533333333336,0.15605598818600958,1565.2,-0.09775108612317918
2012-11-01,1427.6,1412.2,1428.3,1412.2,,1.09,0.010904970967285044,-0.01896646509070765,1414.7,1436.575,1430.0099999999998,0.1543463663376621,1565.2,-0.08791208791208804
2012-11-02,1414.2,1427.6,1434.3,1412.9,,-0.94,-0.009386382740263266,-0.028174821330399724,1415.78,1434.7350000000001,1430.225,0.15200628709365988,1565.2,-0.09647329414771277
2012-11-05,1417.3,1414.0,1419.9,1408.1,,0.22,0.0021920520435581015,-0.02604452996151585,1416.6399999999999,1432.53,1430.4766666666665,0.15122135355914512,1565.2,-0.09449271658573988
2012-11-06,1428.4,1417.3,1433.4,1417.3,,0.78,0.007831792845551577,-0.01841671247938259,1419.94,1430.905,1430.9033333333334,0.1502869308225728,1565.2,-0.08740097112190137
2012-11-07,1394.5,1428.3,1428.3,1388.1,,-2.37,-0.02373284794175312,-0.04171247938427558,1416.4,1427.835,1430.7133333333334,0.1520817625562817,1565.2,-0.10905954510605675
2012-11-08,1377.5,1394.5,1401.2,1377.5,,-1.22,-0.012190749372534948,-0.053394722374929815,1406.38,1424.635,1430.2700000000002,0.15249344695051392,1565.2,-0.11992077689752112
2012-11-09,1379.8,1377.5,1391.4,1373.0,,0.17,0.0016696914700544685,-0.05181418361737067,1399.5,1421.995,1429.868333333333,0.15207359766720838,1565.2,-0.11845131612573478
2012-11-12,1380.0,1379.9,1384.9,1377.2,,0.01,0.0001449485432671871,-0.051676745464539375,1392.0400000000002,1419.355,1429.4433333333332,0.14745801650412466,1565.2,-0.11832353692818809
2012-11-13,1374.5,1380.0,1388.8,1371.4,,-0.4,-0.003985507246376807,-0.0554562946673981,1381.2599999999998,1416.65,1428.7599999999998,0.1472997966654921,1565.2,-0.12183746486072067
2012-11-14,1355.5,1374.6,1380.1,1352.5,,-1.38,-0.013823208439432522,-0.0685129191863646,1373.4599999999998,1412.4199999999998,1427.715,0.1467496388261788,1565.2,-0.13397648862765144
2012-11-15,1353.3,1355.4,1360.6,1348.0,,-0.16,-0.0016230173367761669,-0.07002473886750815,1368.62,1407.34,1426.6349999999998,0.14643179864189665,1565.2,-0.13538205980066453
2012-11-16,1359.9,1353.4,1362.0,1343.3,,0.49,0.004876967412990485,-0.0654892798240777,1364.6399999999999,1402.29,1425.7466666666667,0.14643437661865633,1565.2,-0.13116534628162535
2012-11-19,1386.9,1359.9,1386.9,1359.9,,1.99,0.01985440105890146,-0.04693512919186216,1366.02,1398.77,1425.3033333333333,0.14673280190577004,1565.2,-0.11391515461282897
2012-11-20,1387.8,1386.8,1389.8,1377.0,,0.06,0.0006489292667097857,-0.04631665750412173,1368.68,1396.5,1425.065,0.14569965756891148,1565.2,-0.11334014822386917
2012-11-21,1391.0,1387.8,1391.2,1386.4,,0.23,0.0023058077532787102,-0.04411764705882193,1375.78,1394.3600000000001,1424.73,0.1457072313967462,1565.2,-0.11129568106312293
2012-11-23,1409.2,1391.0,1409.2,1391.0,,1.31,0.013084112149532645,-0.03161077515118038,1386.96,1394.1650000000002,1424.71,0.14495395277290443,1565.2,-0.09966777408637872
2012-11-26,1406.3,1409.2,1409.2,1397.7,,-0.21,-0.0020579051944366045,-0.033603628367233185,1396.24,1394.04,1424.66,0.14489733459380175,1565.2,-0.10152057245080504
2012-11-27,1398.9,1406.3,1409.0,1398.0,,-0.53,-0.005262035127639786,-0.03868884002198847,1398.64,1393.3349999999998,1424.4666666666667,0.14321183691809414,1565.2,-0.10624840276003067
2012-11-28,1409.9,1398.8,1410.3,1385.4,,0.79,0.007863321180927807,-0.031129741616271134,1403.06,1393.2350000000001,1424.64,0.14334459972227226,1565.2,-0.09922054689496551
2012-11-29,1416.0,1410.0,1419.7,1409.0,,0.43,0.004326547982126394,-0.026937877954918754,1408.06,1393.425,1424.7966666666666,0.14053672186821575,1565.2,-0.09532328136979307
2012-11-30,1416.2,1416.0,1418.9,1411.6,,0.01,0.00014124293785311437,-0.026800439802087572,1409.46,1392.855,1424.9850000000001,0.14052934960283994,1565.2,-0.09519550217224637
2012-12-03,1409.5,1416.3,1423.7,1408.5,,-0.47,-0.004730970201948903,-0.03140461792193372,1410.1,1392.6200000000001,1425.0866666666666,0.13395777281557586,1565.2,-0.09947610529005879
2012-12-04,1407.0,1409.5,1413.1,1403.7,,-0.18,-0.0017736786094360024,-0.03312259483232405,1411.72,1392.105,1424.6683333333335,0.13395509046730195,1565.2,-0.10107334525939182
2012-12-05,1409.3,1407.0,1415.6,1398.2,,0.16,0.0016346837242360301,-0.0315420560747649,1411.6,1391.15,1424.1916666666666,0.1339574925944639,1565.2,-0.09960388448760549
2012-12-06,1413.9,1409.4,1414.0,1405.9,,0.33,0.0032640317888315007,-0.028380978559646497,1411.1799999999998,1392.1200000000001,1423.9383333333333,0.1336276053292562,1565.2,-0.0966649629440327
2012-12-07,1418.1,1414.0,1420.3,1410.9,,0.3,0.0029705071079990653,-0.02549477735019079,1411.56,1394.15,1423.68,0.13364904063809152,1565.2,-0.09398159979555332
2012-12-10,1418.5,1418.1,1421.6,1415.6,,0.03,0.00028206755517956594,-0.025219901044528203,1413.3600000000001,1396.085,1423.3783333333336,0.13364099336827223,1565.2,-0.09372604140046004
2012-12-11,1427.8,1418.5,1434.3,1418.5,,0.66,0.006556221360592085,-0.018829026937876248,1417.52,1398.475,1422.8416666666667,0.13199212766993043,1565.2,-0.08778430871454135
2012-12-12,1428.5,1427.8,1438.6,1426.8,,0.05,0.0004902647429612106,-0.018347993402967,1421.3600000000001,1401.175,1422.22,0.13097117528668564,1565.2,-0.08733708152312802
2012-12-13,1419.5,1428.5,1431.4,1416.0,,-0.63,-0.00630031501575079,-0.024532710280372183,1422.48,1404.375,1421.525,0.13023334488470245,1565.2,-0.09308714541272678
2012-12-14,1413.6,1419.5,1419.5,1411.9,,-0.42,-0.004156393096160671,-0.02858713578889338,1421.58,1407.39,1420.7633333333333,0.12998480252063088,1565.2,-0.09685663174035275
2012-12-17,1430.4,1413.5,1430.7,1413.5,,1.19,0.011884550084889867,-0.017042330951070217,1423.96,1410.915,1420.2533333333333,0.12991778043747362,1565.2,-0.08612317914643497
2012-12-18,1446.8,1430.5,1448.0,1430.5,,1.15,0.011465324384787312,-0.005772402418909861,1427.7599999999998,1413.9099999999999,1420.0283333333332,0.13033826545960397,1565.2,-0.07564528494761058
2012-12-19,1435.8,1446.8,1447.8,1435.8,,-0.76,-0.007602985899917036,-0.013331500824627307,1429.2199999999998,1416.31,1419.6216666666667,0.13057955477920347,1565.2,-0.08267314081267574
2012-12-20,1443.7,1435.8,1443.7,1432.8,,0.55,0.005502159075080115,-0.007902693787793846,1434.06,1418.9450000000002,1419.4016666666664,0.13006385619706926,1565.2,-0.07762586250958348
2012-12-21,1430.2,1443.7,1443.7,1422.6,,-0.94,-0.0093509731938769,-0.01717976910390162,1437.38,1419.995,1419.2116666666666,0.12712852108609463,1565.2,-0.08625095834398155
2012-12-24,1426.7,1430.2,1430.2,1424.7,,-0.24,-0.002447210180394399,-0.01958493677844808,1436.6399999999999,1421.0149999999999,1419.1016666666667,0.12715766078358742,1565.2,-0.08848709430104784
2012-12-26,1419.8,1426.7,1429.4,1416.4,,-0.48,-0.004836335599635588,-0.02432655305112541,1431.24,1422.06,1418.645,0.1270362220163262,1565.2,-0.09289547661640696
2012-12-27,1418.1,1419.8,1422.8,1401.8,,-0.12,-0.001197351739681718,-0.0254947773501909,1427.7,1422.47,1418.2683333333334,0.12676142168101046,1565.2,-0.09398159979555332
2012-12-28,1402.4,1418.1,1418.1,1401.6,,-1.11,-0.011071151540793855,-0.03628367234744201,1419.44,1421.79,1417.5666666666666,0.1272865159900794,1565.2,-0.10401226680296449
2012-12-31,1426.2,1402.4,1426.7,1398.1,,1.7,0.016970907016543135,-0.019928532160526036,1418.6399999999999,1422.29,1417.2400000000002,0.12769106433609315,1565.2,-0.08880654229491436
2013-01-02,1462.4,1426.2,1462.4,1426.2,,2.54,0.0253821343430094,0.004947773501925878,1425.78,1424.935,1417.43,0.12968858609349143,1565.2,-0.06567850753897264
2013-01-03,1459.4,1462.4,1465.5,1455.5,,-0.21,-0.0020514223194748604,0.002886201209457484,1433.7,1427.5549999999998,1417.3966666666665,0.12962343490069936,1565.2,-0.06759519550217219
2013-01-04,1466.5,1459.4,1467.9,1459.0,,0.49,0.004865013019048847,0.007765255634965884,1443.38,1430.415,1417.49,0.12883125109155005,1565.2,-0.0630590339892666
2013-01-07,1461.9,1466.5,1466.5,1456.6,,-0.31,-0.0031367200818274155,0.004604178119847813,1455.28,1432.815,1417.5900000000001,0.12888424318184594,1565.2,-0.06599795553283927
2013-01-08,1457.2,1461.9,1461.9,1451.6,,-0.32,-0.003214994185648856,0.0013743815283140393,1461.48,1434.77,1417.8516666666667,0.12891684969656542,1565.2,-0.06900076667518529
2013-01-09,1461.0,1457.2,1464.7,1457.2,,0.26,0.0026077408729068274,0.003985706432107161,1461.2,1436.895,1418.325,0.12889511272202667,1565.2,-0.06657296192179918
2013-01-10,1472.1,1464.6,1472.3,1461.0,,0.76,0.007597535934291466,0.011613523914240087,1463.74,1439.1100000000001,1418.98,0.1290758607343524,1565.2,-0.059481216457960784
2013-01-11,1472.0,1472.1,1472.8,1467.6,,-0.01,-6.793016778749994e-05,0.011544804837824385,1464.84,1441.285,1419.7033333333336,0.12880706908545175,1565.2,-0.05954510605673402
2013-01-14,1470.7,1472.0,1472.0,1465.7,,-0.09,-0.0008831521739129933,0.01065145684442137,1466.6,1443.845,1420.2133333333334,0.12881482765777597,1565.2,-0.0603756708407871
2013-01-15,1472.3,1470.7,1473.3,1463.8,,0.11,0.0010879173182838375,0.011750962067071269,1469.62,1446.78,1420.5033333333336,0.1288036634067676,1565.2,-0.05935343726041409
2013-01-16,1472.6,1472.3,1474.0,1467.6,,0.02,0.00020376282007750213,0.011957119296318153,1471.94,1448.89,1420.6983333333333,0.12868657401623285,1565.2,-0.059161768464094155
2013-01-17,1480.9,1472.6,1485.2,1472.6,,0.56,0.005636289555887686,0.017660802638814088,1473.7,1450.5949999999998,1421.0916666666667,0.1287516926163649,1565.2,-0.0538589317659085
2013-01-18,1486.0,1481.0,1486.0,1475.8,,0.34,0.0034438517117967304,0.021165475536010225,1476.5,1453.105,1421.9716666666668,0.12835382150206515,1565.2,-0.050600562228469204
2013-01-22,1492.6,1486.0,1492.6,1481.2,,0.44,0.004441453566621734,0.02570093457944056,1480.8799999999999,1455.5500000000002,1422.9516666666666,0.12833660948795178,1565.2,-0.04638384870943024
2013-01-23,1494.8,1492.6,1496.1,1489.9,,0.15,0.001473938094600058,0.027212754260584004,1485.3799999999999,1458.7800000000002,1424.3133333333333,0.128339949116867,1565.2,-0.044978277536417144
2013-01-24,1494.8,1494.8,1502.3,1489.5,,0.0,0.0,0.027212754260584004,1489.82,1462.185,1425.7466666666667,0.12834105889809203,1565.2,-0.044978277536417144
2013-01-25,1503.0,1494.8,1503.3,1494.8,,0.55,0.005485683703505551,0.03284771852666424,1494.24,1466.345,1427.2466666666667,0.12842701340032553,1565.2,-0.03973933043700484
2013-01-28,1500.2,1503.0,1503.2,1496.3,,-0.19,-0.001862940785096412,0.030923584387027025,1497.08,1470.45,1428.7183333333335,0.12819600974611875,1565.2,-0.0415282392026578
2013-01-29,1507.8,1500.2,1509.3,1498.1,,0.51,0.005065991201173015,0.03614623419461349,1500.12,1475.72,1430.3116666666667,0.12812186489203026,1565.2,-0.036672629695885584
2013-01-30,1502.0,1507.8,1509.9,1500.1,,-0.38,-0.003846664013794854,0.032160527762508107,1501.56,1479.51,1431.5516666666667,0.1281797896913679,1565.2,-0.040378226424738095
2013-01-31,1498.1,1502.0,1504.2,1496.8,,-0.26,-0.0025965379494008456,0.02948048378229906,1502.22,1481.2949999999998,1432.95,0.12818196861406253,1565.2,-0.04286992077689755
2013-02-01,1513.2,1498.1,1514.4,1498.1,,1.01,0.010079433949669703,0.039857064321056734,1504.26,1483.9850000000001,1434.5483333333334,0.1285309439188433,1565.2,-0.03322259136212624
2013-02-04,1495.7,1513.2,1513.2,1495.0,,-1.16,-0.011564895585514101,0.027831225948324434,1503.3600000000001,1485.4450000000002,1435.6699999999998,0.12883166980366345,1565.2,-0.044403271147457235
2013-02-05,1511.3,1495.7,1515.0,1495.7,,1.04,0.010429899043925772,0.03855140186915995,1504.06,1487.915,1437.6166666666666,0.12921154499588194,1565.2,-0.03443649373881941
2013-02-06,1512.1,1511.3,1512.5,1504.7,,0.05,0.0005293455965063032,0.0391011544804849,1506.08,1490.6599999999999,1439.86,0.12843569910242275,1565.2,-0.033925376948632846
2013-02-07,1509.4,1512.1,1512.9,1498.5,,-0.18,-0.0017855961907280449,0.03724573941726339,1508.34,1493.08,1442.0200000000002,0.12845256487424347,1565.2,-0.03565039611551235
2013-02-08,1517.9,1509.4,1518.3,1509.4,,0.56,0.00563137670597591,0.04308686091259051,1509.28,1495.3700000000001,1444.3183333333334,0.12854655227849754,1565.2,-0.030219780219780223
2013-02-11,1517.0,1517.9,1518.3,1513.6,,-0.06,-0.0005929244350748597,0.042468389224849856,1513.5400000000002,1497.6200000000001,1446.6933333333334,0.12853959222421055,1565.2,-0.030794786608740132
2013-02-12,1519.4,1517.0,1522.3,1515.6,,0.16,0.001582069874752845,0.044117647058824705,1515.16,1500.0549999999998,1449.425,0.12854040619954837,1565.2,-0.02926143623818045
2013-02-13,1520.3,1519.4,1524.7,1515.9,,0.06,0.0005923390812161422,0.044736118746565134,1516.8000000000002,1502.4550000000002,1452.2083333333333,0.12832270197051132,1565.2,-0.02868642984922065
2013-02-14,1521.4,1520.3,1523.1,1514.0,,0.07,0.0007235414063013756,0.04549202858713697,1519.2,1504.895,1454.9,0.12816560146841274,1565.2,-0.027983644262714047
2013-02-15,1519.8,1521.4,1524.2,1514.1,,-0.11,-0.0010516629420271872,0.04439252336448707,1519.5800000000002,1506.84,1457.115,0.1281666644521829,1565.2,-0.02900587784308717
2013-02-19,1530.9,1519.8,1530.9,1519.8,,0.73,0.007303592577970974,0.05202034084662022,1522.36,1509.085,1459.5,0.12820873699636795,1565.2,-0.021914132379248663
2013-02-20,1512.0,1530.9,1530.9,1511.4,,-1.23,-0.012345679012345734,0.0390324354040692,1520.8799999999999,1510.0549999999998,1461.5166666666667,0.12842241951589417,1565.2,-0.03398926654740608
2013-02-21,1502.4,1512.0,1512.0,1497.3,,-0.63,-0.006349206349206327,0.03243540406817047,1517.3,1510.435,1463.07,0.12858824336815253,1565.2,-0.040122668029644704
2013-02-22,1515.6,1502.4,1515.6,1502.4,,0.88,0.0087859424920127,0.04150632215503136,1516.14,1511.475,1464.8916666666667,0.12885951965171558,1565.2,-0.03168924099156667
2013-02-25,1487.8,1515.6,1525.8,1487.8,,-1.83,-0.018342570599102603,0.022402418911491084,1509.74,1510.715,1466.3733333333334,0.13017099769775423,1565.2,-0.0494505494505495
2013-02-26,1496.9,1487.8,1499.0,1485.0,,0.61,0.006116413496437767,0.02865585486531197,1502.94,1510.55,1467.8233333333333,0.13023917810831262,1565.2,-0.04363659596217728
2013-02-27,1516.0,1496.9,1520.1,1494.9,,1.28,0.012759703386999721,0.04178119846069395,1503.7400000000002,1510.96,1469.49,0.13081877648134974,1565.2,-0.03143368259647328
2013-02-28,1514.7,1516.0,1525.3,1514.5,,-0.09,-0.0008575197889181263,0.040887850467291154,1506.2,1511.595,1471.1316666666667,0.13082182906645248,1565.2,-0.03226424738052647
2013-03-01,1518.2,1514.7,1520.0,1501.5,,0.23,0.0023106885851984504,0.043293018141837614,1506.7199999999998,1512.6,1472.9433333333332,0.13080243569853803,1565.2,-0.03002811142346029
2013-03-04,1525.2,1518.2,1525.3,1512.3,,0.46,0.004610723224871549,0.048103353490930534,1514.2,1513.2,1474.9133333333334,0.13076535527739128,1565.2,-0.025555839509327827
2013-03-05,1539.8,1525.2,1543.5,1525.2,,0.96,0.009572515079989463,0.05813633864760992,1522.78,1515.405,1477.0883333333331,0.13095916738855679,1565.2,-0.016227958088423255
2013-03-06,1541.5,1539.8,1545.2,1538.1,,0.11,0.0011040394856474123,0.0593045629466753,1527.8799999999999,1516.915,1479.215,0.1309061197446506,1565.2,-0.015141834909276786
2013-03-07,1544.3,1541.5,1545.8,1541.5,,0.18,0.0018164125851443114,0.06122869708631251,1533.8,1518.525,1481.3183333333332,0.13083889565686266,1565.2,-0.013352926143623822
2013-03-08,1551.2,1544.3,1552.5,1542.9,,0.45,0.004468043773878216,0.06597031335898995,1540.4,1520.615,1483.5299999999997,0.12992612904816184,1565.2,-0.008944543828264706
2013-03-11,1556.2,1551.2,1556.3,1547.4,,0.32,0.0032233109850439146,0.06940626717977061,1546.6,1522.53,1485.6700000000003,0.12980173290168992,1565.2,-0.0057500638895987555
2013-03-12,1552.5,1556.2,1556.8,1548.2,,-0.24,-0.0023775864284796278,0.06686366135239297,1549.14,1524.3049999999998,1487.736666666667,0.12950274826152927,1565.2,-0.008113979044211628
2013-03-13,1554.5,1552.5,1556.4,1548.2,,0.13,0.0012882447665056862,0.06823804288070523,1551.7400000000002,1526.06,1489.986666666667,0.12946710476608092,1565.2,-0.006836187068745225
2013-03-14,1563.2,1554.5,1563.3,1554.5,,0.56,0.00559665487294958,0.07421660252886375,1555.52,1528.205,1492.48,0.12956549071054987,1565.2,-0.0012777919754664024
2013-03-15,1560.7,1563.2,1563.6,1555.7,,-0.16,-0.0015992835209825973,0.07249862561847342,1557.42,1530.17,1494.6516666666669,0.12837084070238483,1565.2,-0.0028750319447994332
2013-03-18,1552.1,1560.7,1560.7,1545.1,,-0.55,-0.005510347920804848,0.0665887850467306,1556.6,1531.785,1496.4066666666668,0.12849938220808216,1565.2,-0.00836953743930502
2013-03-19,1548.3,1552.1,1557.2,1538.6,,-0.24,-0.002448295857225613,0.06397746014293748,1555.7599999999998,1532.655,1498.2816666666665,0.1284133158837561,1565.2,-0.010797342192691128
2013-03-20,1558.7,1548.3,1561.6,1548.3,,0.67,0.0067170445004198776,0.07112424409016138,1556.6,1534.99,1500.1983333333335,0.1285655127167425,1565.2,-0.004152823920265836
2013-03-21,1545.8,1558.7,1558.7,1543.5,,-0.83,-0.008276127542182654,0.06225948323254715,1553.12,1537.1599999999999,1502.125,0.12881109329576676,1565.2,-0.012394582162024048
2013-03-22,1556.9,1545.9,1557.7,1545.9,,0.72,0.0071807478328373975,0.0698873007146803,1552.3600000000001,1539.225,1504.2949999999998,0.12894234110668645,1565.2,-0.005302836698185542
2013-03-25,1551.7,1556.9,1564.9,1546.2,,-0.33,-0.0033399704541074993,0.06631390874106846,1552.2800000000002,1542.42,1506.4933333333333,0.1289775011824986,1565.2,-0.008625095834398189
2013-03-26,1563.8,1551.7,1564.0,1551.7,,0.78,0.007797899078429982,0.07462891698735752,1555.38,1545.7649999999999,1508.9216666666666,0.12895841729495347,1565.2,-0.0008944543828265372
2013-03-27,1562.8,1563.8,1564.1,1551.9,,-0.06,-0.0006394679626550159,0.07394172622320139,1556.2,1548.105,1511.5950000000003,0.128936978840086,1565.2,-0.001533350370559683
2013-03-28,1569.2,1562.9,1570.3,1561.1,,0.41,0.00409521371896604,0.07833974711380076,1560.88,1550.83,1513.9783333333332,0.1282848576470096,1569.2,0.0
2013-04-01,1562.2,1569.2,1570.6,1558.5,,-0.45,-0.004460871781799658,0.07352941176470784,1561.94,1553.0300000000002,1515.6416666666667,0.1283370920958366,1569.2,-0.004460871781799658
2013-04-02,1570.2,1562.2,1573.7,1562.2,,0.51,0.005120983228779963,0.0790269378779569,1565.6399999999999,1555.2800000000002,1517.4883333333335,0.12830794354774616,1570.2,0.0
2013-04-03,1553.7,1570.2,1571.5,1549.8,,-1.05,-0.010508215513947317,0.06768829026938072,1563.6200000000001,1555.975,1518.9416666666666,0.12876138430432724,1570.2,-0.010508215513947317
2013-04-04,1560.0,1553.7,1562.6,1552.5,,0.41,0.004054836841089093,0.0720175920835644,1563.0600000000002,1556.9,1520.5766666666666,0.12877075992854925,1570.2,-0.006495987772258349
2013-04-05,1553.3,1560.0,1560.0,1539.5,,-0.43,-0.004294871794871868,0.06741341396371814,1559.8799999999999,1557.35,1522.1783333333333,0.128663990695125,1570.2,-0.010762960132467247
2013-04-08,1563.1,1553.3,1563.1,1548.6,,0.63,0.006309148264984188,0.07414788345244827,1560.06,1557.9450000000002,1523.88,0.12872554813384318,1570.2,-0.00452171697872894
2013-04-09,1568.6,1563.1,1573.9,1560.9,,0.35,0.0035186488388458947,0.077927432655307,1559.74,1558.565,1525.4883333333332,0.12831927908766755,1570.2,-0.0010189784740798347
2013-04-10,1587.7,1568.6,1589.1,1568.6,,1.22,0.01217646308810405,0.0910527762506892,1566.5400000000002,1560.325,1527.4166666666667,0.12884523976505302,1587.7,0.0
2013-04-11,1593.4,1587.7,1597.3,1586.2,,0.36,0.0035900988851798044,0.0949697636063791,1573.22,1562.27,1529.4616666666666,0.1283243638768223,1593.4,0.0
2013-04-12,1588.8,1593.3,1593.3,1580.0,,-0.29,-0.002886908497552465,0.0918086860912608,1580.3200000000002,1563.55,1531.4033333333332,0.1271416993167526,1593.4,-0.002886908497552465
2013-04-15,1552.4,1588.8,1588.8,1552.3,,-2.29,-0.02291037260825768,0.06679494227597771,1578.1799999999998,1563.135,1532.7333333333333,0.12912255993704325,1593.4,-0.025731140956445353
2013-04-16,1574.6,1552.4,1575.3,1552.4,,1.43,0.014300438031435103,0.08205057724024378,1579.38,1564.26,1534.2949999999998,0.12917424351214812,1593.4,-0.011798669511736026
2013-04-17,1552.0,1574.6,1574.6,1543.7,,-1.44,-0.01435285151784571,0.06652006597031535,1572.2400000000002,1564.4450000000002,1535.395,0.1293783635619746,1593.4,-0.02598217647797174
2013-04-18,1541.6,1552.0,1554.4,1536.0,,-0.67,-0.006701030927835139,0.059373282023091445,1561.8799999999999,1563.59,1536.2116666666666,0.12957616723818977,1593.4,-0.03250910003765539
2013-04-19,1555.2,1541.6,1555.9,1539.4,,0.88,0.008822003113648336,0.06871907641561492,1555.1599999999999,1564.06,1537.2183333333335,0.12897329641456895,1593.4,-0.023973892305761302
2013-04-22,1562.5,1555.2,1565.5,1548.2,,0.47,0.00469393004115215,0.0737355689939545,1557.1799999999998,1564.34,1538.3466666666668,0.1289598827669859,1593.4,-0.019392494037906438
2013-04-23,1578.8,1562.5,1579.6,1562.5,,1.04,0.010431999999999997,0.08493677844969949,1558.02,1565.695,1539.61,0.12917768118826234,1593.4,-0.009162796535709838
2013-04-24,1578.8,1578.8,1583.0,1575.8,,0.0,0.0,0.08493677844969949,1563.3799999999999,1566.4450000000002,1540.9199999999998,0.12917761589826887,1593.4,-0.009162796535709838
2013-04-25,1585.2,1578.9,1592.6,1578.9,,0.41,0.004053711679756766,0.08933479934029864,1572.1,1567.565,1542.2099999999998,0.12890823768712156,1593.4,-0.005146228191289071
2013-04-26,1582.2,1585.2,1585.8,1577.6,,-0.19,-0.0018925056775170868,0.08727322704783025,1577.5,1568.215,1543.5466666666666,0.12889468219180703,1593.4,-0.007028994602736316
2013-04-29,1593.6,1582.3,1596.7,1582.3,,0.72,0.0072051573758058485,0.09510720175921006,1583.7199999999998,1569.785,1545.1383333333333,0.12840174696442924,1593.6,0.0
2013-04-30,1597.6,1593.6,1597.6,1586.5,,0.25,0.0025100401606426015,0.09785596481583458,1587.48,1571.155,1546.5449999999998,0.1282699265982224,1597.6,0.0
2013-05-01,1582.7,1597.5,1597.5,1581.3,,-0.93,-0.009326489734601817,0.08761682242990831,1588.26,1572.605,1547.995,0.12863580090260104,1597.6,-0.009326489734601817
2013-05-02,1597.6,1582.8,1598.6,1582.8,,0.94,0.009414292032602356,0.09785596481583458,1590.74,1574.485,1549.4333333333334,0.12886570766026897,1597.6,0.0
2013-05-03,1614.4,1597.6,1618.5,1597.6,,1.05,0.010515773660490835,0.10940076965365764,1597.18,1577.54,1551.1383333333333,0.1291500522629879,1614.4,0.0
2013-05-06,1617.5,1614.4,1619.8,1614.2,,0.19,0.001920218037660959,0.11153106102254151,1601.96,1580.26,1552.9399999999998,0.12912003100707353,1617.5,0.0
2013-05-07,1626.0,1617.5,1626.0,1616.6,,0.53,0.0052550231839259,0.11737218251786863,1607.64,1583.13,1554.7416666666666,0.1289382711823281,1626.0,0.0
2013-05-08,1632.7,1626.0,1632.8,1622.7,,0.41,0.004120541205412165,0.12197636063771489,1617.6399999999999,1585.38,1556.6699999999998,0.12787303141442796,1632.7,0.0
2013-05-09,1626.7,1632.7,1635.0,1623.1,,-0.37,-0.0036748943467875828,0.1178532160527781,1623.46,1587.0449999999998,1558.4583333333333,0.12794844403936761,1632.7,-0.0036748943467875828
2013-05-10,1633.7,1626.7,1633.7,1623.7,,0.43,0.00430319050839123,0.12266355140187102,1627.3200000000002,1589.29,1560.3483333333336,0.1278987946763813,1633.7,0.0
2013-05-13,1633.8,1632.1,1636.0,1626.7,,0.01,6.121074860732101e-05,0.1227322704782865,1630.58,1593.36,1562.2216666666666,0.1276835320801821,1633.8,0.0
2013-05-14,1650.3,1633.8,1651.1,1633.8,,1.01,0.010099155343371358,0.13407091808686267,1635.44,1597.145,1564.3966666666668,0.12801211506339272,1650.3,0.0
2013-05-15,1658.8,1649.1,1661.5,1646.7,,0.52,0.005150578682663776,0.13991203958218978,1640.6599999999999,1602.4850000000001,1566.5283333333332,0.12801602700780867,1658.8,0.0
2013-05-16,1650.5,1658.1,1660.5,1648.6,,-0.5,-0.005003617072582567,0.13420835623969385,1645.42,1607.93,1568.8366666666666,0.12758421133590253,1658.8,-0.005003617072582567
2013-05-17,1667.5,1652.5,1667.5,1652.5,,1.03,0.010299909118449024,0.14589059923034808,1652.1799999999998,1613.545,1571.5883333333334,0.12776191736824707,1667.5,0.0
2013-05-20,1666.3,1665.7,1672.8,1663.5,,-0.07,-0.0007196401799101082,0.14506597031336055,1658.6799999999998,1618.7350000000001,1574.1,0.12765937246279804,1667.5,-0.0007196401799101082
2013-05-21,1669.2,1666.2,1674.9,1662.7,,0.17,0.0017403828842346147,0.14705882352941346,1662.4599999999998,1623.255,1577.1233333333332,0.12665139297491673,1669.2,0.0
2013-05-22,1655.3,1669.4,1687.2,1648.9,,-0.83,-0.00832734243949207,0.1375068719076431,1661.7599999999998,1627.08,1579.7633333333333,0.12671435204816267,1669.2,-0.00832734243949207
2013-05-23,1650.5,1651.6,1655.5,1635.5,,-0.29,-0.002899776475563276,0.13420835623969385,1661.7599999999998,1630.345,1582.005,0.1258685578839095,1669.2,-0.01120297148334537
2013-05-24,1649.6,1646.7,1649.8,1636.9,,-0.05,-0.0005452893062708464,0.13358988455195342,1658.1799999999998,1633.715,1584.2533333333333,0.1258763292320861,1669.2,-0.011742151929067912
2013-05-28,1660.1,1652.6,1674.2,1652.6,,0.64,0.006365179437439306,0.1408053875755928,1656.94,1637.04,1586.6183333333333,0.12599121759154397,1669.2,-0.005451713395638658
2013-05-29,1648.4,1656.6,1656.6,1640.0,,-0.7,-0.007047768206734473,0.1327652556349661,1652.78,1639.58,1588.6716666666664,0.12624366673389797,1669.2,-0.012461059190031154
2013-05-30,1654.4,1649.1,1661.9,1648.6,,0.36,0.0036398932297985187,0.1368884002199029,1652.6,1643.1650000000002,1590.5816666666667,0.12623434062990177,1669.2,-0.0088665228852145
2013-05-31,1630.7,1652.1,1659.0,1630.7,,-1.43,-0.014325435203094816,0.12060197910940262,1648.64,1644.8200000000002,1592.0683333333334,0.12673993809330847,1669.2,-0.023064941289240304
2013-06-03,1640.4,1631.7,1640.4,1622.7,,0.59,0.005948365732507455,0.12726772952171705,1646.8,1646.1200000000001,1593.6699999999998,0.1259231011069966,1669.2,-0.017253774263120025
2013-06-04,1631.4,1640.7,1646.5,1623.6,,-0.55,-0.00548646671543529,0.12108301264431187,1641.06,1646.815,1595.006666666667,0.12604541753228582,1669.2,-0.022645578720345005
2013-06-05,1608.9,1629.0,1629.3,1607.1,,-1.38,-0.013791835233541772,0.10562122045079891,1633.16,1645.9599999999998,1595.8849999999998,0.12429081772975921,1669.2,-0.03612508986340757
2013-06-06,1622.6,1609.3,1622.6,1598.2,,0.85,0.00851513456398778,0.11503573391973787,1626.8,1645.455,1597.0533333333333,0.12451845759076922,1669.2,-0.027917565300742964
2013-06-07,1643.4,1625.3,1644.4,1625.3,,1.28,0.012818932577345121,0.12932930181418545,1629.34,1646.2900000000002,1598.5349999999999,0.12499168829875094,1669.2,-0.015456506110711699
2013-06-10,1642.8,1644.7,1648.7,1639.3,,-0.04,-0.0003650967506390046,0.12891698735569168,1629.8200000000002,1646.7450000000001,1599.8616666666667,0.12302770012313928,1669.2,-0.01581595974119343
2013-06-11,1626.1,1638.6,1640.1,1622.9,,-1.02,-0.010165570976381821,0.11744090159428433,1628.7599999999998,1646.3600000000001,1600.9516666666668,0.12352187953152709,1669.2,-0.025820752456266582
2013-06-12,1612.5,1629.9,1637.7,1610.9,,-0.84,-0.008363569276182203,0.10809510720176108,1629.48,1644.47,1601.9583333333333,0.12364972572890338,1669.2,-0.03396836808051762
2013-06-13,1636.4,1612.2,1639.2,1608.1,,1.48,0.014821705426356635,0.12451896646509275,1632.24,1643.35,1603.4266666666667,0.12369712423198441,1669.2,-0.01965013179966446
2013-06-14,1626.7,1635.5,1640.8,1624.0,,-0.59,-0.005927646052309998,0.11785321605277832,1628.9,1642.1599999999999,1604.56,0.12341096814570347,1669.2,-0.02546129882578485
2013-06-17,1639.0,1630.6,1646.5,1630.3,,0.76,0.007561320464744448,0.12630566245189856,1628.1399999999999,1640.735,1606.1133333333335,0.12333896388669933,1669.2,-0.018092499400910622
2013-06-18,1651.8,1639.8,1654.2,1639.8,,0.78,0.007809640024405207,0.1351017042330971,1633.2800000000002,1640.0099999999998,1607.695,0.12313423408404615,1669.2,-0.01042415528396845
2013-06-19,1628.9,1651.8,1652.5,1628.9,,-1.39,-0.013863663881825805,0.11936503573392176,1636.56,1637.9950000000001,1608.9816666666666,0.12365007960556258,1669.2,-0.024143302180685278
2013-06-20,1588.2,1624.6,1624.6,1584.3,,-2.5,-0.024986186997360216,0.09139637163276726,1626.92,1634.6399999999999,1609.3883333333333,0.1263071137040048,1669.2,-0.048526240115025154
2013-06-21,1592.4,1588.6,1599.2,1577.7,,0.26,0.0026445032111825917,0.09428257284222319,1620.06,1631.7350000000001,1609.8816666666667,0.12599022402712745,1669.2,-0.046010064701653475
2013-06-24,1573.1,1588.8,1588.8,1560.3,,-1.21,-0.012120070334087019,0.08101979109400981,1606.88,1627.91,1609.9466666666667,0.12661593293179457,1669.2,-0.057572489815480576
2013-06-25,1588.0,1577.5,1593.8,1577.1,,0.95,0.009471743690801615,0.09125893347993608,1594.1200000000001,1624.3049999999998,1610.3766666666668,0.12481900121082819,1669.2,-0.0486460579918524
2013-06-26,1603.3,1592.3,1606.8,1592.3,,0.96,0.009634760705289569,0.10177295217152471,1589.0,1622.05,1610.9283333333333,0.1249707111198084,1669.2,-0.039479990414569954
2013-06-27,1613.2,1606.4,1620.1,1606.4,,0.62,0.0061747645481196045,0.10857614073667055,1594.0,1619.99,1611.9200000000003,0.1239546443875313,1669.2,-0.03354900551162232
2013-06-28,1606.3,1611.1,1615.9,1601.1,,-0.43,-0.004277212992809365,0.1038345244639931,1596.78,1618.77,1612.6916666666666,0.12399641080068677,1669.2,-0.03768272226216152
2013-07-01,1615.0,1609.8,1626.6,1609.8,,0.54,0.005416173815601111,0.1098130841121514,1605.1599999999999,1617.5,1613.72,0.12381441352314639,1669.2,-0.03247064462017735
2013-07-02,1614.1,1614.3,1624.3,1606.8,,-0.06,-0.0005572755417957431,0.10919461242441075,1610.3799999999999,1616.635,1614.57,0.12378774116606714,1669.2,-0.03300982506589989
2013-07-03,1615.4,1611.5,1619.0,1604.6,,0.08,0.0008054023914256803,0.11008796041781377,1612.8,1616.9599999999998,1615.35,0.12138411883254487,1669.2,-0.03223100886652286
2013-07-05,1631.9,1618.7,1632.1,1614.7,,1.02,0.010214188436300509,0.12142660802638972,1616.54,1617.425,1616.0866666666666,0.12174428967119887,1669.2,-0.02234603402827695
2013-07-08,1640.5,1634.2,1644.7,1634.2,,0.53,0.005269930755561036,0.12733644859813253,1623.3799999999999,1617.28,1616.8716666666667,0.12170481143690198,1669.2,-0.01719386532470646
2013-07-09,1652.3,1642.9,1654.2,1642.9,,0.72,0.0071929289850654055,0.1354452996151747,1630.84,1617.7549999999999,1617.93,0.12175475629981554,1669.2,-0.010124610591900396
2013-07-10,1652.6,1651.6,1657.9,1647.7,,0.02,0.00018156509108502306,0.13565145684442137,1638.5400000000002,1619.0800000000002,1619.6,0.12132394305648382,1669.2,-0.009944883776659585
2013-07-11,1675.0,1657.4,1676.6,1657.4,,1.36,0.013554399128645755,0.15104452996151863,1650.4600000000003,1622.2050000000002,1621.2733333333333,0.12196495853503635,1675.0,0.0
2013-07-12,1680.2,1675.3,1680.2,1672.3,,0.31,0.003104477611940215,0.15461792193513046,1660.1200000000001,1624.395,1623.4099999999999,0.1216486439835944,1680.2,0.0
2013-07-15,1682.5,1679.6,1684.5,1677.9,,0.14,0.001368884656588465,0.1561984606926896,1668.52,1627.185,1625.7583333333334,0.12164591813930455,1682.5,0.0
2013-07-16,1676.3,1682.7,1683.7,1671.8,,-0.37,-0.003684992570579526,0.15193787795492164,1673.3200000000002,1629.05,1627.7766666666664,0.12158894374654829,1682.5,-0.003684992570579526
2013-07-17,1680.9,1677.9,1684.8,1677.9,,0.27,0.002744138877289304,0.15509895547003993,1678.98,1630.5049999999999,1629.75,0.12059726113094746,1682.5,-0.0009509658246655839
2013-07-18,1689.4,1681.0,1693.1,1681.0,,0.51,0.005056814801594367,0.16094007696536705,1681.8600000000001,1633.53,1631.5933333333335,0.12062536717773485,1689.4,0.0
2013-07-19,1692.1,1686.2,1692.1,1684.1,,0.16,0.0015982005445718261,0.16279549202858834,1684.2399999999998,1638.725,1633.4816666666668,0.12044794013704754,1692.1,0.0
2013-07-22,1695.5,1694.4,1697.6,1690.7,,0.2,0.002009337509603526,0.16513194062671932,1686.8399999999997,1643.8799999999999,1635.3200000000002,0.12031316086195142,1695.5,0.0
2013-07-23,1692.4,1696.6,1698.8,1691.1,,-0.18,-0.0018283692126216389,0.16300164925783522,1690.0600000000002,1649.845,1637.1566666666665,0.1203291787805206,1695.5,-0.0018283692126216389
2013-07-24,1685.9,1696.1,1698.4,1682.6,,-0.38,-0.0038406995982037673,0.15853490929082037,1691.06,1654.7400000000002,1638.695,0.1199263015260321,1695.5,-0.005662046593924996
2013-07-25,1690.2,1685.2,1690.9,1680.1,,0.26,0.002550566463016768,0.16148982957669178,1691.22,1659.0849999999998,1640.2383333333335,0.11953106927278062,1695.5,-0.0031259215570628163
2013-07-26,1691.7,1687.3,1691.8,1676.0,,0.09,0.0008874689385871548,0.16252061572292598,1691.14,1663.0100000000002,1642.055,0.11911269688869444,1695.5,-0.002241226776761973
2013-07-29,1685.3,1690.3,1690.9,1681.9,,-0.38,-0.0037831766861736726,0.15812259483232682,1689.1,1666.9599999999998,1643.5166666666667,0.11920054978909334,1695.5,-0.006015924506045489
2013-07-30,1686.0,1687.9,1693.2,1682.4,,0.04,0.0004153563163828977,0.15860362836723607,1687.8200000000002,1670.5099999999998,1644.71,0.118171515993063,1695.5,-0.005603066941905044
2013-07-31,1685.7,1687.8,1698.4,1684.9,,-0.02,-0.000177935943060481,0.1583974711379892,1687.78,1674.0900000000001,1645.8466666666668,0.1167486003939185,1695.5,-0.005780005897965124
2013-08-01,1706.9,1689.4,1707.8,1689.4,,1.26,0.01257637776591336,0.17296591533809935,1691.1200000000001,1678.6649999999997,1647.195,0.11733274256138664,1706.9,0.0
2013-08-02,1709.7,1706.1,1709.7,1700.7,,0.16,0.0016404007264632092,0.17489004947773656,1694.72,1682.5549999999998,1648.4783333333332,0.11721959788885274,1709.7,0.0
2013-08-05,1707.1,1708.0,1709.2,1703.5,,-0.15,-0.0015207346318067971,0.17310335349093053,1699.08,1685.8849999999998,1649.8183333333334,0.11717826225316531,1709.7,-0.0015207346318067971
2013-08-06,1697.4,1705.8,1705.8,1693.3,,-0.57,-0.005682151016343395,0.1664376030786161,1701.36,1688.14,1650.8799999999999,0.1170727531905712,1709.7,-0.007194244604316502
2013-08-07,1690.9,1695.3,1695.3,1684.9,,-0.38,-0.003829386119948208,0.16197086311160125,1702.4,1690.0549999999998,1651.8316666666667,0.11573849934002808,1709.7,-0.01099608118383344
2013-08-08,1697.5,1693.3,1700.2,1688.4,,0.39,0.0039032467916493285,0.16650632215503158,1700.52,1691.1799999999998,1652.6183333333333,0.11577043247215806,1709.7,-0.007135754810785544
2013-08-09,1691.4,1696.1,1699.4,1686.0,,-0.36,-0.0035935198821795966,0.16231445849367931,1696.86,1691.7400000000002,1653.1616666666666,0.11577353384847765,1709.7,-0.010703632216178205
2013-08-12,1689.5,1688.4,1691.5,1683.3,,-0.11,-0.0011233297859761793,0.16100879604178253,1693.3400000000001,1692.0900000000001,1653.8116666666667,0.1157890043075832,1709.7,-0.011814938293267851
2013-08-13,1694.2,1690.7,1696.8,1682.6,,0.28,0.002781888132583621,0.1642385926333163,1692.7,1692.985,1654.2566666666667,0.11580602148433634,1709.7,-0.009065917997309492
2013-08-14,1685.4,1693.9,1695.5,1684.8,,-0.52,-0.005194191949002502,0.1581913139087423,1691.6,1693.2100000000003,1654.575,0.1159505666938089,1709.7,-0.014213019828040019
2013-08-15,1661.3,1679.6,1679.6,1658.6,,-1.43,-0.014299276136228833,0.14163001649257945,1684.3600000000001,1691.8049999999998,1654.4433333333334,0.11690598283035866,1709.7,-0.02830906006901801
2013-08-16,1655.8,1661.2,1663.6,1652.6,,-0.33,-0.003310660326250492,0.13785046728972072,1677.2400000000002,1689.9900000000002,1654.4516666666666,0.11697167294511997,1709.7,-0.03152599871322459
2013-08-19,1646.1,1655.2,1659.2,1645.8,,-0.59,-0.0058581954342311615,0.1311847168774063,1668.56,1687.52,1654.3783333333333,0.11715337677448523,1709.7,-0.037199508685734406
2013-08-20,1652.3,1646.8,1658.9,1646.1,,0.38,0.0037664783427495685,0.13544529961517426,1660.1799999999998,1685.515,1654.4233333333334,0.11701576029178282,1709.7,-0.033573141486810565
2013-08-21,1642.8,1650.7,1657.0,1639.4,,-0.57,-0.005749561217696542,0.12891698735569102,1651.6599999999999,1683.36,1654.135,0.11718296741239463,1709.7,-0.039129671872258354
2013-08-22,1657.0,1645.0,1659.5,1645.0,,0.86,0.008643778914049216,0.13867509620670804,1650.8,1681.7,1654.2783333333334,0.11745580670864533,1709.7,-0.030824121190852205
2013-08-23,1663.5,1659.9,1664.8,1654.8,,0.39,0.003922751961376036,0.1431418361737229,1652.3400000000001,1680.2900000000002,1654.43,0.11742892323299438,1709.7,-0.02702228461133538
2013-08-26,1656.8,1664.3,1669.5,1656.0,,-0.4,-0.004027652539825732,0.13853765805387686,1654.48,1678.8650000000002,1654.865,0.11752218888799672,1709.7,-0.030941100777914343
2013-08-27,1630.5,1652.5,1652.5,1629.0,,-1.59,-0.015873973925639717,0.12046454095657078,1650.1200000000001,1676.0900000000001,1654.7,0.11836054108728847,1709.7,-0.046323916476574856
2013-08-28,1635.0,1630.2,1641.2,1627.5,,0.28,0.002759889604415866,0.12355689939527337,1648.56,1673.5549999999998,1654.7599999999998,0.1182372602107809,1709.7,-0.04369187576767852
2013-08-29,1638.2,1633.5,1646.4,1630.9,,0.2,0.001957186544342626,0.12575590984057317,1644.8,1670.1200000000001,1655.2483333333334,0.11823962344290229,1709.7,-0.041820202374685644
2013-08-30,1633.0,1638.9,1640.1,1628.0,,-0.32,-0.0031742156024905377,0.12218251786696133,1638.7,1666.2849999999999,1655.4216666666666,0.11829235423964057,1709.7,-0.04486167163829913
2013-09-03,1639.8,1636.0,1651.3,1633.4,,0.42,0.004164115125535828,0.12685541506322306,1635.3,1662.92,1655.3616666666667,0.11834544510999088,1709.7,-0.040884365678189205
2013-09-04,1653.1,1640.7,1655.7,1637.4,,0.81,0.008110745212830839,0.13599505222649966,1639.8200000000002,1660.705,1655.5333333333333,0.11827778764939062,1709.7,-0.033105223138562345
2013-09-05,1655.1,1653.3,1659.2,1653.1,,0.12,0.0012098481640554493,0.13736943375481192,1643.8400000000001,1658.9150000000002,1656.0166666666667,0.11819707236346261,1709.7,-0.03193542726794185
2013-09-06,1655.2,1657.4,1664.8,1640.6,,0.01,6.041931001155021e-05,0.13743815283122762,1647.2400000000002,1656.8,1656.7283333333332,0.11818359736741572,1709.7,-0.03187693747441067
2013-09-09,1671.7,1656.8,1672.4,1656.8,,1.0,0.009968583856935664,0.1487768004398038,1654.98,1655.815,1657.3166666666666,0.11853466354715829,1709.7,-0.022226121541790933
2013-09-10,1684.0,1674.3,1684.1,1674.3,,0.74,0.007357779505892115,0.15722924683892403,1663.8200000000002,1655.5400000000002,1658.2716666666668,0.11706084503425158,1709.7,-0.015031876937474431
2013-09-11,1689.1,1681.0,1689.1,1678.7,,0.3,0.0030285035629453727,0.1607339197361204,1671.0199999999998,1655.2849999999999,1659.1066666666668,0.11703568989753445,1709.7,-0.012048897467392017
2013-09-12,1683.4,1689.2,1690.0,1682.0,,-0.34,-0.003374578177727683,0.15681693238043048,1676.6799999999998,1655.185,1659.6333333333334,0.11690799321046022,1709.7,-0.015382815698660512
2013-09-13,1688.0,1685.0,1688.7,1682.2,,0.27,0.002732565046928759,0.15997800989554856,1683.2400000000002,1656.5199999999998,1660.6183333333333,0.11689989810309617,1709.7,-0.012692285196233333
2013-09-16,1697.6,1691.7,1705.0,1691.7,,0.57,0.005687203791469031,0.16657504123144729,1688.4199999999996,1658.61,1662.4416666666666,0.11699887067888827,1709.7,-0.007077265017254586
2013-09-17,1704.8,1697.7,1705.5,1697.7,,0.42,0.004241281809613584,0.1715228147333714,1692.58,1661.545,1664.3149999999998,0.11600229369287901,1709.7,-0.002865999883020498
2013-09-18,1725.5,1705.7,1729.4,1700.3,,1.21,0.012142186766776142,0.18574766355140326,1699.86,1665.205,1666.8549999999998,0.11652429436575364,1725.5,0.0
2013-09-19,1722.3,1727.3,1729.9,1720.2,,-0.19,-0.0018545349174152737,0.1835486531061037,1707.64,1669.1799999999998,1669.0933333333332,0.11648919142630566,1725.5,-0.0018545349174152737
2013-09-20,1709.9,1722.4,1725.2,1708.9,,-0.72,-0.007199674853393678,0.17502748763056775,1712.02,1671.825,1670.8700000000001,0.11673896569369471,1725.5,-0.009040857722399265
2013-09-23,1701.8,1711.4,1711.4,1697.1,,-0.47,-0.004737119129773704,0.169461242440903,1712.86,1673.7400000000002,1672.3466666666666,0.11686226720387645,1725.5,-0.013735149232106614
2013-09-24,1697.4,1702.6,1707.6,1694.9,,-0.26,-0.002585497708308737,0.1664376030786161,1711.3799999999999,1675.77,1673.8650000000002,0.1169013622951037,1725.5,-0.016285134743552532
2013-09-25,1692.8,1698.0,1701.7,1691.9,,-0.27,-0.0027100271002711285,0.1632765255634978,1704.8400000000001,1678.8849999999998,1675.1616666666669,0.11694691416538461,1725.5,-0.018951028687337
2013-09-26,1698.7,1694.0,1703.8,1693.1,,0.35,0.0034853497164462066,0.16733095107201912,1700.1200000000001,1682.0700000000002,1676.5716666666667,0.11694629781022929,1725.5,-0.015531729933352612
2013-09-27,1691.8,1695.5,1695.5,1687.1,,-0.41,-0.004061929710955536,0.16258933479934168,1696.5,1684.75,1677.8450000000003,0.11650698910969182,1725.5,-0.019530570849029316
2013-09-30,1681.5,1687.3,1687.3,1675.0,,-0.61,-0.006088190093391677,0.15551126992853348,1692.44,1687.175,1678.6716666666666,0.1165257512957559,1725.5,-0.025499855114459624
2013-10-01,1695.0,1682.4,1696.5,1682.1,,0.8,0.00802854594112401,0.16478834524464125,1691.9599999999998,1689.935,1679.5800000000002,0.11640766776741021,1725.5,-0.017676035931614043
2013-10-02,1693.9,1691.9,1693.9,1680.3,,-0.06,-0.0006489675516223592,0.16403243540406964,1692.1799999999998,1691.975,1680.2733333333333,0.11630050834007571,1725.5,-0.01831353230947541
2013-10-03,1678.7,1692.3,1692.3,1670.4,,-0.9,-0.008973375051655963,0.1535871357888965,1688.1799999999998,1693.155,1680.7083333333333,0.11668220380605868,1725.5,-0.027122573167197905
2013-10-04,1690.5,1678.8,1691.9,1677.3,,0.7,0.007029248823494427,0.16169598680593888,1687.92,1694.92,1680.9666666666667,0.11685764357403518,1725.5,-0.020283975659229236
2013-10-07,1676.1,1687.2,1687.2,1674.7,,-0.85,-0.008518189884649585,0.15180043980209046,1686.8400000000001,1695.14,1680.8983333333335,0.11717824718179544,1725.5,-0.028629382787597857
2013-10-08,1655.5,1676.2,1676.8,1655.0,,-1.23,-0.012290436131495719,0.13764431006047428,1678.94,1693.7150000000001,1680.4483333333335,0.11769766550472338,1725.5,-0.04056795131845847
2013-10-09,1656.4,1657.0,1662.5,1646.5,,0.05,0.0005436424041076471,0.13826278174821494,1671.44,1692.08,1680.1166666666666,0.11769446616623971,1725.5,-0.04004636337293532
2013-10-10,1692.6,1660.9,1692.6,1660.9,,2.19,0.021854624486838725,0.16313908741066663,1674.22,1692.5400000000002,1680.3116666666667,0.11954294179224148,1725.5,-0.019066937119675553
2013-10-11,1703.2,1691.1,1703.4,1688.5,,0.63,0.0062625546496515305,0.1704233095107217,1676.7599999999998,1693.3,1680.5416666666667,0.11920705345521246,1725.5,-0.012923790205737418
2013-10-14,1710.1,1699.9,1711.0,1692.1,,0.41,0.004051197745420287,0.17516492578339893,1683.56,1693.925,1680.8416666666667,0.11905434432936092,1725.5,-0.008924949290060935
2013-10-15,1698.1,1709.2,1711.6,1695.9,,-0.7,-0.007017133500964889,0.16691863661352535,1692.08,1693.5899999999997,1680.8849999999998,0.11930487492955612,1725.5,-0.015879455230368045
2013-10-16,1721.5,1700.5,1721.8,1700.5,,1.38,0.013780107178611445,0.18299890049477896,1705.1,1693.3899999999999,1681.37,0.11996244434177264,1725.5,-0.0023181686467690366
2013-10-17,1733.2,1720.2,1733.5,1714.1,,0.68,0.00679639848968927,0.19103903243540565,1713.22,1693.935,1682.1583333333333,0.11989259282694743,1733.2,0.0
2013-10-18,1744.5,1736.7,1745.3,1735.7,,0.65,0.0065197322870989005,0.19880428807036976,1721.48,1695.6650000000002,1683.063333333333,0.11965190328642498,1744.5,0.0
2013-10-21,1744.7,1745.2,1747.8,1740.7,,0.01,0.00011464603038113808,0.19894172622320094,1728.4,1697.81,1683.9466666666667,0.11960552451410829,1744.7,0.0
2013-10-22,1754.7,1746.5,1759.3,1746.5,,0.57,0.005731644408780934,0.20581363386476226,1739.72,1700.675,1685.1033333333332,0.11966635406709342,1754.7,0.0
2013-10-23,1746.4,1752.3,1752.3,1740.5,,-0.47,-0.0047301533025587705,0.20010995052226654,1744.7,1703.355,1686.11,0.11852939641574999,1754.7,-0.0047301533025587705
2013-10-24,1752.1,1747.5,1753.9,1745.5,,0.33,0.0032638570774163878,0.20402693787795645,1748.48,1706.025,1687.2166666666667,0.11855405276227021,1754.7,-0.0014817347694763283
2013-10-25,1759.8,1756.0,1759.8,1752.5,,0.44,0.0043947263284058735,0.20931830676195862,1751.5400000000002,1709.425,1688.0983333333336,0.11761220943339182,1759.8,0.0
2013-10-28,1762.1,1759.4,1765.0,1757.7,,0.13,0.0013069667007614694,0.21089884551951776,1755.02,1713.455,1688.9716666666668,0.11754627844486445,1762.1,0.0
2013-10-29,1772.0,1762.9,1772.1,1762.9,,0.56,0.005618296350945018,0.2177020340846636,1758.48,1717.3049999999998,1690.0533333333333,0.11762235710658736,1772.0,0.0
2013-10-30,1763.3,1772.3,1775.2,1757.2,,-0.49,-0.0049097065462754275,0.2117234744365053,1761.86,1720.775,1691.1516666666669,0.11775494256718648,1772.0,-0.0049097065462754275
2013-10-31,1756.5,1763.2,1768.5,1755.7,,-0.39,-0.003856405603130497,0.20705057724024356,1762.7400000000002,1724.6649999999997,1692.245,0.11784939229366824,1772.0,-0.00874717832957106
2013-11-01,1761.6,1758.7,1765.7,1752.7,,0.29,0.0029035012809564,0.2105552501374397,1763.1,1728.22,1693.3133333333333,0.11743787034632945,1772.0,-0.005869074492099391
2013-11-04,1767.9,1763.4,1768.8,1761.6,,0.36,0.0035762942779291595,0.21488455195162337,1764.2599999999998,1732.81,1694.5883333333334,0.11701682110509297,1772.0,-0.002313769751692951
2013-11-05,1763.0,1765.7,1767.0,1755.8,,-0.28,-0.0027716499802025174,0.21151731720725842,1762.4599999999998,1738.185,1695.8133333333333,0.11706762803158638,1772.0,-0.005079006772009009
2013-11-06,1770.5,1765.0,1773.7,1764.4,,0.43,0.0042541123085648724,0.2166712479384294,1763.9,1743.8899999999999,1697.085,0.1169093080704184,1772.0,-0.0008465011286681312
2013-11-07,1747.2,1770.7,1774.5,1746.2,,-1.32,-0.013160124258683958,0.2006597031335915,1762.0400000000002,1746.6200000000001,1698.115,0.11513929889947393,1772.0,-0.013995485327313761
2013-11-08,1770.6,1748.4,1770.8,1747.6,,1.34,0.013392857142856984,0.21673996701484466,1763.8400000000001,1749.9899999999998,1699.9366666666667,0.11505648955575251,1772.0,-0.0007900677200903816
2013-11-11,1771.9,1770.0,1773.4,1767.8,,0.07,0.0007342143906021725,0.21763331500824767,1764.64,1753.08,1701.8716666666667,0.11505501268263611,1772.0,-5.643340857786061e-05
2013-11-12,1767.7,1769.5,1771.8,1762.3,,-0.24,-0.002370336926463157,0.21474711379879197,1765.58,1756.56,1703.8983333333333,0.1151016854034579,1772.0,-0.0024266365688487834
2013-11-13,1782.0,1764.4,1782.0,1760.6,,0.81,0.008089607965152457,0.2245739417262247,1767.8799999999999,1759.5849999999998,1706.06,0.11520895211148618,1782.0,0.0
2013-11-14,1790.6,1782.8,1791.5,1780.2,,0.48,0.004826038159371437,0.2304837822979673,1776.56,1762.455,1708.5233333333333,0.11429642320840384,1790.6,0.0
2013-11-15,1798.2,1790.7,1798.2,1790.7,,0.42,0.00424438735619348,0.23570643210555398,1782.08,1765.14,1710.8766666666666,0.11430507779598126,1798.2,0.0
2013-11-18,1791.5,1798.8,1802.3,1788.0,,-0.37,-0.0037259481703926234,0.23110225398570794,1786.0,1767.48,1713.0099999999998,0.11434752250085171,1798.2,-0.0037259481703926234
2013-11-19,1787.9,1790.8,1795.5,1784.7,,-0.2,-0.0020094892548143672,0.228628367234746,1790.0400000000002,1769.14,1715.1950000000002,0.11283137618256857,1798.2,-0.00572795017239458
2013-11-20,1781.4,1789.6,1795.7,1777.2,,-0.36,-0.003635550086693917,0.22416162726773114,1789.92,1770.89,1717.71,0.11292734259028332,1798.2,-0.009342676009342687
2013-11-21,1795.8,1783.5,1797.2,1783.5,,0.81,0.008083529808016188,0.23405717427157935,1790.9600000000003,1773.075,1720.39,0.11314117151705615,1798.2,-0.001334668001334749
2013-11-22,1804.8,1797.2,1804.8,1794.7,,0.5,0.005011693952555962,0.24024189114898453,1792.28,1775.325,1723.1666666666667,0.11256488962393767,1804.8,0.0
2013-11-25,1802.5,1806.3,1808.1,1800.6,,-0.13,-0.0012743794326240954,0.23866135239142539,1794.48,1777.345,1725.9916666666666,0.11254619351270931,1804.8,-0.0012743794326240954
2013-11-26,1802.8,1802.9,1808.4,1800.8,,0.02,0.00016643550624140246,0.23886750962067227,1797.4599999999998,1778.8849999999998,1728.7083333333333,0.11237322680455465,1804.8,-0.0011081560283687786
2013-11-27,1807.2,1803.5,1808.3,1802.8,,0.24,0.0024406478810738985,0.24189114898295916,1802.6200000000001,1781.0800000000004,1731.2766666666669,0.11217292331897286,1807.2,0.0
2013-11-29,1805.8,1808.7,1813.5,1804.0,,-0.08,-0.0007746790615317245,0.24092908191314044,1804.6200000000001,1783.545,1733.7883333333332,0.1121375087384635,1807.2,-0.0007746790615317245
2013-12-02,1800.9,1806.5,1810.0,1798.6,,-0.27,-0.002713478790563717,0.2375618471687755,1803.8400000000001,1785.5099999999998,1736.2166666666667,0.1121955308640469,1807.2,-0.003486055776892427
2013-12-03,1795.2,1800.1,1800.1,1787.8,,-0.32,-0.003165084124604367,0.23364485981308558,1802.3799999999999,1786.875,1738.275,0.11212642741960524,1807.2,-0.006640106241699861
2013-12-04,1792.8,1793.2,1799.8,1779.1,,-0.13,-0.0013368983957219305,0.23199560197911095,1800.3799999999999,1788.3650000000002,1740.0883333333334,0.1121164880105347,1807.2,-0.007968127490039945
2013-12-05,1785.0,1792.8,1792.8,1783.4,,-0.44,-0.004350736278447065,0.2266355140186933,1795.94,1789.0900000000001,1741.6866666666667,0.11224146611687072,1807.2,-0.012284196547144743
2013-12-06,1805.1,1788.4,1806.0,1788.4,,1.13,0.011260504201680677,0.24044804837823164,1795.8,1791.985,1743.715,0.11268999426993949,1807.2,-0.0011620185922975867
2013-12-09,1808.4,1806.2,1811.5,1806.2,,0.18,0.001828153564899626,0.24271577789994714,1797.3,1793.875,1745.7216666666668,0.11267567646464123,1808.4,0.0
2013-12-10,1802.6,1807.6,1808.5,1801.8,,-0.32,-0.0032072550320726423,0.23873007146784153,1798.78,1795.4099999999999,1747.4716666666666,0.11275170046494808,1808.4,-0.0032072550320726423
2013-12-11,1782.2,1802.8,1803.0,1780.1,,-1.13,-0.011316986574947174,0.22471137987905654,1796.6599999999999,1796.1350000000002,1748.7616666666668,0.11327907057984306,1808.4,-0.0144879451448795
2013-12-12,1775.5,1781.7,1783.0,1772.3,,-0.38,-0.003759398496240629,0.2201072017592105,1794.7599999999998,1795.8100000000002,1749.5950000000003,0.1133743859279543,1808.4,-0.018192877681928787
2013-12-13,1775.3,1778.0,1780.9,1772.5,,-0.01,-0.00011264432554214387,0.21996976360637932,1788.8,1795.045,1750.4783333333332,0.11314909437337232,1808.4,-0.018303472683034783
2013-12-16,1786.5,1777.5,1792.2,1777.5,,0.63,0.006308792880076686,0.22766630016492817,1784.42,1794.4599999999998,1751.7549999999999,0.11316229539564607,1808.4,-0.0121101526211016
2013-12-17,1781.0,1786.5,1786.8,1777.0,,-0.31,-0.0030786453960257587,0.22388675096206945,1780.1,1793.935,1753.075,0.1126996495418214,1808.4,-0.015151515151515249
2013-12-18,1810.7,1781.5,1811.1,1768.0,,1.67,0.01667602470522178,0.2442963166575065,1785.8,1795.075,1754.9633333333334,0.11330911047165482,1810.7,0.0
2013-12-19,1809.6,1809.0,1810.9,1801.3,,-0.06,-0.0006074998619318706,0.24354040681693467,1792.6200000000001,1796.4850000000001,1756.9099999999999,0.11299657642571219,1810.7,-0.0006074998619318706
2013-12-20,1818.3,1810.4,1823.8,1810.2,,0.48,0.004807692307692291,0.24951896646509297,1801.22,1797.61,1758.9033333333332,0.11297058094864991,1818.3,0.0
2013-12-23,1828.0,1822.9,1829.8,1822.9,,0.53,0.005334653247538901,0.2561847168774074,1809.52,1798.7699999999998,1761.1733333333332,0.11258119042938138,1828.0,0.0
2013-12-24,1833.3,1828.0,1833.3,1828.0,,0.29,0.0028993435448576577,0.2598268279274347,1819.98,1800.31,1763.7033333333334,0.11254380727294756,1833.3,0.0
2013-12-26,1842.0,1835.0,1842.8,1835.0,,0.47,0.004745540828015038,0.265805387575593,1826.2400000000002,1802.27,1766.1533333333332,0.11245102518595887,1842.0,0.0
2013-12-27,1841.4,1843.0,1844.9,1839.8,,-0.03,-0.00032573289902271263,0.2653930731170995,1832.6,1803.98,1768.6116666666667,0.11243684642350281,1842.0,-0.00032573289902271263
2013-12-30,1841.1,1841.5,1842.5,1838.8,,-0.02,-0.00016291951775837532,0.26518691588785237,1837.1599999999999,1805.7450000000001,1771.3183333333334,0.1117822674979788,1842.0,-0.000488599348534291
2013-12-31,1848.4,1842.6,1849.4,1842.4,,0.4,0.00396502091141171,0.2702034084661922,1841.2400000000002,1808.1200000000001,1773.95,0.11068013905886293,1848.4,0.0
2014-01-02,1832.0,1845.9,1845.9,1827.7,,-0.89,-0.008872538411599296,0.2589334799340315,1840.98,1809.9599999999998,1776.5483333333332,0.10839794109301323,1848.4,-0.008872538411599296
2014-01-03,1831.4,1833.2,1838.2,1829.1,,-0.03,-0.0003275109170305379,0.25852116547553794,1838.86,1811.89,1779.48,0.10836423444644501,1848.4,-0.009197143475438208
2014-01-06,1826.8,1832.3,1837.2,1823.7,,-0.25,-0.002511739652724776,0.25536008796041965,1835.94,1813.98,1782.32,0.10834601110878005,1848.4,-0.01168578229820394
2014-01-07,1837.9,1828.7,1840.1,1828.7,,0.61,0.006076198817604572,0.2629879054425528,1835.3,1815.6200000000001,1784.7416666666666,0.10839347347264132,1848.4,-0.005680588617182458
2014-01-08,1837.5,1837.9,1840.0,1831.4,,-0.02,-0.00021763969748089806,0.2627130291368902,1833.1200000000001,1817.075,1786.98,0.10831976040953874,1848.4,-0.00589699199307514
2014-01-09,1838.1,1839.0,1843.2,1830.4,,0.03,0.00032653061224485747,0.26312534359538375,1834.3400000000001,1818.85,1789.1133333333332,0.10830859960021562,1848.4,-0.005572386929236228
2014-01-10,1842.4,1840.1,1843.2,1832.4,,0.23,0.0023393721777924537,0.2660802638812554,1836.5400000000002,1821.86,1791.5183333333334,0.10811130476239764,1848.4,-0.003246050638390008
2014-01-13,1819.2,1841.3,1843.5,1815.5,,-1.26,-0.012592270950933626,0.2501374381528332,1835.02,1824.0449999999996,1793.1466666666668,0.10894771851245502,1848.4,-0.015797446440164453
2014-01-14,1838.9,1821.4,1839.3,1821.4,,1.08,0.010828935795954342,0.26367509620670915,1835.22,1827.225,1794.9083333333333,0.10938777144304888,1848.4,-0.005139580177450753
2014-01-15,1848.4,1840.5,1850.8,1840.5,,0.52,0.00516613192669535,0.2702034084661924,1837.4,1830.3200000000002,1796.64,0.10947039609129919,1848.4,0.0
2014-01-16,1845.9,1848.0,1848.0,1840.3,,-0.14,-0.0013525210993291514,0.26848543155580207,1838.9599999999998,1833.565,1798.3266666666666,0.1094917775878353,1848.4,-0.0013525210993291514
2014-01-17,1838.7,1844.2,1846.0,1835.2,,-0.39,-0.003900536323744541,0.26353765805387797,1838.22,1834.9649999999997,1799.7266666666665,0.10949474252587203,1848.4,-0.005247781865397094
2014-01-21,1843.8,1841.0,1849.3,1832.4,,0.28,0.002773698808941072,0.2670423309510741,1843.14,1836.675,1801.35,0.10948105570522683,1848.4,-0.002488638822765732
2014-01-22,1844.9,1844.7,1846.9,1840.9,,0.06,0.0005965939906715789,0.26779824079164594,1844.3400000000001,1838.0050000000003,1802.8966666666668,0.1094229882849499,1848.4,-0.0018935295390608564
2014-01-23,1828.5,1842.3,1842.3,1820.1,,-0.89,-0.008889370697598875,0.25652831225948525,1840.3600000000001,1838.0300000000002,1804.0416666666667,0.10985497641703867,1848.4,-0.010766067950660041
2014-01-24,1790.3,1827.0,1827.0,1790.3,,-2.09,-0.020891441071916872,0.23027762506872107,1829.2400000000002,1835.8799999999999,1804.5116666666665,0.11197824264444697,1848.4,-0.031432590348409506
2014-01-27,1781.6,1791.0,1796.0,1772.9,,-0.49,-0.004859520750712165,0.22429906542056277,1817.8200000000002,1832.8600000000001,1804.6716666666666,0.11201601576269263,1848.4,-0.036139363774075006
2014-01-28,1792.5,1783.0,1793.9,1779.5,,0.61,0.006118096093399306,0.23178944474986474,1807.56,1830.4150000000002,1805.1583333333333,0.11211696605505085,1848.4,-0.030242371780999866
2014-01-29,1774.2,1790.2,1790.2,1770.5,,-1.02,-0.010209205020920487,0.2192138537658075,1793.42,1827.0700000000002,1805.4533333333334,0.11256375432928899,1848.4,-0.04014282622808918
2014-01-30,1794.2,1777.2,1798.8,1777.2,,1.13,0.011272686281140754,0.23295766904893012,1786.5600000000002,1824.36,1805.9966666666664,0.11296921463137558,1848.4,-0.029322657433455968
2014-01-31,1782.6,1790.9,1793.9,1772.3,,-0.65,-0.0064652770036786045,0.2249862561847189,1785.02,1821.89,1806.2416666666666,0.11314972061856729,1848.4,-0.0355983553343433
2014-02-03,1741.9,1782.7,1784.8,1739.7,,-2.28,-0.0228318186917984,0.1970175920835644,1777.08,1817.4149999999997,1805.8899999999999,0.11518333593526639,1848.4,-0.05761739883142181
2014-02-04,1755.2,1743.8,1758.7,1743.8,,0.76,0.007635340719903461,0.20615722924684077,1769.6200000000001,1813.8350000000003,1805.635,0.11474942610186324,1848.4,-0.050421986582990685
2014-02-05,1751.6,1753.4,1755.8,1737.9,,-0.21,-0.002051048313582604,0.2036833424958786,1765.1,1809.52,1805.7083333333333,0.11436077557891076,1848.4,-0.05236961696602471
2014-02-06,1773.4,1753.0,1774.1,1753.0,,1.24,0.012445763873030424,0.21866410115448232,1760.94,1806.315,1805.755,0.11497138418195302,1848.4,-0.04057563297987443
2014-02-07,1797.0,1776.0,1798.0,1776.0,,1.33,0.013307770384571871,0.23488180318856688,1763.8200000000002,1804.2600000000002,1806.1733333333334,0.11563798289081469,1848.4,-0.027807833802207416
2014-02-10,1799.8,1796.2,1799.9,1791.8,,0.16,0.0015581524763494947,0.2368059373282041,1775.4,1802.1299999999999,1806.7083333333333,0.11553594603478887,1848.4,-0.026293010170958753
2014-02-11,1819.8,1800.5,1823.5,1800.4,,1.11,0.011112345816201907,0.25054975261132695,1788.3199999999997,1802.1599999999999,1807.3383333333334,0.11599619535035237,1848.4,-0.015472841376325541
2014-02-12,1819.3,1820.1,1826.5,1816.0,,-0.03,-0.00027475546763378045,0.2502061572292489,1801.86,1801.1800000000003,1807.8166666666666,0.11599766996016055,1848.4,-0.015743345596191394
2014-02-13,1829.8,1814.8,1830.2,1809.2,,0.58,0.005771450557906954,0.25742166025288826,1813.14,1800.25,1808.3433333333335,0.11610654189874671,1848.4,-0.010062756979008936
2014-02-14,1838.6,1828.5,1841.7,1825.6,,0.48,0.004809268772543396,0.26346893897746204,1821.4599999999998,1799.8849999999998,1809.1283333333333,0.11617703918774577,1848.4,-0.005301882709370376
2014-02-18,1840.8,1839.0,1842.9,1835.0,,0.12,0.001196562601979867,0.2649807586586057,1829.6599999999999,1799.9900000000002,1810.0099999999998,0.11616323412680954,1848.4,-0.004111664141960736
2014-02-19,1828.8,1838.9,1847.5,1827.0,,-0.65,-0.006518904823989535,0.25673446948873213,1831.4599999999998,1799.2400000000002,1810.8,0.11620714687436023,1848.4,-0.01060376541874064
2014-02-20,1839.8,1829.2,1842.8,1824.6,,0.6,0.0060148731408573575,0.2642935678944496,1835.56,1798.985,1811.5333333333333,0.11558135681400965,1848.4,-0.00465267258169233
2014-02-21,1836.2,1841.1,1846.1,1835.6,,-0.2,-0.0019567344276550935,0.26181968114348764,1836.8400000000001,1799.3699999999997,1812.0566666666666,0.11539168268556159,1848.4,-0.006600302964726246
2014-02-24,1847.6,1836.8,1858.7,1836.8,,0.62,0.006208474022437516,0.26965365585486745,1838.64,1802.2350000000001,1812.8083333333334,0.11524179366645669,1848.4,-0.000432806751785475
2014-02-25,1845.1,1847.7,1852.9,1840.2,,-0.14,-0.0013531067330591062,0.2679356789444771,1839.5,1805.4099999999999,1813.5133333333333,0.11364790706667598,1848.4,-0.0017853278511146264
2014-02-26,1845.2,1845.8,1852.7,1840.7,,0.01,5.419760446589983e-05,0.2680043980208928,1842.78,1808.0449999999996,1814.1466666666665,0.11352909884695486,1848.4,-0.001731227007141345
2014-02-27,1854.3,1844.9,1854.5,1841.1,,0.49,0.004931714719271563,0.2742578339747135,1845.6799999999998,1812.05,1814.9550000000002,0.11297356719106488,1854.3,0.0
2014-02-28,1859.5,1855.1,1867.9,1847.7,,0.28,0.0028042927250175875,0.27783122594832554,1850.3399999999997,1815.315,1815.9316666666666,0.1129781619766896,1859.5,0.0
2014-03-03,1845.7,1857.7,1857.7,1834.4,,-0.74,-0.007421349825221801,0.2683479934029709,1849.9599999999998,1818.4699999999998,1816.7733333333333,0.11326971063159344,1859.5,-0.007421349825221801
2014-03-04,1873.9,1849.2,1876.2,1849.2,,1.53,0.015278756027523377,0.28772677295217375,1855.72,1825.0700000000002,1818.125,0.11412907672195802,1873.9,0.0
2014-03-05,1873.8,1874.0,1876.5,1871.1,,-0.01,-5.33646405892485e-05,0.28765805387575805,1861.44,1831.0,1819.605,0.11379533772808902,1873.9,-5.33646405892485e-05
2014-03-06,1877.0,1874.2,1881.9,1874.2,,0.17,0.0017077596328316513,0.2898570643210576,1865.9800000000002,1837.27,1820.8033333333335,0.11379853212286835,1877.0,0.0
2014-03-07,1878.0,1878.5,1883.6,1870.6,,0.05,0.0005327650506126158,0.29054425508521375,1869.6800000000003,1842.5,1821.9633333333334,0.11379434442746589,1878.0,0.0
2014-03-10,1877.2,1877.9,1877.9,1867.0,,-0.04,-0.00042598509052182987,0.2899945024738888,1875.98,1846.5099999999998,1823.2066666666667,0.11374128805560528,1878.0,-0.00042598509052182987
2014-03-11,1867.6,1878.3,1882.3,1863.9,,-0.51,-0.005113999573833405,0.28339747113798985,1874.72,1849.9,1824.6299999999999,0.11386718356864392,1878.0,-0.005537806176783899
2014-03-12,1868.2,1866.2,1868.4,1854.4,,0.03,0.0003212679374600125,0.28380978559648384,1873.6,1852.3200000000002,1826.175,0.1138247403357217,1878.0,-0.005218317358892444
2014-03-13,1846.3,1869.1,1874.4,1841.9,,-1.17,-0.011722513649502275,0.26876030786146443,1867.4599999999998,1853.6699999999996,1827.3583333333333,0.11450573482971454,1878.0,-0.016879659211927578
2014-03-14,1841.1,1845.1,1852.4,1839.6,,-0.28,-0.002816443698207216,0.2651869158878526,1860.08,1854.235,1828.2683333333334,0.11445423824237895,1878.0,-0.019648562300319528
2014-03-17,1858.8,1842.8,1862.3,1842.8,,0.96,0.009613817826299442,0.2773501924134161,1856.4,1855.2450000000001,1829.565,0.11477930631728561,1878.0,-0.010223642172524028
2014-03-18,1872.2,1858.9,1873.8,1858.9,,0.72,0.007208952012050851,0.28655854865310837,1857.3200000000002,1856.8149999999998,1830.59,0.11479088838979477,1878.0,-0.0030883919062832943
2014-03-19,1860.8,1872.2,1874.1,1850.3,,-0.61,-0.00608909304561478,0.27872457394172856,1855.8400000000001,1858.4150000000002,1831.4433333333334,0.11495100827531893,1878.0,-0.009158679446219398
2014-03-20,1872.0,1860.1,1873.5,1854.6,,0.6,0.006018916595012858,0.2864211105002772,1860.98,1860.025,1832.3383333333334,0.11491677580009362,1878.0,-0.0031948881789137795
2014-03-21,1866.5,1874.5,1884.0,1863.5,,-0.29,-0.0029380341880341776,0.28264156129741846,1866.06,1861.5400000000002,1832.98,0.11461927242908383,1878.0,-0.006123535676251346
2014-03-24,1857.4,1867.7,1873.3,1849.7,,-0.49,-0.004875435306723741,0.2763881253435978,1865.78,1862.03,1833.3816666666667,0.114576792768585,1878.0,-0.010969116080937091
2014-03-25,1865.6,1859.5,1871.9,1856.0,,0.44,0.004414773339076028,0.28202308960967803,1864.4599999999998,1863.0549999999998,1833.775,0.11456289322433022,1878.0,-0.0066027689030884185
2014-03-26,1852.6,1867.1,1875.9,1852.6,,-0.7,-0.006968267581475174,0.2730896096756483,1862.8200000000002,1863.425,1833.9616666666666,0.11460341739107593,1878.0,-0.013525026624068182
2014-03-27,1849.0,1852.1,1855.5,1842.1,,-0.19,-0.0019432149411636734,0.2706157229246864,1858.22,1863.1599999999999,1834.0933333333332,0.11462611518240944,1878.0,-0.01544195953141636
2014-03-28,1857.6,1850.1,1866.6,1850.1,,0.47,0.0046511627906975495,0.276525563496429,1856.44,1863.0649999999998,1834.2466666666667,0.1146440261210703,1878.0,-0.010862619808306717
2014-03-31,1872.3,1859.2,1875.2,1859.2,,0.79,0.007913436692506437,0.28662726772952407,1859.42,1864.395,1834.9183333333335,0.11475298773572307,1878.0,-0.0030351437699680517
2014-04-01,1885.5,1874.0,1885.8,1874.0,,0.71,0.007050152219195693,0.29569818581638496,1863.4,1864.975,1835.82,0.11484303064394066,1885.5,0.0
2014-04-02,1890.9,1886.6,1893.2,1883.8,,0.29,0.0028639618138426304,0.2994090159428282,1871.06,1865.83,1836.8883333333333,0.11430387469164953,1890.9,0.0
2014-04-03,1888.8,1891.4,1893.8,1882.7,,-0.11,-0.0011105822624147832,0.29796591533810024,1879.0199999999998,1866.4199999999996,1837.7366666666667,0.11427316448906447,1890.9,-0.0011105822624147832
2014-04-04,1865.1,1890.2,1897.3,1863.3,,-1.25,-0.012547649301143604,0.28167949422759997,1880.52,1865.775,1838.1966666666667,0.11493757480759559,1890.9,-0.013644296366809527
2014-04-07,1845.0,1863.9,1864.0,1841.5,,-1.08,-0.010776902042785808,0.26786695986806186,1875.06,1864.1650000000002,1838.311666666667,0.1153773587551032,1890.9,-0.02427415516420761
2014-04-08,1852.0,1845.5,1855.0,1837.5,,0.38,0.003794037940379358,0.2726772952171548,1868.36,1863.3850000000002,1838.4716666666668,0.11538447875384099,1890.9,-0.020572214289491852
2014-04-09,1872.2,1852.6,1872.4,1852.4,,1.09,0.010907127429805596,0.2865585486531086,1864.6200000000001,1863.5849999999998,1839.355,0.11526448492929302,1890.9,-0.009889470622454932
2014-04-10,1833.1,1872.3,1872.5,1830.9,,-2.09,-0.020884520884520974,0.25968938977460376,1853.48,1862.925,1839.2583333333334,0.11722594887370415,1890.9,-0.030567454651224346
2014-04-11,1815.7,1830.7,1835.1,1814.4,,-0.95,-0.00949211717854992,0.24773227047828716,1843.6,1861.6550000000002,1838.7133333333334,0.1176077366269553,1890.9,-0.03976942196837485
2014-04-14,1830.6,1818.2,1834.2,1815.8,,0.82,0.00820620146499973,0.25797141286421343,1840.7199999999998,1860.2450000000001,1838.4583333333333,0.11547093796541665,1890.9,-0.03188957639219425
2014-04-15,1843.0,1831.5,1844.0,1816.3,,0.68,0.006773735387304747,0.2664925783397496,1838.9199999999996,1858.7850000000003,1838.53,0.114823121015905,1890.9,-0.025331852556983447
2014-04-16,1862.3,1846.0,1862.3,1846.0,,1.05,0.010472056429734034,0.27975536008796276,1836.9399999999998,1858.86,1838.8383333333334,0.11424852368562345,1890.9,-0.015125072716695831
2014-04-17,1864.8,1861.7,1869.6,1856.7,,0.13,0.0013424260323255943,0.2814733369983531,1843.28,1858.5,1839.1699999999998,0.11400478352903431,1890.9,-0.013802950975725925
2014-04-21,1871.9,1865.8,1871.9,1863.2,,0.38,0.003807378807378914,0.2863523914238617,1854.5199999999998,1858.77,1839.8933333333332,0.11375971896561944,1890.9,-0.01004812523137133
2014-04-22,1879.5,1872.6,1884.9,1872.6,,0.41,0.00406004594262499,0.2915750412314482,1864.3,1859.875,1841.38,0.11373948335349175,1890.9,-0.006028875138822776
2014-04-23,1875.4,1879.3,1879.8,1873.9,,-0.22,-0.002181431231710551,0.28875755909840795,1870.78,1860.3650000000002,1842.9433333333334,0.11336125554492664,1890.9,-0.008197154794013395
2014-04-24,1878.6,1882.0,1884.1,1870.2,,0.17,0.0017063026554333671,0.2909565695437073,1874.0400000000002,1861.6650000000002,1844.3783333333333,0.11336338525519217,1890.9,-0.0065048389655720795
2014-04-25,1863.4,1877.7,1877.7,1859.7,,-0.81,-0.00809113169381448,0.28051126992853415,1873.7600000000002,1862.3850000000002,1845.8650000000002,0.11365451930923452,1890.9,-0.014543339150668966
2014-04-28,1869.4,1865.0,1877.0,1850.6,,0.32,0.003219920575292523,0.28463441451347093,1873.2599999999998,1862.975,1847.1183333333333,0.11365389389766824,1890.9,-0.011370246972341236
2014-04-29,1878.3,1870.8,1880.6,1870.8,,0.48,0.00476088584572576,0.2907504123144604,1873.02,1863.275,1848.7133333333334,0.11353939515484782,1890.9,-0.006663493574488366
2014-04-30,1884.0,1877.1,1885.2,1872.7,,0.3,0.003034659000159756,0.2946673996701503,1874.7400000000002,1863.2,1851.0816666666667,0.11354910559301833,1890.9,-0.0036490560050770338
2014-05-01,1883.7,1884.4,1888.6,1878.0,,-0.02,-0.00015923566878983664,0.29446124244090344,1875.7599999999998,1862.8399999999997,1853.2233333333331,0.1131072120692761,1890.9,-0.0038077106139933203
2014-05-02,1881.1,1885.3,1891.3,1878.5,,-0.14,-0.0013802622498275685,0.2926745464540974,1879.3,1862.4550000000004,1855.381666666667,0.11278846243654814,1890.9,-0.0051827172246021735
2014-05-05,1884.7,1879.5,1885.5,1866.8,,0.19,0.001913773855722889,0.2951484332050598,1882.36,1863.435,1857.2366666666667,0.11236206088506981,1890.9,-0.0032788619176054024
2014-05-06,1867.7,1883.7,1883.7,1867.7,,-0.9,-0.009020003183530578,0.28346619021440556,1880.2400000000002,1864.5699999999997,1858.415,0.11276873064576327,1890.9,-0.012269289756200785
2014-05-07,1878.2,1868.5,1878.8,1859.8,,0.56,0.005621887883493049,0.29068169323804494,1879.08,1865.8799999999999,1859.7216666666668,0.11278454338690962,1890.9,-0.006716378444127202
2014-05-08,1875.6,1877.4,1889.1,1870.0,,-0.14,-0.001384304120966906,0.2888949972512389,1877.4599999999998,1866.05,1860.6516666666669,0.11274624061225444,1890.9,-0.008091385054735944
2014-05-09,1878.5,1875.3,1878.6,1867.0,,0.15,0.0015461718916613965,0.2908878504672918,1876.9399999999998,1868.3200000000002,1861.6383333333333,0.11266948272920728,1890.9,-0.006557723835210805
2014-05-12,1896.7,1880.0,1897.1,1880.0,,0.97,0.009688581314878819,0.30339472237493337,1879.3400000000001,1872.3699999999997,1862.7533333333333,0.11297565582111692,1896.7,0.0
2014-05-13,1897.5,1896.8,1902.2,1896.1,,0.04,0.00042178520588387336,0.3039444749862583,1885.3,1875.7149999999997,1863.7350000000001,0.1129744478038901,1897.5,0.0
2014-05-14,1888.5,1897.1,1897.1,1885.8,,-0.47,-0.004743083003952542,0.29775975810885313,1887.36,1877.9899999999998,1864.53,0.1126986665559637,1897.5,-0.004743083003952542
2014-05-15,1870.8,1888.2,1888.2,1862.4,,-0.94,-0.009372517871326425,0.28559648158328965,1886.4,1878.4150000000002,1865.23,0.11304003152640758,1897.5,-0.01407114624505934
2014-05-16,1877.9,1871.2,1878.3,1864.8,,0.38,0.0037951678426342284,0.2904755360087983,1886.28,1879.0700000000002,1865.865,0.11295213096265626,1897.5,-0.010329380764163343
2014-05-19,1885.1,1876.7,1886.0,1872.4,,0.38,0.003834069971776932,0.2954233095107224,1883.9599999999998,1879.73,1866.68,0.11257550746531143,1897.5,-0.006534914361001398
2014-05-20,1872.8,1884.9,1884.9,1868.1,,-0.65,-0.006524852792955227,0.28697086311160214,1879.02,1879.395,1867.1,0.11278874704980152,1897.5,-0.013017127799736516
2014-05-21,1888.0,1873.3,1888.8,1873.3,,0.81,0.008116189662537465,0.2974161627267755,1878.92,1880.025,1867.815,0.11303970272233596,1897.5,-0.0050065876152832756
2014-05-22,1892.5,1888.2,1896.3,1885.4,,0.24,0.002383474576271194,0.3005085211654781,1883.2599999999998,1880.72,1868.6033333333335,0.11270555056217382,1897.5,-0.0026350461133070047
2014-05-23,1900.5,1893.3,1901.3,1893.3,,0.42,0.0042272126816380595,0.30600604727872716,1887.78,1882.575,1869.3733333333334,0.1127114467502477,1900.5,0.0
2014-05-27,1911.9,1902.0,1912.3,1902.0,,0.6,0.005998421468034865,0.3138400219901072,1893.14,1884.7,1870.2466666666667,0.112835451310063,1911.9,0.0
2014-05-28,1909.8,1911.8,1914.5,1907.3,,-0.11,-0.0010983838066844775,0.3123969213853792,1900.5400000000002,1886.275,1871.315,0.11270007789836635,1911.9,-0.0010983838066844775
2014-05-29,1920.0,1910.6,1920.0,1909.8,,0.53,0.005340873389883871,0.31940626717977194,1906.94,1888.075,1872.0833333333333,0.11253890197650064,1920.0,0.0
2014-05-30,1923.6,1920.3,1924.0,1916.6,,0.19,0.001874999999999849,0.3218801539307339,1913.1600000000003,1890.0700000000002,1872.9133333333332,0.11250535300659963,1923.6,0.0
2014-06-02,1925.0,1923.9,1925.9,1916.0,,0.07,0.0007278020378458372,0.3228422210005526,1918.0600000000002,1892.2649999999999,1873.7133333333331,0.11149978402226933,1925.0,0.0
2014-06-03,1924.2,1923.1,1925.1,1918.8,,-0.04,-0.0004155844155844246,0.32229246838922765,1920.52,1894.2400000000002,1874.4833333333333,0.11137962360069806,1925.0,-0.0004155844155844246
2014-06-04,1927.9,1923.1,1928.6,1918.6,,0.19,0.001922877039808757,0.3248350742166053,1924.14,1897.25,1875.3283333333334,0.1112155727789627,1927.9,0.0
2014-06-05,1940.5,1928.5,1941.7,1922.9,,0.65,0.006535608693396977,0.33349367784497264,1928.2400000000002,1900.3649999999998,1876.5433333333335,0.11041337185809574,1940.5,0.0
2014-06-06,1949.4,1942.4,1949.4,1942.4,,0.46,0.004586446792063992,0.33960967564596234,1933.4,1904.0549999999998,1877.8966666666665,0.11020631980793946,1949.4,0.0
2014-06-09,1951.3,1949.0,1955.5,1947.2,,0.1,0.0009746588693957392,0.3409153380978591,1938.6600000000003,1907.6950000000002,1879.6466666666668,0.10953877628460468,1951.3,0.0
2014-06-10,1950.8,1950.3,1950.9,1944.6,,-0.03,-0.00025623943012353934,0.34057174271578106,1943.98,1910.4,1881.475,0.1095377622455572,1951.3,-0.00025623943012353934
2014-06-11,1943.9,1949.4,1949.4,1940.1,,-0.35,-0.003537010457248191,0.33583012644310384,1947.1799999999998,1912.72,1882.8933333333332,0.10907685738546721,1951.3,-0.003792343565827805
2014-06-12,1930.1,1943.3,1943.3,1925.8,,-0.71,-0.00709913061371481,0.3263468938977492,1945.1,1914.8,1883.8583333333333,0.10897828193820623,1951.3,-0.01086455183723678
2014-06-13,1936.2,1930.8,1937.3,1927.7,,0.32,0.003160458007357203,0.33053875755910167,1942.4600000000003,1918.0700000000002,1885.115,0.10808541145825323,1951.3,-0.007738430789729911
2014-06-16,1937.8,1934.8,1941.2,1930.9,,0.08,0.0008263609131287097,0.33163826278175135,1939.7599999999998,1921.0649999999998,1886.2116666666666,0.10788101224747546,1951.3,-0.006918464613334674
2014-06-17,1942.0,1937.2,1943.7,1933.5,,0.22,0.002167406337083344,0.3345244639912073,1938.0,1923.9099999999999,1887.47,0.1076721203173121,1951.3,-0.004766053400297232
2014-06-18,1957.0,1942.7,1957.7,1939.3,,0.77,0.007723995880535517,0.34483232545354925,1940.6200000000001,1928.1199999999997,1889.13,0.1076664736428235,1957.0,0.0
2014-06-19,1959.5,1957.5,1959.9,1952.3,,0.13,0.0012774655084313302,0.3465503023639396,1946.5,1931.6949999999997,1890.695,0.10667083818961229,1959.5,0.0
2014-06-20,1962.9,1960.5,1963.9,1959.2,,0.17,0.001735136514416924,0.34888675096207034,1951.8400000000001,1935.2149999999997,1892.5333333333333,0.10349628758221066,1962.9,0.0
2014-06-23,1962.6,1962.9,1963.7,1958.9,,-0.02,-0.00015283509093699799,0.34868059373282323,1956.8,1938.3199999999997,1894.4266666666667,0.10348572355318282,1962.9,-0.00015283509093699799
2014-06-24,1950.0,1962.0,1968.2,1948.3,,-0.64,-0.006420055029043081,0.3400219901044561,1958.4,1940.225,1895.9666666666667,0.10292388142789866,1962.9,-0.006571908910285806
2014-06-25,1959.5,1949.3,1960.8,1947.5,,0.49,0.004871794871794899,0.34655030236393936,1958.9,1942.7099999999998,1897.4199999999998,0.10264047902037839,1962.9,-0.0017321310306179782
2014-06-26,1957.2,1959.9,1959.9,1944.7,,-0.12,-0.0011737688185761153,0.34496976360638043,1958.44,1944.5700000000002,1898.615,0.10228074861434452,1962.9,-0.0029038667278007413
2014-06-27,1961.0,1956.6,1961.5,1952.2,,0.19,0.0019415491518495198,0.34758108851017355,1958.0600000000002,1946.44,1899.7833333333333,0.10214544219761522,1962.9,-0.0009679555759336544
2014-06-30,1960.2,1960.8,1964.2,1958.2,,-0.04,-0.0004079551249361879,0.3470313358988488,1957.58,1948.2,1900.9733333333331,0.10202572933134542,1962.9,-0.0013755158184319827
2014-07-01,1973.3,1962.3,1978.6,1962.3,,0.67,0.006682991531476334,0.356033534909294,1962.2400000000002,1950.655,1902.7766666666664,0.1020909814803169,1973.3,0.0
2014-07-02,1974.6,1973.1,1976.7,1972.6,,0.07,0.0006587949120762104,0.35692688290269703,1965.2599999999998,1952.9900000000002,1904.9366666666667,0.10208179988654385,1974.6,0.0
2014-07-03,1985.4,1975.9,1985.6,1975.9,,0.55,0.005469462169553463,0.3643485431555835,1970.9,1955.2350000000001,1907.1599999999999,0.10218758385142938,1985.4,0.0
2014-07-07,1977.7,1984.2,1984.2,1974.9,,-0.39,-0.003878311675229229,0.3590571742715811,1974.2400000000002,1956.65,1908.9183333333333,0.10186078554124492,1985.4,-0.003878311675229229
2014-07-08,1963.7,1976.4,1976.4,1959.5,,-0.71,-0.007078930070283707,0.3494365035733953,1974.9399999999998,1957.27,1911.0950000000003,0.10206305537014052,1985.4,-0.01092978744837314
2014-07-09,1972.8,1965.1,1974.2,1965.1,,0.46,0.004634109079798332,0.35568993952721617,1974.8400000000001,1958.3700000000001,1913.7133333333331,0.10193248296690595,1985.4,-0.006346328195829587
2014-07-10,1964.7,1966.7,1969.8,1952.9,,-0.41,-0.0041058394160583545,0.35012369433755164,1972.86,1959.4100000000003,1915.9483333333335,0.10204550676163966,1985.4,-0.010426110607434258
2014-07-11,1967.6,1965.8,1968.7,1959.6,,0.15,0.00147605232350978,0.3521165475536041,1969.3,1961.2850000000003,1918.025,0.10123039124681191,1985.4,-0.008965447768711665
2014-07-14,1977.1,1969.9,1979.8,1969.9,,0.48,0.004828217117300193,0.35864485981308736,1969.1799999999998,1963.33,1919.9383333333333,0.10128685216245017,1985.4,-0.0041805177797925586
2014-07-15,1973.3,1977.4,1982.5,1965.3,,-0.19,-0.0019220069799200656,0.356033534909294,1971.1,1965.1050000000002,1921.7466666666667,0.10131738809568593,1985.4,-0.006094489775360201
2014-07-16,1981.6,1976.3,1983.9,1975.7,,0.42,0.004206152130948215,0.36173721825178995,1972.86,1967.0850000000003,1923.575,0.10128546114661377,1985.4,-0.0019139719955677537
2014-07-17,1958.1,1979.8,1981.8,1955.6,,-1.19,-0.0118591037545418,0.34558823529412086,1971.5399999999997,1967.14,1924.885,0.10203726732261806,1985.4,-0.013750377757630772
2014-07-18,1978.2,1961.5,1979.9,1960.8,,1.03,0.01026505285736179,0.3594007696536592,1973.6599999999999,1968.075,1926.5983333333331,0.10239658977625934,1985.4,-0.0036264732547597323
2014-07-21,1973.6,1976.9,1976.9,1965.8,,-0.23,-0.0023253462743909603,0.3562396921385409,1972.9599999999998,1968.6100000000001,1928.1816666666668,0.10243516674952323,1985.4,-0.005943386723078592
2014-07-22,1983.5,1975.7,1986.2,1975.7,,0.5,0.005016214025131749,0.3630428807036865,1975.0,1969.6550000000002,1930.1833333333334,0.1025198662498714,1985.4,-0.0009569859977838213
2014-07-23,1987.0,1985.3,1989.2,1982.4,,0.18,0.001764557600201666,0.36544804837823297,1976.08,1971.5050000000003,1932.1433333333334,0.1024958462131071,1987.0,0.0
2014-07-24,1988.0,1988.1,1991.4,1985.8,,0.05,0.0005032712632109249,0.3661352391423891,1982.06,1972.9300000000003,1933.9716666666668,0.10239643601595495,1988.0,0.0
2014-07-25,1978.3,1984.6,1984.6,1974.4,,-0.49,-0.004879275653923543,0.35946948873007467,1982.08,1973.985,1935.5433333333333,0.10252927367465411,1988.0,-0.004879275653923543
2014-07-28,1978.9,1978.2,1981.5,1967.3,,0.03,0.00030329070414003567,0.35988180318856844,1983.14,1974.8799999999999,1937.13,0.10252955409747821,1988.0,-0.004577464788732333
2014-07-29,1970.0,1980.0,1984.8,1970.0,,-0.45,-0.004497448077214639,0.35376580538757874,1980.44,1975.3700000000001,1938.6116666666667,0.10256299609942152,1988.0,-0.00905432595573441
2014-07-30,1970.1,1973.2,1978.9,1962.4,,0.01,5.076142131965611e-05,0.3538345244639942,1977.06,1975.2099999999998,1940.0349999999999,0.1025644473375108,1988.0,-0.009004024144869227
2014-07-31,1930.7,1965.1,1965.1,1930.7,,-2.0,-0.01999898482310536,0.3267592083562427,1965.6,1973.015,1941.085,0.10461764849851929,1988.0,-0.028822937625754497
2014-08-01,1925.2,1929.8,1937.3,1916.4,,-0.28,-0.0028487077225877178,0.322979659153384,1954.98,1970.0049999999999,1941.8683333333333,0.10397408763726552,1988.0,-0.031589537223340014
2014-08-04,1939.0,1926.6,1942.9,1921.2,,0.72,0.007168086432578491,0.33246289169873866,1947.0,1968.0700000000002,1942.925,0.10418173558145354,1988.0,-0.02464788732394363
2014-08-05,1920.2,1936.3,1936.3,1913.8,,-0.97,-0.009695719443011841,0.31954370533260334,1937.0400000000002,1965.8949999999998,1943.62,0.10466221959686928,1988.0,-0.034104627766599616
2014-08-06,1920.2,1917.3,1927.9,1911.5,,0.0,0.0,0.31954370533260334,1927.06,1963.265,1944.0116666666665,0.10447995737223766,1988.0,-0.034104627766599616
2014-08-07,1909.6,1923.0,1928.9,1904.8,,-0.55,-0.00552025830642644,0.31225948323254826,1922.8400000000001,1960.5099999999998,1944.2133333333334,0.10456413136108102,1988.0,-0.03943661971830992
2014-08-08,1931.6,1910.3,1932.4,1909.0,,1.15,0.011520737327188835,0.32737768004398293,1924.1199999999997,1958.7099999999998,1944.9316666666666,0.10508887168718069,1988.0,-0.02837022132796785
2014-08-11,1936.9,1933.4,1944.9,1933.4,,0.27,0.0027438393042038545,0.3310197910940105,1923.7,1956.7,1946.0333333333333,0.10503000110761711,1988.0,-0.025704225352112586
2014-08-12,1933.8,1935.7,1939.7,1928.3,,-0.16,-0.0016004956373587564,0.3288894997251264,1926.42,1954.725,1946.9650000000001,0.10503876183893869,1988.0,-0.027263581488933597
2014-08-13,1946.7,1935.6,1948.4,1935.6,,0.67,0.006670803599131192,0.3377542605827404,1931.72,1952.98,1947.9916666666666,0.10519330671981378,1988.0,-0.02077464788732397
2014-08-14,1955.2,1947.4,1955.2,1947.4,,0.44,0.004366363589664468,0.3435953820780673,1940.8399999999997,1952.8349999999998,1949.365,0.10510145067711678,1988.0,-0.016498993963782627
2014-08-15,1955.1,1958.9,1964.0,1941.5,,-0.01,-5.114566284780686e-05,0.3435266630016516,1945.5400000000002,1951.6800000000003,1950.4833333333333,0.10403238038594377,1988.0,-0.01654929577464792
2014-08-18,1971.7,1958.4,1972.0,1958.4,,0.85,0.008490614290829201,0.35493402968664345,1952.5,1951.5849999999998,1951.8033333333333,0.10424840425601574,1988.0,-0.008199195171026186
2014-08-19,1981.6,1972.7,1982.6,1972.7,,0.5,0.005021047826748504,0.36173721825178906,1962.06,1951.4899999999998,1953.1549999999997,0.10412733886034642,1988.0,-0.0032193158953722767
2014-08-20,1986.5,1980.5,1988.6,1977.7,,0.25,0.002472749293500165,0.365104452996154,1970.0199999999998,1951.4649999999997,1954.3983333333333,0.10409784173395373,1988.0,-0.0007545271629778583
2014-08-21,1992.4,1986.8,1994.8,1986.8,,0.3,0.0029700478228040783,0.3691588785046753,1977.4599999999998,1951.685,1955.775,0.10391605394619616,1992.4,0.0
2014-08-22,1988.4,1992.6,1993.5,1984.8,,-0.2,-0.002007628990162602,0.3664101154480508,1984.1200000000001,1952.19,1956.915,0.10365310746997713,1992.4,-0.002007628990162602
2014-08-25,1997.9,1991.7,2002.0,1991.7,,0.48,0.004777710722188688,0.37293842770753405,1989.36,1953.14,1958.1533333333334,0.10368294431153623,1997.9,0.0
2014-08-26,2000.0,1998.6,2005.0,1998.6,,0.11,0.0010511036588416456,0.3743815283122618,1993.0400000000002,1954.64,1959.4033333333334,0.1035723922227264,2000.0,0.0
2014-08-27,2000.1,2000.5,2002.1,1996.2,,0.0,4.999999999988347e-05,0.37445024738867727,1995.7599999999998,1956.14,1960.6683333333333,0.10221873981878268,2000.1,0.0
2014-08-28,1996.7,1997.4,1998.5,1990.5,,-0.17,-0.001699915004249708,0.3721137987905465,1996.6200000000001,1959.4399999999998,1961.8149999999998,0.1022315702989991,2000.1,-0.001699915004249708
2014-08-29,2003.4,1998.5,2003.4,1994.7,,0.34,0.0033555366354485194,0.37671797691039255,1999.6200000000001,1963.35,1962.8633333333335,0.10225682889258722,2003.4,0.0
2014-09-02,2002.3,2004.1,2006.1,1994.8,,-0.05,-0.000549066586802538,0.3759620670698207,2000.5,1966.515,1963.7450000000001,0.10218756347070061,2003.4,-0.000549066586802538
2014-09-03,2000.7,2003.6,2009.3,1998.1,,-0.08,-0.0007990810567846118,0.37486256184717104,2000.64,1970.5400000000002,1964.5683333333334,0.10214550485065618,2003.4,-0.0013477088948786742
2014-09-04,1997.7,2001.7,2011.2,1992.5,,-0.15,-0.0014994751836857612,0.37280098955470264,2000.1599999999999,1974.4149999999997,1965.35,0.10190772480225399,2003.4,-0.002845163222521707
2014-09-05,2007.7,1998.0,2007.7,1990.1,,0.5,0.005005756620113155,0.37967289719626396,2002.3600000000001,1979.3200000000002,1966.4133333333334,0.10199475025119106,2007.7,0.0
2014-09-08,2001.5,2007.2,2007.2,1995.6,,-0.31,-0.0030881107735220015,0.37541231445849577,2001.98,1982.815,1967.6033333333332,0.10206584900697316,2007.7,-0.0030881107735220015
2014-09-09,1988.4,2000.7,2001.0,1984.6,,-0.65,-0.006545091181613727,0.3664101154480506,1999.2,1985.39,1968.4733333333336,0.10190820328600533,2007.7,-0.009612989988544096
2014-09-10,1995.7,1988.4,1996.7,1983.0,,0.37,0.003671293502313322,0.37142660802639016,1998.2,1988.485,1969.4383333333333,0.10173326531224951,2007.7,-0.005976988593913379
2014-09-11,1997.5,1992.8,1997.7,1985.9,,0.09,0.0009019391692137724,0.37266355140187124,1998.1599999999999,1991.025,1970.3633333333335,0.10170650740019058,2007.7,-0.005080440304826461
2014-09-12,1985.5,1996.7,1996.7,1980.3,,-0.6,-0.006007509386733445,0.36441726223199766,1993.72,1992.5400000000002,1970.8383333333334,0.10184603336194845,2007.7,-0.01105742889873984
2014-09-15,1984.1,1986.0,1987.2,1978.5,,-0.07,-0.0007051120624528284,0.36345519516217895,1990.2400000000002,1993.9899999999998,1971.2483333333332,0.10183434722018772,2007.7,-0.011754744234696468
2014-09-16,1999.0,1981.9,2002.3,1979.1,,0.75,0.007509702131949014,0.3736943375481052,1992.36,1995.355,1971.85,0.1019408912282654,2007.7,-0.004333316730587233
2014-09-17,2001.6,1999.3,2010.7,1993.3,,0.13,0.0013006503251624668,0.375481033534911,1993.5400000000002,1996.355,1972.5,0.1018798372325163,2007.7,-0.003038302535239401
2014-09-18,2011.4,2003.1,2012.3,2003.1,,0.49,0.004896083133493212,0.38221550302364116,1996.3200000000002,1997.6,1973.5233333333333,0.10131588120178091,2011.4,0.0
2014-09-19,2010.4,2012.7,2019.3,2006.6,,-0.05,-0.0004971661529282745,0.381528312259485,2001.3,1998.5,1974.3716666666667,0.10129156691545334,2011.4,-0.0004971661529282745
2014-09-22,1994.3,2009.1,2009.1,1991.0,,-0.8,-0.008008356545961104,0.3704645409565712,2003.3399999999997,1998.795,1974.9900000000002,0.10135756665809158,2011.4,-0.008501541215074182
2014-09-23,1982.8,1992.8,1995.4,1982.8,,-0.58,-0.005766434337862947,0.3625618471687757,2000.1,1998.0399999999997,1975.3533333333332,0.10141750809361576,2011.4,-0.014218951973749672
2014-09-24,1998.3,1983.3,1999.8,1978.6,,0.78,0.007817228162194878,0.37321330401319575,1999.44,1997.955,1975.9883333333335,0.10161999937558691,2011.4,-0.006512876603360862
2014-09-25,1966.0,1997.3,1997.3,1966.0,,-1.62,-0.016163739178301495,0.3510170423309529,1990.3600000000001,1996.25,1975.8666666666666,0.10295091005004378,2011.4,-0.022571343342945305
2014-09-26,1982.8,1966.2,1986.4,1966.2,,0.85,0.008545269582909354,0.3625618471687757,1984.8400000000001,1995.5549999999998,1976.0033333333333,0.1032165546000287,2011.4,-0.014218951973749672
2014-09-29,1977.8,1979.0,1981.3,1964.0,,-0.25,-0.0025216865039338066,0.35912589334799505,1981.5399999999997,1994.275,1975.8766666666668,0.10315766167041572,2011.4,-0.016704782738391266
2014-09-30,1972.3,1978.2,1985.2,1969.0,,-0.28,-0.002780867630700734,0.35534634414513633,1979.44,1992.775,1975.7866666666669,0.10299394430883028,2011.4,-0.019439196579496887
2014-10-01,1946.2,1971.4,1971.4,1941.7,,-1.32,-0.013233280941033265,0.33741066520066143,1969.02,1990.05,1975.495,0.10365801451189594,2011.4,-0.03241523317092576
2014-10-02,1946.2,1945.8,1952.3,1926.0,,0.0,0.0,0.33741066520066143,1965.06,1987.475,1975.0516666666667,0.10365238503826742,2011.4,-0.03241523317092576
2014-10-03,1967.9,1948.1,1971.2,1948.1,,1.11,0.011149933203165263,0.35232270478284966,1962.08,1985.485,1975.1049999999998,0.10374511532822277,2011.4,-0.021626727652381383
2014-10-06,1964.8,1970.0,1977.8,1958.4,,-0.16,-0.001575283296915586,0.35019241341396556,1959.48,1983.65,1975.0583333333334,0.10357078492284758,2011.4,-0.02316794272645928
2014-10-07,1935.1,1962.4,1962.4,1934.9,,-1.51,-0.015116042345276859,0.3297828477185285,1952.0400000000002,1980.985,1974.3583333333333,0.10436225030723616,2011.4,-0.037933777468430074
2014-10-08,1968.9,1935.5,1970.4,1925.2,,1.75,0.017466797581520366,0.3530098955470058,1956.58,1979.645,1974.2849999999999,0.10491535204370837,2011.4,-0.02112956149945311
2014-10-09,1928.2,1967.7,1967.7,1927.6,,-2.07,-0.020671440906089744,0.3250412314458513,1952.98,1976.1799999999998,1973.395,0.107071928073079,2011.4,-0.04136422392363526
2014-10-10,1906.1,1925.6,1937.0,1906.0,,-1.15,-0.011461466652836871,0.3098543155580007,1940.6200000000001,1972.2099999999998,1972.5283333333332,0.10561345790731208,2011.4,-0.052351595903351034
2014-10-13,1874.7,1905.7,1912.1,1874.1,,-1.65,-0.01647342741723934,0.28827652556349825,1922.6,1966.7400000000002,1970.8033333333333,0.10680710222489725,2011.4,-0.06796261310529983
2014-10-14,1877.7,1877.1,1898.7,1871.8,,0.16,0.0016002560409664746,0.29033809785596665,1911.1200000000001,1960.675,1969.2049999999997,0.10675116782027991,2011.4,-0.0664711146465149
2014-10-15,1862.5,1874.2,1874.2,1820.7,,-0.81,-0.00809500985247913,0.2798927982407935,1889.8400000000001,1953.72,1967.188333333333,0.10683170476558952,2011.4,-0.07402804017102516
2014-10-16,1862.8,1856.0,1876.0,1835.0,,0.02,0.00016107382550334393,0.2800989554700404,1876.7599999999998,1946.2900000000002,1965.118333333333,0.10598254916697968,2011.4,-0.07387889032514672
2014-10-17,1886.8,1864.9,1898.2,1864.9,,1.29,0.012883830792355555,0.29659153380978753,1872.9,1940.11,1963.4316666666666,0.10652855691159821,2011.4,-0.06194690265486735
2014-10-20,1904.0,1885.6,1905.0,1882.3,,0.91,0.009115963536145966,0.30841121495327317,1878.7599999999998,1935.5949999999998,1962.1933333333334,0.10671076830364265,2011.4,-0.05339564482450043
2014-10-21,1941.3,1909.4,1942.5,1909.4,,1.96,0.019590336134453823,0.3340434304562969,1891.48,1933.52,1961.5666666666666,0.10842745188388293,2011.4,-0.034851347320274506
2014-10-22,1927.1,1941.3,1949.3,1926.8,,-0.73,-0.007314686035131079,0.3242853216052799,1904.4,1929.9599999999998,1960.8516666666665,0.10857385281228288,2011.4,-0.04191110669185649
2014-10-23,1950.8,1931.0,1962.0,1931.0,,1.23,0.012298272014944711,0.34057174271578017,1922.0,1929.2,1960.53,0.10910085257371693,2011.4,-0.030128268867455565
2014-10-24,1964.6,1951.6,1965.3,1946.3,,0.71,0.007074020914496604,0.3500549752611348,1937.56,1928.2900000000002,1961.095,0.109265469020241,2011.4,-0.023267375957044978
2014-10-27,1961.6,1963.0,1964.6,1951.4,,-0.15,-0.0015270284027283365,0.34799340296866643,1949.08,1927.48,1961.7016666666666,0.10921280782629839,2011.4,-0.024758874415829912
2014-10-28,1985.0,1964.1,1985.0,1964.1,,1.19,0.011929037520391539,0.3640736668499198,1957.8199999999997,1928.1149999999998,1962.4683333333332,0.10981096334992924,2011.4,-0.013125186437307423
2014-10-29,1982.3,1983.3,1991.4,1969.0,,-0.14,-0.0013602015113350907,0.3622182517866981,1968.86,1929.92,1963.5033333333333,0.10970587792916932,2011.4,-0.014467535050213809
2014-10-30,1994.7,1979.5,1999.4,1974.8,,0.63,0.006255359935428695,0.37073941726223425,1977.64,1932.345,1964.745,0.10972444280268474,2011.4,-0.008302674753902783
2014-10-31,2018.0,2001.2,2018.2,2001.2,,1.17,0.01168095452950313,0.38675096206707194,1988.3199999999997,1934.85,1966.5516666666665,0.11020224763161805,2018.0,0.0
2014-11-03,2017.8,2018.2,2024.5,2013.7,,-0.01,-9.910802775026095e-05,0.38661352391424075,1999.56,1937.5,1967.9883333333335,0.11017945248678522,2018.0,-9.910802775026095e-05
2014-11-04,2012.1,2015.8,2016.0,2001.0,,-0.28,-0.0028248587570621764,0.38269653655855085,2004.98,1941.35,1969.2416666666666,0.11018963600619706,2018.0,-0.0029236868186323095
2014-11-05,2023.6,2015.3,2023.8,2014.4,,0.57,0.005715421698722745,0.39059923034634636,2013.2399999999998,1944.0849999999998,1970.7383333333332,0.11026055766345022,2023.6,0.0
2014-11-06,2031.2,2023.3,2031.6,2015.9,,0.38,0.003755682941292804,0.39582188015393305,2020.5400000000002,1949.2350000000001,1972.1466666666668,0.11024496872698034,2031.2,0.0
2014-11-07,2031.9,2032.4,2034.3,2025.1,,0.03,0.0003446238676645397,0.3963029136888425,2023.3200000000002,1955.525,1973.425,0.10938020276365079,2031.9,0.0
2014-11-10,2038.3,2032.0,2038.7,2030.2,,0.31,0.0031497613071509445,0.40070093457944167,2027.42,1963.705,1974.8116666666667,0.10865679821927554,2038.3,0.0
2014-11-11,2039.7,2038.2,2041.3,2035.3,,0.07,0.0006868468822058826,0.4016630016492604,2032.94,1971.8049999999998,1975.945,0.10865674203603604,2039.7,0.0
2014-11-12,2038.2,2037.8,2040.3,2032.0,,-0.07,-0.0007354022650389869,0.4006322155030262,2035.86,1980.5900000000001,1976.8883333333333,0.10862443628473191,2039.7,-0.0007354022650389869
2014-11-13,2039.3,2039.2,2046.2,2030.4,,0.05,0.0005396918849964738,0.4013881253435978,2037.48,1989.4149999999997,1977.7683333333334,0.10836306345688267,2039.7,-0.00019610727067709277
2014-11-14,2039.8,2039.7,2042.2,2035.2,,0.02,0.00024518217035263135,0.40173172072567587,2039.0600000000002,1997.065,1978.5583333333334,0.10827873719408705,2039.8,0.0
2014-11-17,2041.3,2038.3,2043.1,2034.5,,0.07,0.0007353662123736893,0.40276250687191006,2039.6599999999999,2003.9300000000003,1979.44,0.10821506357573143,2041.3,0.0
2014-11-18,2051.8,2041.5,2056.1,2041.5,,0.51,0.005143780923921204,0.40997800989554967,2042.08,2009.455,1980.3383333333331,0.10822862614472832,2051.8,0.0
2014-11-19,2048.7,2051.2,2052.1,2040.4,,-0.15,-0.0015108685057024784,0.40784771852666535,2044.1799999999998,2015.5350000000003,1981.15,0.10821788131526772,2051.8,-0.0015108685057024784
2014-11-20,2052.8,2045.9,2053.8,2040.5,,0.2,0.0020012690974766656,0.4106652006597058,2046.8800000000003,2020.6349999999998,1982.0283333333332,0.1081450621662099,2052.8,0.0
2014-11-21,2063.5,2057.5,2071.5,2056.8,,0.52,0.005212392829306189,0.41801814183617614,2051.62,2025.58,1983.1416666666667,0.10798321037914888,2063.5,0.0
2014-11-24,2069.4,2065.1,2070.2,2065.1,,0.29,0.0028592197722316914,0.42207256734469745,2057.2400000000002,2030.97,1984.2416666666666,0.10791584453267376,2069.4,0.0
2014-11-25,2067.0,2070.2,2074.2,2064.8,,-0.12,-0.0011597564511452996,0.4204233095107226,2060.28,2035.0700000000002,1985.32,0.10791394272944088,2069.4,-0.0011597564511452996
2014-11-26,2072.8,2067.4,2073.3,2066.6,,0.28,0.002805999032414297,0.4244090159428284,2065.1,2039.595,1986.5216666666668,0.10793639616449882,2072.8,0.0
2014-11-28,2067.6,2074.8,2075.8,2065.1,,-0.25,-0.0025086839058280352,0.42083562396921637,2068.0600000000004,2043.2400000000002,1987.6866666666667,0.10796407136972348,2072.8,-0.0025086839058280352
2014-12-01,2053.4,2065.8,2065.8,2049.6,,-0.69,-0.006867866124975697,0.41107751511819957,2066.04,2045.0100000000002,1988.4483333333335,0.10821120751052667,2072.8,-0.009359320725588649
2014-12-02,2066.6,2053.8,2068.8,2053.8,,0.64,0.006428362715496183,0.42014843320506046,2065.48,2047.45,1989.5333333333333,0.108321930886939,2072.8,-0.002991123118487149
2014-12-03,2074.3,2067.4,2076.3,2066.7,,0.37,0.003725926642795141,0.42543980208906307,2066.94,2050.56,1990.965,0.10830259320931279,2074.3,0.0
2014-12-04,2071.9,2073.6,2077.3,2062.3,,-0.12,-0.001157016824953061,0.4237905442550882,2066.76,2052.975,1992.235,0.10829951798313338,2074.3,-0.001157016824953061
2014-12-05,2075.4,2072.8,2079.5,2070.8,,0.17,0.0016892707176987543,0.4261957119296347,2068.32,2055.185,1993.5333333333333,0.10819082110355527,2075.4,0.0
2014-12-08,2060.3,2074.8,2075.8,2054.3,,-0.73,-0.007275705888021511,0.41581913139087723,2069.7,2056.6050000000005,1994.78,0.10794841596702978,2075.4,-0.007275705888021511
2014-12-09,2059.8,2056.6,2060.6,2034.2,,-0.02,-0.0002426831044022304,0.41547553600879916,2068.34,2057.68,1996.0416666666667,0.10794362237741167,2075.4,-0.007516623301532244
2014-12-10,2026.1,2058.9,2058.9,2024.3,,-1.64,-0.016360811729294267,0.39231720725673735,2058.7000000000003,2057.0,1996.4933333333333,0.10919618631338399,2075.4,-0.023754456972150062
2014-12-11,2035.3,2027.9,2055.5,2027.9,,0.45,0.004540743299935812,0.3986393622869737,2051.38,2056.855,1997.055,0.10862502894722127,2075.4,-0.019321576563554044
2014-12-12,2002.3,2030.4,2032.2,2002.3,,-1.62,-0.01621382597160126,0.3759620670698214,2036.7599999999998,2055.005,1996.9033333333334,0.10982846345247392,2075.4,-0.03522212585525686
2014-12-15,1989.6,2005.0,2018.7,1982.3,,-0.63,-0.006342705888228606,0.36723474436503833,2022.6200000000001,2052.495,1996.5566666666666,0.11003991207972644,2075.4,-0.04134142815842734
2014-12-16,1972.7,1986.7,2016.9,1972.6,,-0.85,-0.008494169682348174,0.3556212204507998,2005.2,2049.0649999999996,1996.1966666666665,0.11024765999009015,2075.4,-0.04948443673508718
2014-12-17,2012.9,1973.8,2016.8,1973.8,,2.04,0.020378161910072468,0.38324628916987624,2002.56,2047.1200000000001,1996.6983333333335,0.111982560855214,2075.4,-0.030114676688831055
2014-12-18,2061.2,2019.0,2061.2,2019.0,,2.4,0.023995230761587605,0.4164376030786172,2007.7400000000002,2047.7449999999997,1997.7466666666667,0.11327507493318817,2075.4,-0.006842054543702569
2014-12-19,2070.7,2061.0,2077.8,2061.0,,0.46,0.004608965651077046,0.42296591533810046,2021.4199999999996,2048.6400000000003,1999.4916666666666,0.11334212640160206,2075.4,-0.0022646236870002
2014-12-22,2078.5,2069.3,2078.8,2069.3,,0.38,0.003766842130680459,0.42832600329851833,2039.2,2049.3900000000003,2001.0866666666666,0.11330774114119976,2078.5,0.0
2014-12-23,2082.2,2081.5,2086.7,2079.8,,0.18,0.001780129901371108,0.430868609125896,2061.1,2050.0299999999997,2002.8266666666666,0.1132129579892108,2082.2,0.0
2014-12-24,2081.9,2083.2,2087.6,2081.9,,-0.01,-0.00014407837863783524,0.4306624518966493,2074.8999999999996,2050.775,2004.6533333333332,0.11319024437654392,2082.2,-0.00014407837863783524
2014-12-26,2088.8,2084.3,2092.7,2084.3,,0.33,0.003314280224794741,0.43540406816932675,2080.42,2051.575,2007.03,0.11314576913106296,2088.8,0.0
2014-12-29,2090.6,2087.6,2093.6,2085.8,,0.09,0.0008617387973954838,0.4366410115448076,2084.4,2052.725,2009.4366666666667,0.11314304240868592,2090.6,0.0
2014-12-30,2080.3,2088.5,2088.5,2079.5,,-0.49,-0.0049268152683439315,0.42956294667399963,2084.76,2054.0699999999997,2011.3100000000002,0.11327251550704191,2090.6,-0.0049268152683439315
2014-12-31,2058.9,2082.1,2085.6,2057.9,,-1.03,-0.010286977839734646,0.4148570643210585,2080.1,2053.685,2012.8783333333333,0.11373176589132285,2090.6,-0.015163111068592694
2015-01-02,2058.2,2058.9,2072.4,2046.0,,-0.03,-0.0003399873718977764,0.41437603078614904,2075.36,2052.88,2014.93,0.11334871917914176,2090.6,-0.015497943174208384
2015-01-05,2020.6,2054.4,2054.4,2017.3,,-1.83,-0.018268389855213285,0.38853765805387863,2061.72,2050.315,2015.7916666666667,0.11488763663436173,2090.6,-0.03348321056156123
2015-01-06,2002.6,2022.2,2030.2,1992.4,,-0.89,-0.008908245075720078,0.37616822429906827,2044.1200000000001,2046.675,2017.0316666666668,0.11522887022212493,2090.6,-0.04209317899167708
2015-01-07,2025.9,2005.5,2029.6,2005.5,,1.16,0.011634874662938222,0.3921797691039062,2033.2400000000002,2044.955,2019.0283333333332,0.11563757196067259,2090.6,-0.03094805319047156
2015-01-08,2062.1,2030.6,2064.1,2030.6,,1.79,0.017868601609161372,0.4170560747663581,2033.8799999999999,2045.0700000000002,2022.1516666666669,0.11694552969031016,2090.6,-0.013632450014349984
2015-01-09,2044.8,2063.4,2064.4,2038.3,,-0.84,-0.008389505843557465,0.4051676745464572,2031.2,2046.0050000000003,2024.936666666667,0.1172816947607538,2090.6,-0.021907586338850038
2015-01-12,2028.3,2046.1,2049.3,2022.6,,-0.81,-0.00806924882629112,0.393829026937881,2032.7400000000002,2045.655,2027.7,0.1175748751273648,2090.6,-0.029800057399789526
2015-01-13,2023.0,2031.6,2056.9,2008.2,,-0.26,-0.0026130256865355417,0.3901869158878535,2036.8199999999997,2046.6899999999998,2030.37,0.11688849023506384,2090.6,-0.032335214770879084
2015-01-14,2011.3,2018.4,2018.4,1988.4,,-0.58,-0.005783489866534874,0.3821467839472268,2033.9,2047.775,2032.445,0.11658743149703418,2090.6,-0.037931694250454395
2015-01-15,1992.7,2013.8,2021.3,1991.5,,-0.92,-0.009247750211306083,0.3693650357339229,2020.0199999999998,2048.775,2033.9233333333332,0.11688430377842651,2090.6,-0.04682866162824062
2015-01-16,2019.4,1992.2,2020.5,1988.1,,1.34,0.013398906006925282,0.38771302913689154,2014.94,2049.1,2035.225,0.11760036193262446,2090.6,-0.03405720845690219
2015-01-20,2022.5,2020.8,2028.9,2004.5,,0.15,0.0015351094384470354,0.3898433205057754,2013.78,2047.1650000000002,2036.815,0.11752713862384492,2090.6,-0.03257438056060458
2015-01-21,2032.1,2020.2,2038.3,2012.0,,0.47,0.004746600741656337,0.39644035184167414,2015.6,2045.235,2038.1699999999998,0.11758359750322109,2090.6,-0.027982397397876224
2015-01-22,2063.2,2034.3,2064.6,2026.4,,1.53,0.015304364942670068,0.4178119846069297,2025.98,2044.47,2039.8133333333333,0.11852271413289782,2090.6,-0.01310628527695401
2015-01-23,2051.8,2063.0,2063.0,2050.5,,-0.55,-0.005525397440868329,0.4099780098955501,2037.8,2042.95,2041.3166666666666,0.11830350182616205,2090.6,-0.018559265282693804
2015-01-26,2057.1,2050.4,2057.6,2041.0,,0.26,0.0025830977678134026,0.4136201209455772,2045.3400000000001,2041.7099999999998,2042.5183333333334,0.1163579337275376,2090.6,-0.016024107911604357
2015-01-27,2029.5,2047.9,2047.9,2019.9,,-1.34,-0.013416946186378786,0.3946536558548681,2046.7400000000002,2038.7449999999997,2043.305,0.1170719199710521,2090.6,-0.029226059504448454
2015-01-28,2002.2,2032.3,2042.5,2001.5,,-1.35,-0.013451589061345137,0.3758933479934057,2040.7599999999998,2034.325,2043.43,0.11777002950013529,2090.6,-0.042284511623457366
2015-01-29,2021.2,2002.5,2024.6,1989.2,,0.95,0.009489561482369346,0.3889499725123722,2032.36,2031.3699999999997,2043.4833333333333,0.1176246006237623,2090.6,-0.033196211613890636
2015-01-30,1995.0,2019.3,2023.3,1993.4,,-1.3,-0.012962596477340216,0.3709455744914816,2021.0,2028.175,2043.1033333333332,0.11790179772302663,2090.6,-0.045728498995503686
2015-02-02,2020.8,1996.7,2021.7,1980.9,,1.29,0.012932330827067684,0.3886750962067098,2013.7399999999998,2026.3049999999998,2043.2483333333332,0.11835458874717875,2090.6,-0.03338754424567103
2015-02-03,2050.0,2022.7,2050.3,2022.7,,1.44,0.014449722882026839,0.4087410665200688,2017.8400000000001,2027.775,2043.6883333333333,0.11682973555901913,2090.6,-0.019420262125705468
2015-02-04,2041.5,2048.9,2054.7,2036.7,,-0.41,-0.004146341463414638,0.4028999450247417,2025.7,2029.72,2043.86,0.11671887874316646,2090.6,-0.023486080551037958
2015-02-05,2062.5,2043.5,2063.6,2043.5,,1.03,0.010286554004408588,0.41733095107202045,2033.9599999999998,2031.55,2044.37,0.11708618726031214,2090.6,-0.01344111738256959
2015-02-06,2055.5,2062.3,2072.4,2050.0,,-0.34,-0.0033939393939393936,0.41252061572292753,2046.06,2031.22,2044.6566666666665,0.11655778285717777,2090.6,-0.016789438438725712
2015-02-09,2046.7,2053.5,2056.2,2041.9,,-0.43,-0.004281196789102437,0.40647333699835353,2051.2400000000002,2031.3149999999998,2044.7733333333333,0.11596002512404972,2090.6,-0.020998756337893387
2015-02-10,2068.6,2049.4,2070.9,2048.6,,1.07,0.010700151463331142,0.4215228147333727,2054.96,2033.3300000000004,2045.28,0.11639990557861149,2090.6,-0.010523294747919243
2015-02-11,2068.5,2068.6,2073.5,2058.0,,0.0,-4.834187373092824e-05,0.42145409565695724,2060.3599999999997,2035.6050000000002,2045.7666666666667,0.11592001711523398,2090.6,-0.010571127905864341
2015-02-12,2088.5,2070.0,2088.5,2070.0,,0.97,0.009668842156151713,0.43519791094007965,2065.56,2039.4650000000001,2046.5783333333334,0.11627621078896191,2090.6,-0.001004496316846848
2015-02-13,2097.0,2088.8,2097.0,2086.7,,0.41,0.00406990663155371,0.44103903243540676,2073.8599999999997,2044.6800000000003,2047.5066666666667,0.11621228950262824,2097.0,0.0
2015-02-17,2100.3,2096.5,2101.3,2089.8,,0.16,0.0015736766809728575,0.44330676195712204,2084.5800000000004,2048.725,2048.315,0.11613874516102972,2100.3,0.0
2015-02-18,2099.7,2099.2,2100.2,2092.2,,-0.03,-0.0002856734752180179,0.44289444749862805,2090.8,2052.585,2049.165,0.11613998166253191,2100.3,-0.0002856734752180179
2015-02-19,2097.4,2099.2,2102.1,2090.8,,-0.11,-0.001095394580178044,0.4413139087410691,2096.58,2055.85,2049.9083333333333,0.11593506203384867,2100.3,-0.0013807551302195131
2015-02-20,2110.3,2097.7,2110.6,2085.4,,0.62,0.006150472012968589,0.45017866959868336,2100.94,2058.205,2050.6883333333335,0.11594153428751504,2110.3,0.0
2015-02-23,2109.7,2109.8,2110.1,2103.0,,-0.03,-0.0002843197649624596,0.4497663551401896,2103.48,2061.1,2051.3599999999997,0.11591698582806723,2110.3,-0.0002843197649624596
2015-02-24,2115.5,2109.1,2117.9,2105.9,,0.27,0.002749206048253461,0.4537520615722954,2106.5199999999995,2064.02,2052.168333333333,0.11579983689464524,2115.5,0.0
2015-02-25,2113.9,2115.3,2119.6,2109.9,,-0.08,-0.0007563223824154086,0.45265255634964574,2109.3599999999997,2068.2400000000002,2052.8533333333335,0.11579145518244364,2115.5,-0.0007563223824154086
2015-02-26,2110.7,2113.9,2113.9,2103.8,,-0.15,-0.0015137896778467663,0.45045354590434594,2112.02,2073.665,2053.5716666666667,0.11580903309665054,2115.5,-0.002268967147246559
2015-02-27,2104.5,2110.9,2112.7,2103.8,,-0.29,-0.002937414128014293,0.4461929631665782,2110.8599999999997,2077.8300000000004,2054.423333333333,0.11577814964171512,2115.5,-0.005199716379106545
2015-03-02,2117.4,2105.2,2117.5,2104.5,,0.61,0.006129722024233786,0.4550577240241922,2112.4,2083.95,2055.27,0.11589146676983762,2117.4,0.0
2015-03-03,2107.8,2115.8,2115.8,2098.3,,-0.45,-0.004533862283933043,0.44846069268829347,2110.86,2088.3,2055.8283333333334,0.11572812005837706,2117.4,-0.004533862283933043
2015-03-04,2098.5,2107.7,2107.7,2087.6,,-0.44,-0.004412183319100538,0.4420698185816414,2107.78,2090.725,2056.2716666666665,0.11488478616958128,2117.4,-0.008926041371493332
2015-03-05,2101.0,2098.5,2104.2,2095.2,,0.12,0.0011913271384322854,0.44378779549203173,2105.84,2093.7,2056.6983333333333,0.11488577713205961,2117.4,-0.007745348068385782
2015-03-06,2071.3,2100.9,2100.9,2067.3,,-1.41,-0.014136125654450216,0.4233782297965947,2099.2,2094.1400000000003,2056.8816666666667,0.11580466997585988,2117.4,-0.021771984509303843
2015-03-09,2079.4,2072.2,2083.5,2072.2,,0.39,0.00391058755371021,0.4289444749862592,2091.6,2095.335,2057.2083333333335,0.11585729684844216,2117.4,-0.01794653820723524
2015-03-10,2044.2,2076.1,2076.1,2044.2,,-1.69,-0.016927959988458197,0.4047553600879634,2078.88,2095.21,2057.51,0.11714785950781834,2117.4,-0.034570699914990066
2015-03-11,2040.2,2044.7,2050.1,2039.7,,-0.2,-0.0019567556990509605,0.4020065970313389,2067.2200000000003,2093.79,2057.5916666666667,0.11704209395570896,2117.4,-0.03645980919996228
2015-03-12,2065.9,2041.1,2066.4,2041.1,,1.26,0.012596804234878967,0.41966739967015143,2060.2,2093.6600000000003,2058.6516666666666,0.11767813747405977,2117.4,-0.024322282044016208
2015-03-13,2053.4,2064.6,2064.6,2041.2,,-0.61,-0.006050631685947994,0.4110775151181998,2056.62,2091.9049999999997,2059.715,0.11722605564188543,2117.4,-0.030225748559554177
2015-03-16,2081.2,2055.3,2081.4,2055.3,,1.35,0.013538521476575305,0.43018141836174006,2056.9800000000005,2091.1150000000002,2061.5233333333335,0.11790754978613391,2117.4,-0.017096439028997934
2015-03-17,2074.3,2080.6,2080.6,2065.1,,-0.33,-0.003315394964443441,0.42543980208906307,2063.0,2089.815,2062.5466666666666,0.11761424895748183,2117.4,-0.02035515254557474
2015-03-18,2099.5,2072.8,2106.8,2061.2,,1.21,0.012148676662006475,0.44275700934579754,2074.8599999999997,2089.8050000000003,2063.185,0.11800180866473611,2117.4,-0.008453764050250334
2015-03-19,2089.3,2098.7,2098.7,2085.6,,-0.49,-0.004858299595141613,0.43574766355140504,2079.54,2089.4,2063.495,0.11793939587617817,2117.4,-0.01327099272692922
2015-03-20,2108.1,2090.3,2113.9,2090.3,,0.9,0.008998229071937924,0.44866684991754013,2090.4800000000005,2089.29,2063.9883333333332,0.11811718757895928,2117.4,-0.004392179087560288
2015-03-23,2104.4,2108.0,2114.9,2104.4,,-0.18,-0.001755134955647164,0.4461242440901625,2095.12,2089.025,2064.358333333333,0.11808854904035397,2117.4,-0.006139605176159413
2015-03-24,2091.5,2103.9,2107.6,2091.5,,-0.61,-0.006130013305455262,0.43725948323254826,2098.5600000000004,2087.825,2064.518333333333,0.11815257232417538,2117.4,-0.012231982620194648
2015-03-25,2061.1,2093.1,2097.4,2061.1,,-1.45,-0.014535022710973067,0.41636888400220173,2090.88,2085.1850000000004,2064.0566666666664,0.11903830733122393,2117.4,-0.02658921318598284
2015-03-26,2056.2,2059.9,2067.2,2045.5,,-0.24,-0.0023773713065838864,0.41300164925783656,2084.2599999999998,2082.46,2063.483333333333,0.11884045720204153,2117.4,-0.028903372060073762
2015-03-27,2061.0,2055.8,2062.8,2053.0,,0.23,0.0023344032681646976,0.41630016492578625,2074.84,2080.285,2063.1616666666664,0.11883125335471857,2117.4,-0.02663644091810713
2015-03-30,2086.2,2064.1,2089.0,2064.1,,1.22,0.012227074235807711,0.4336173721825205,2071.2,2078.725,2063.616666666667,0.11934000531315528,2117.4,-0.014735052422782835
2015-03-31,2067.9,2084.1,2084.1,2067.0,,-0.88,-0.00877192982456132,0.42104178119846347,2066.48,2076.73,2063.778333333333,0.11946416338638992,2117.4,-0.023377727401530213
2015-04-01,2059.7,2067.6,2067.6,2048.4,,-0.4,-0.003965375501716828,0.415406816932383,2066.2,2074.79,2064.43,0.11935842948843686,2117.4,-0.027250401435723215
2015-04-02,2067.0,2060.0,2072.2,2057.3,,0.35,0.003544205466815553,0.4204233095107228,2068.3599999999997,2073.09,2065.503333333333,0.11937458603459306,2117.4,-0.02380277699064892
2015-04-06,2080.6,2064.9,2087.0,2056.5,,0.66,0.006579583938074451,0.4297691039032461,2072.2799999999997,2073.555,2066.415,0.11952568266489248,2117.4,-0.017379805421743777
2015-04-07,2076.3,2080.8,2089.8,2076.1,,-0.21,-0.002066711525521403,0.4268141836173749,2070.3,2073.4,2066.6516666666666,0.11884231421053149,2117.4,-0.019410597903088633
2015-04-08,2081.9,2076.9,2086.7,2073.3,,0.27,0.002697105427924562,0.4306624518966491,2073.1,2075.285,2067.27,0.11832665064708343,2117.4,-0.01676584490412769
2015-04-09,2091.2,2081.3,2093.3,2074.3,,0.45,0.004467073346462236,0.43705332600330093,2079.4,2077.835,2068.3183333333336,0.11834733292995148,2117.4,-0.012373665816567625
2015-04-10,2102.1,2091.5,2102.6,2091.5,,0.52,0.0052123182861514294,0.4445437053326027,2086.42,2079.645,2069.6366666666668,0.11798147803255513,2117.4,-0.007225843015018496
2015-04-13,2092.4,2102.0,2107.7,2092.3,,-0.46,-0.004614433185861633,0.43787795492028847,2088.7799999999997,2081.5950000000003,2070.9883333333332,0.11612981207448954,2117.4,-0.011806933031075828
2015-04-14,2095.8,2092.3,2098.6,2083.2,,0.16,0.00162492831198624,0.44021440351841923,2092.68,2082.325,2072.706666666667,0.11569578513611059,2117.4,-0.010201190138849459
2015-04-15,2106.6,2097.8,2111.9,2097.8,,0.52,0.005153163469796551,0.44763606377130527,2097.62,2083.9399999999996,2074.16,0.11553433111512773,2117.4,-0.00510059506942484
2015-04-16,2105.0,2106.0,2111.3,2100.0,,-0.08,-0.0007595177062564851,0.4465365585486556,2100.38,2084.2149999999997,2075.535,0.11537460479448178,2117.4,-0.005856238783413681
2015-04-17,2081.2,2102.6,2102.6,2072.4,,-1.13,-0.011306413301662821,0.4301814183617396,2096.2,2083.8100000000004,2076.3533333333335,0.11555031854715547,2117.4,-0.017096439028997934
2015-04-20,2100.4,2084.1,2103.9,2084.1,,0.92,0.009225446857582309,0.4433754810335375,2097.8,2083.425,2076.9733333333334,0.11587867510696823,2117.4,-0.008028714461131625
2015-04-21,2097.3,2102.8,2109.6,2094.4,,-0.15,-0.0014759093505998244,0.44124518966465365,2098.1,2083.07,2077.731666666667,0.11584766100802975,2117.4,-0.009492774156984907
2015-04-22,2108.0,2098.3,2110.0,2091.1,,0.51,0.005101797549229792,0.448598130841124,2098.38,2083.895,2078.58,0.1158846803823147,2117.4,-0.004439406819684577
2015-04-23,2112.9,2107.2,2120.5,2103.2,,0.23,0.002324478178368228,0.45196536558548916,2099.96,2086.4849999999997,2079.97,0.11586830846359382,2117.4,-0.0021252479455936557
2015-04-24,2117.7,2112.8,2120.9,2112.8,,0.23,0.002271759193525291,0.4552638812534384,2107.2599999999998,2089.56,2081.895,0.11587559927563393,2117.7,0.0
2015-04-27,2108.9,2119.3,2125.9,2107.0,,-0.42,-0.004155451669263677,0.44921660252886464,2108.96,2091.955,2083.356666666667,0.11564918696796024,2117.7,-0.004155451669263677
2015-04-28,2114.8,2108.3,2116.1,2094.9,,0.28,0.002797667030205453,0.45327102803738595,2112.46,2093.385,2085.3533333333335,0.11564005186221324,2117.7,-0.0013694102091890148
2015-04-29,2106.8,2112.5,2113.7,2097.4,,-0.38,-0.003782863627766253,0.4477735019241369,2112.2200000000003,2095.33,2086.7866666666664,0.11564079700225689,2117.7,-0.005147093544883408
2015-04-30,2085.5,2105.5,2105.5,2077.6,,-1.01,-0.010110119612682822,0.43313633864761125,2106.7400000000002,2096.62,2087.378333333333,0.1160956771898155,2117.7,-0.015205175426169837
2015-05-01,2108.3,2087.4,2108.4,2087.4,,1.09,0.010932630064732773,0.4488042880703711,2104.8599999999997,2098.685,2088.491666666667,0.11656806378916086,2117.7,-0.004438777919440695
2015-05-04,2114.5,2110.2,2120.9,2110.2,,0.29,0.0029407579566473885,0.45306487080813884,2105.98,2100.38,2089.358333333333,0.11657914316444806,2117.7,-0.0015110733342776905
2015-05-05,2089.5,2112.6,2115.2,2088.5,,-1.18,-0.011823126034523512,0.43588510170423556,2100.92,2101.04,2089.925,0.11721841665572368,2117.7,-0.01331633375832264
2015-05-06,2080.2,2091.3,2098.4,2067.9,,-0.45,-0.004450825556353233,0.4294942275975835,2095.6,2100.955,2090.483333333333,0.11693704525180555,2117.7,-0.01770789063606748
2015-05-07,2088.0,2080.0,2092.9,2075.0,,0.37,0.0037496394577445358,0.43485431555800136,2096.1,2100.7949999999996,2090.8066666666664,0.11686895377761489,2117.7,-0.014024649383765353
2015-05-08,2116.1,2092.1,2117.7,2092.1,,1.35,0.01345785440613012,0.4541643760307885,2097.66,2101.495,2091.6,0.11757574419296654,2117.7,-0.0007555366671387898
2015-05-11,2105.3,2115.6,2117.7,2104.6,,-0.51,-0.005103728557251386,0.4467427157779025,2095.82,2102.14,2091.88,0.11770467358412778,2117.7,-0.00585540917032612
2015-05-12,2099.1,2102.9,2105.1,2085.6,,-0.29,-0.0029449484634019862,0.4424821330401343,2097.7400000000002,2102.305,2091.915,0.11738990818953002,2117.7,-0.008783113755489458
2015-05-13,2098.5,2099.6,2110.2,2096.0,,-0.03,-0.00028583678719451555,0.4420698185816405,2101.4,2101.9,2091.8849999999998,0.11739208865746976,2117.7,-0.009066440005666476
2015-05-14,2121.1,2100.4,2121.4,2100.4,,1.08,0.010769597331427239,0.4576003298515692,2108.0199999999995,2102.7050000000004,2092.241666666667,0.11773065543666539,2121.1,0.0
2015-05-15,2122.7,2122.1,2123.9,2116.8,,0.08,0.0007543255857809239,0.45869983507421885,2109.34,2104.7799999999997,2092.6633333333334,0.11731387003440696,2122.7,0.0
2015-05-18,2129.2,2121.3,2131.8,2120.0,,0.31,0.0030621378433126623,0.4631665750412335,2114.12,2106.22,2092.9783333333335,0.11729566651339014,2129.2,0.0
2015-05-19,2127.8,2129.4,2133.0,2124.5,,-0.07,-0.0006575239526580567,0.4622045079714152,2119.8599999999997,2107.745,2093.28,0.11725446548020729,2129.2,-0.0006575239526580567
2015-05-20,2125.8,2127.8,2134.7,2122.6,,-0.09,-0.0009399379640944172,0.46083012644310295,2125.3199999999997,2108.635,2093.451666666667,0.11705098722318158,2129.2,-0.0015968438850271216
2015-05-21,2130.8,2125.6,2134.3,2122.9,,0.24,0.0023520556966789563,0.4642660802638836,2127.26,2109.5299999999997,2093.733333333333,0.11681761523262903,2130.8,0.0
2015-05-22,2126.1,2130.4,2132.2,2126.1,,-0.22,-0.002205744321381764,0.4610362836723496,2127.94,2109.95,2093.99,0.11683375345558226,2130.8,-0.002205744321381764
2015-05-26,2104.2,2125.3,2125.3,2099.2,,-1.03,-0.010300550303372402,0.4459868059373302,2122.9399999999996,2109.715,2093.985,0.1172694845158726,2130.8,-0.012483574244415374
2015-05-27,2123.5,2105.1,2126.2,2105.1,,0.92,0.00917213192662314,0.4592495876855438,2122.08,2110.15,2094.086666666667,0.1174635350465696,2130.8,-0.003425943307677981
2015-05-28,2120.8,2122.3,2122.3,2112.9,,-0.13,-0.0012714857546503033,0.4573941726223223,2121.08,2110.85,2094.3033333333333,0.1174659444299266,2130.8,-0.004693073024216288
2015-05-29,2107.4,2120.7,2120.7,2104.9,,-0.63,-0.006318370426254272,0.44818581638263,2116.4,2111.945,2094.451666666667,0.11755647562738114,2130.8,-0.010981790876666064
2015-06-01,2111.7,2108.6,2119.2,2102.5,,0.2,0.002040428964600771,0.4511407366685012,2113.5199999999995,2112.1150000000002,2094.63,0.11755868025705228,2130.8,-0.008963769476253214
2015-06-02,2109.6,2110.4,2117.6,2099.1,,-0.1,-0.0009944594402613305,0.44969763606377344,2114.6,2111.87,2095.2683333333334,0.11756643895046633,2130.8,-0.009949314811338539
2015-06-03,2114.1,2110.6,2121.9,2109.6,,0.21,0.00213310580204773,0.45278999450247603,2112.7200000000003,2113.1,2095.846666666667,0.11757651441595324,2130.8,-0.007837431950441287
2015-06-04,2095.8,2112.3,2112.9,2093.2,,-0.87,-0.00865616574428818,0.440214403518419,2107.72,2113.88,2096.7066666666665,0.11791446913292149,2130.8,-0.016425755584756896
2015-06-05,2092.8,2095.1,2101.0,2085.7,,-0.14,-0.0014314342971657457,0.4381528312259506,2104.8,2114.12,2097.5833333333335,0.11776452550371373,2130.8,-0.017833677492021804
2015-06-08,2079.3,2092.3,2093.0,2079.1,,-0.65,-0.006450688073394439,0.42887575590984284,2098.3199999999997,2112.2799999999997,2097.806666666667,0.11788091161497291,2130.8,-0.02416932607471367
2015-06-09,2080.2,2079.1,2085.6,2072.1,,0.04,0.0004328379743181454,0.42949422759758327,2092.44,2111.025,2098.253333333333,0.11787896727015233,2130.8,-0.02374694950253442
2015-06-10,2105.2,2081.1,2108.5,2081.1,,1.2,0.01201807518507847,0.4466739967014868,2090.66,2111.3300000000004,2098.653333333333,0.11846037490441963,2130.8,-0.012014266941993812
2015-06-11,2108.9,2106.2,2115.0,2106.2,,0.18,0.0017575527265818458,0.44921660252886464,2093.28,2111.85,2099.23,0.11840515597700231,2130.8,-0.01027782992303361
2015-06-12,2094.1,2107.4,2107.4,2091.3,,-0.7,-0.007017876618142238,0.43904617921935385,2093.54,2110.5,2099.14,0.11840005078625883,2130.8,-0.01722357799887375
2015-06-15,2084.4,2091.3,2091.3,2072.5,,-0.46,-0.004632061506136154,0.43238042880703964,2094.5600000000004,2108.585,2099.0583333333334,0.11847084580830301,2130.8,-0.021775858832363437
2015-06-16,2096.3,2084.3,2097.4,2082.1,,0.57,0.005709076952600256,0.4405579989004975,2097.7799999999997,2106.94,2098.8616666666667,0.11859233666535357,2130.8,-0.016191101933546115
2015-06-17,2100.4,2097.4,2106.8,2088.9,,0.2,0.00195582693316787,0.4433754810335375,2096.8200000000006,2105.57,2098.795,0.11858925181036953,2130.8,-0.014266941993617444
2015-06-18,2121.2,2101.6,2126.7,2101.6,,0.99,0.009902875642734621,0.4576690489279849,2099.2799999999997,2105.3399999999997,2099.29,0.11874539342998132,2130.8,-0.004505350103247818
2015-06-19,2110.0,2121.1,2121.6,2109.4,,-0.53,-0.005280030171600947,0.44997251236943625,2102.46,2104.3,2100.105,0.118874832968978,2130.8,-0.009761591890369847
2015-06-22,2122.8,2112.5,2129.9,2112.5,,0.61,0.00606635071090067,0.458768554150635,2110.1400000000003,2104.135,2101.215,0.11900537237064489,2130.8,-0.0037544584193730524
2015-06-23,2124.2,2123.2,2128.0,2119.9,,0.07,0.0006595063124172906,0.4597306212204533,2115.7200000000003,2105.1349999999998,2102.2683333333334,0.11900477560402278,2130.8,-0.0030974281959829097
2015-06-24,2108.6,2123.7,2125.1,2108.6,,-0.73,-0.007343941248469932,0.44901044529961776,2117.36,2104.39,2102.641666666667,0.11906105470197194,2130.8,-0.010418622113760212
2015-06-25,2102.3,2110.0,2116.0,2101.8,,-0.3,-0.0029877643934362874,0.4446811434854343,2113.58,2103.465,2103.2149999999997,0.11902000622866417,2130.8,-0.013375258119016298
2015-06-26,2101.5,2102.6,2108.9,2095.4,,-0.04,-0.0003805356038625307,0.44413139087410936,2111.88,2103.17,2103.9116666666664,0.11901273999866263,2130.8,-0.01375070396095368
2015-06-29,2057.6,2098.6,2098.6,2056.6,,-2.09,-0.02088984059005472,0.4139637163276553,2098.8399999999997,2100.4649999999997,2103.755,0.12087398936963892,2130.8,-0.0343532945372631
2015-06-30,2063.1,2061.2,2074.3,2056.3,,0.27,0.0026730171073094944,0.417743265530514,2086.62,2098.14,2103.463333333333,0.12089719024083236,2130.8,-0.03177210437394418
2015-07-01,2077.4,2067.0,2082.8,2067.0,,0.69,0.006931316950220534,0.4275700934579467,2080.38,2096.305,2103.481666666667,0.1209107478970823,2130.8,-0.025061009949314816
2015-07-02,2076.8,2078.0,2085.1,2071.0,,-0.03,-0.00028882256666984407,0.4271577789994532,2075.28,2095.355,2103.3966666666665,0.1209111103364566,2130.8,-0.025342594330767798
2015-07-06,2068.8,2073.9,2078.6,2058.4,,-0.39,-0.0038520801232665436,0.4216602528862041,2068.7400000000002,2094.155,2103.023333333333,0.12086481406147405,2130.8,-0.02909705275014074
2015-07-07,2081.3,2069.5,2083.7,2044.0,,0.6,0.0060421500386698135,0.43025013743815577,2073.4800000000005,2094.255,2102.6766666666667,0.1209364908195298,2130.8,-0.023230711469870435
2015-07-08,2046.7,2077.7,2077.7,2044.7,,-1.66,-0.016624225243837998,0.40647333699835353,2070.2,2092.5800000000004,2101.915,0.12188873929606849,2130.8,-0.03946874413365875
2015-07-09,2051.3,2049.7,2074.3,2049.7,,0.22,0.0022475203986906944,0.4096344145134718,2064.9800000000005,2089.8849999999998,2101.173333333333,0.12182479677579892,2130.8,-0.03730993054251919
2015-07-10,2076.6,2052.7,2081.3,2052.7,,1.23,0.012333642080631702,0.42702034084662177,2064.94,2088.27,2100.6733333333336,0.12235163993709826,2130.8,-0.0254364557912522
2015-07-13,2099.6,2080.0,2100.7,2080.0,,1.11,0.011075796975825947,0.4428257284222128,2071.1,2088.5449999999996,2100.5833333333335,0.1228239520936203,2130.8,-0.014642387835554826
2015-07-14,2108.9,2099.7,2112.0,2098.2,,0.44,0.004429415126690817,0.44921660252886486,2076.62,2089.77,2101.045,0.12280979663127185,2130.8,-0.01027782992303361
2015-07-15,2107.4,2109.0,2114.1,2102.5,,-0.07,-0.0007112712788657216,0.44818581638263066,2088.7599999999998,2090.325,2101.1616666666664,0.12279390962107728,2130.8,-0.010981790876666064
2015-07-16,2124.3,2110.6,2124.4,2110.6,,0.8,0.008019360349245552,0.4597993402968694,2103.36,2091.52,2101.6116666666667,0.12297505546251208,2130.8,-0.003050497465740598
2015-07-17,2126.6,2126.8,2128.9,2119.9,,0.11,0.0010827095984558,0.46137987905442834,2113.36,2091.79,2101.9216666666666,0.12236922174403937,2130.8,-0.001971090670170983
2015-07-20,2128.3,2126.8,2132.8,2123.7,,0.08,0.0007993981002540895,0.46254810335349394,2119.1,2092.7050000000004,2102.1783333333337,0.12196519922596373,2130.8,-0.0011732682560540164
2015-07-21,2119.2,2127.6,2128.5,2115.4,,-0.43,-0.004275713010384097,0.45629466739967284,2121.1600000000003,2092.525,2102.2033333333334,0.12202324523377517,2130.8,-0.005443964708091054
2015-07-22,2114.2,2118.2,2118.5,2110.0,,-0.24,-0.0023593808984522235,0.4528587135788922,2122.52,2092.025,2102.2916666666665,0.1219606559003531,2130.8,-0.0077905012201991974
2015-07-23,2102.2,2114.2,2116.9,2098.6,,-0.57,-0.005675905779964019,0.4446124244090186,2118.1,2091.7050000000004,2102.0816666666665,0.12209677436140472,2130.8,-0.01342218884925861
2015-07-24,2079.7,2102.2,2106.0,2077.1,,-1.07,-0.010703072971173011,0.42915063221550565,2108.72,2090.575,2101.63,0.12258701409199779,2130.8,-0.0239816031537452
2015-07-27,2067.6,2078.2,2078.2,2063.5,,-0.58,-0.005818146848103001,0.4208356239692166,2096.58,2088.88,2101.331666666667,0.12262972486009076,2130.8,-0.029660221513046814
2015-07-28,2093.2,2070.8,2095.6,2069.1,,1.24,0.012381505126716874,0.4384277075316134,2091.3799999999997,2090.6600000000003,2101.08,0.12323277900955648,2130.8,-0.017645954571053335
2015-07-29,2108.6,2094.7,2110.6,2094.1,,0.74,0.007357156506783813,0.44901044529961776,2090.2599999999998,2092.9350000000004,2100.981666666667,0.12334412983825319,2130.8,-0.010418622113760212
2015-07-30,2108.6,2106.8,2110.5,2095.0,,0.0,0.0,0.44901044529961776,2091.54,2094.495,2101.3,0.12334424323012938,2130.8,-0.010418622113760212
2015-07-31,2103.8,2111.6,2114.2,2102.1,,-0.23,-0.0022763919188085735,0.4457119296316685,2096.3599999999997,2095.8450000000003,2101.6933333333336,0.12167799694196389,2130.8,-0.012671297165383844
2015-08-03,2098.0,2104.5,2105.7,2087.3,,-0.28,-0.0027569160566595086,0.4417262231995627,2102.44,2097.3050000000003,2101.86,0.12167559370022574,2130.8,-0.01539327951942937
2015-08-04,2093.3,2097.7,2102.5,2088.6,,-0.22,-0.002240228789323062,0.4384964266080289,2102.46,2097.9049999999997,2101.48,0.12151151172986159,2130.8,-0.017599023840810912
2015-08-05,2099.8,2095.3,2112.7,2095.3,,0.31,0.0031051449863850333,0.44296316657504353,2100.7,2100.56,2101.3883333333333,0.12112444950771946,2130.8,-0.014548526375070425
2015-08-06,2083.6,2100.8,2103.3,2075.5,,-0.77,-0.007715020478140877,0.431830676195714,2095.7,2102.175,2101.13,0.12139440075577033,2130.8,-0.02215130467430082
2015-08-07,2077.6,2082.6,2082.6,2067.9,,-0.29,-0.002879631407179839,0.42770753161077724,2090.46,2102.225,2100.7816666666668,0.12129480759224534,2130.8,-0.024967148488830637
2015-08-10,2104.2,2081.0,2105.3,2081.0,,1.28,0.012803234501347571,0.4459868059373302,2091.7,2102.455,2100.5,0.12141996052767447,2130.8,-0.012483574244415374
2015-08-11,2084.1,2102.7,2102.7,2076.5,,-0.96,-0.009552323923581407,0.43217427157779187,2089.8599999999997,2101.215,2099.856666666667,0.12180050312354489,2130.8,-0.02191665102309004
2015-08-12,2086.1,2081.1,2089.1,2052.1,,0.1,0.0009596468499593058,0.43354865310610435,2087.12,2100.15,2099.1383333333333,0.12178687976506868,2130.8,-0.020978036418246804
2015-08-13,2083.4,2086.2,2092.9,2078.3,,-0.13,-0.0012942811945735322,0.43169323804288284,2087.08,2098.105,2098.3983333333335,0.12163090541538644,2130.8,-0.02224516613478511
2015-08-14,2091.5,2083.2,2092.4,2080.6,,0.39,0.0038878755879812044,0.4372594832325476,2089.8599999999997,2096.35,2097.826666666667,0.12161577949730985,2130.8,-0.01844377698516997
2015-08-17,2102.4,2089.7,2102.9,2079.3,,0.52,0.005211570643079089,0.44474986256184934,2089.5,2095.055,2097.3533333333335,0.12171449539719002,2130.8,-0.013328327388774208
2015-08-18,2096.9,2102.0,2103.5,2094.1,,-0.26,-0.0026160578386605904,0.4409703133589906,2092.0600000000004,2093.9399999999996,2096.866666666667,0.1214722293041456,2130.8,-0.015909517552093133
2015-08-19,2079.6,2095.7,2096.2,2070.5,,-0.83,-0.008250274214316455,0.4290819131390895,2090.7599999999998,2092.21,2096.4566666666665,0.12167627430654332,2130.8,-0.024028533883987402
2015-08-20,2035.7,2076.6,2076.6,2035.7,,-2.11,-0.0211098288132332,0.3989142385926354,2081.2200000000003,2088.8849999999998,2094.9933333333333,0.12350958789051704,2130.8,-0.04463112446029671
2015-08-21,1970.9,2034.1,2034.1,1970.9,,-3.18,-0.03183180232843741,0.35438427707531805,2057.1,2083.445,2092.4950000000003,0.12754265633487213,2130.8,-0.07504223765721796
2015-08-24,1893.2,1965.2,1965.2,1867.0,,-3.94,-0.03942361357755342,0.3009895547003867,2015.2599999999998,2074.725,2088.925,0.13348072057623778,2130.8,-0.11150741505537831
2015-08-25,1867.6,1898.1,1948.0,1867.1,,-1.35,-0.013522079019649302,0.28339747113798963,1969.4,2063.4449999999997,2084.8566666666666,0.13405436002194343,2130.8,-0.12352168199737201
2015-08-26,1940.5,1872.8,1943.1,1872.8,,3.9,0.039034054401370755,0.3334936778449715,1941.58,2055.04,2082.038333333333,0.1396822563849311,2130.8,-0.0893091796508354
2015-08-27,1987.7,1942.8,1989.6,1942.8,,2.43,0.024323627930945557,0.3659290819131409,1931.98,2048.995,2079.931666666667,0.14179822911430523,2130.8,-0.06715787497653469
2015-08-28,1988.9,1986.1,1993.5,1975.2,,0.06,0.0006037128339286824,0.3667537108301282,1935.58,2043.25,2078.15,0.141788968173358,2130.8,-0.06659470621362873
2015-08-31,1972.2,1986.7,1986.7,1966.0,,-0.84,-0.00839660113630647,0.35527762506872085,1951.3799999999999,2036.9599999999998,2076.14,0.14199863579776123,2130.8,-0.0744321381640699
2015-09-01,1913.8,1970.1,1970.1,1903.1,,-2.96,-0.02961160125747897,0.31514568444200286,1960.6200000000001,2027.9850000000001,2073.3816666666667,0.1450481928112135,2130.8,-0.10183968462549287
2015-09-02,1948.9,1916.5,1948.9,1916.5,,1.83,0.018340474448740762,0.33926608026388316,1962.3,2020.4399999999998,2071.193333333333,0.14621861635742764,2130.8,-0.08536699831049377
2015-09-03,1951.1,1950.8,1975.0,1944.7,,0.11,0.0011288419108212988,0.3407778999450264,1954.98,2013.815,2068.625,0.14621629264196567,2130.8,-0.08433452224516624
2015-09-04,1921.2,1947.8,1947.8,1911.2,,-1.53,-0.015324688637178951,0.32023089609675814,1941.44,2005.9950000000001,2065.496666666667,0.146922040034296,2130.8,-0.0983668105875728
2015-09-08,1969.4,1927.3,1970.4,1927.3,,2.51,0.0250884863626899,0.35335349092908364,1940.8799999999999,1999.2549999999999,2063.4183333333335,0.14903944974137107,2130.8,-0.07574619861085041
2015-09-09,1942.0,1971.5,1988.6,1937.9,,-1.39,-0.01391286686300397,0.3345244639912057,1946.52,1992.15,2061.045,0.1495445502837204,2130.8,-0.08860521869720306
2015-09-10,1952.3,1941.6,1965.3,1937.2,,0.53,0.005303810504634354,0.3416025288620139,1947.2,1985.4599999999998,2058.645,0.14959423239837344,2130.8,-0.08377135348226028
2015-09-11,1961.0,1951.5,1961.0,1939.2,,0.45,0.004456282333657802,0.34758108851017244,1949.1799999999998,1979.3399999999997,2056.3216666666663,0.14965898409018893,2130.8,-0.07968837995119216
2015-09-14,1953.0,1963.1,1963.1,1948.3,,-0.41,-0.004079551249362545,0.3420835623969234,1955.5399999999997,1972.4149999999997,2053.518333333333,0.1495940624858142,2130.8,-0.0834428383705651
2015-09-15,1978.1,1955.1,1983.2,1954.3,,1.29,0.012852022529441731,0.35933205057724216,1957.28,1966.2,2051.32,0.15014513669593318,2130.8,-0.0716632250797824
2015-09-16,1995.3,1978.0,1997.3,1977.9,,0.87,0.008695212577726208,0.3711517317207278,1967.94,1961.1200000000001,2049.195,0.1502090760751118,2130.8,-0.06359113947813033
2015-09-17,1990.2,1995.3,2020.9,1986.7,,-0.26,-0.0025560066155464467,0.36764705882353166,1975.52,1956.65,2046.9616666666666,0.1502260191576701,2130.8,-0.06598460672048068
2015-09-18,1958.0,1989.7,1989.7,1953.5,,-1.62,-0.016179278464475977,0.34551951621770427,1974.92,1952.765,2044.4516666666668,0.1510157691246901,2130.8,-0.08109630185845695
2015-09-21,1967.0,1960.8,1979.6,1955.8,,0.46,0.004596527068437162,0.35170423309510945,1977.72,1952.5700000000002,2042.1966666666667,0.15108690789178836,2130.8,-0.07687253613666234
2015-09-22,1942.7,1961.4,1961.4,1929.2,,-1.24,-0.012353838332486045,0.3350054975261154,1970.64,1955.045,2039.55,0.1513791698261711,2130.8,-0.08827670358550788
2015-09-23,1938.8,1943.2,1949.5,1932.6,,-0.2,-0.0020075153137386614,0.33232545354590637,1959.3400000000001,1958.6050000000002,2037.57,0.15128351387365654,2130.8,-0.09010700206495226
2015-09-24,1932.2,1934.8,1937.2,1908.9,,-0.34,-0.003404167526304902,0.32778999450247603,1947.7400000000002,1958.19,2035.3883333333333,0.15111418167947668,2130.8,-0.09320443026093495
2015-09-25,1931.3,1935.9,1952.9,1921.5,,-0.05,-0.00046579029086024626,0.3271715228147354,1942.4,1955.3700000000001,2032.9533333333334,0.15025048266674196,2130.8,-0.09362680683311442
2015-09-28,1881.8,1929.2,1929.2,1879.2,,-2.56,-0.025630404390824868,0.2931555799890069,1925.36,1950.0149999999999,2029.7033333333334,0.15216764642514444,2130.8,-0.11685751830298485
2015-09-29,1884.1,1881.9,1899.5,1871.9,,0.12,0.0012222340312466606,0.294736118746566,1913.6399999999999,1945.61,2026.6249999999998,0.15215540509693523,2130.8,-0.11577811150741513
2015-09-30,1920.0,1887.1,1920.5,1887.1,,1.91,0.01905419032960043,0.3194062671797713,1909.8799999999999,1945.9199999999996,2023.9366666666667,0.15333801491922203,2130.8,-0.09892997935047876
2015-10-01,1923.8,1919.7,1927.2,1900.7,,0.2,0.001979166666666643,0.3220175920835646,1908.2,1944.6650000000002,2021.888333333333,0.15277950200881718,2130.8,-0.09714661160127658
2015-10-02,1951.4,1921.8,1951.4,1893.7,,1.43,0.014346605676265778,0.34098405717427394,1912.22,1944.6799999999998,2020.2233333333336,0.1534516011989045,2130.8,-0.08419373005443964
2015-10-05,1987.0,1954.3,1989.2,1954.3,,1.82,0.018243312493594344,0.3654480483782323,1933.2599999999998,1947.97,2018.73,0.15412886492859576,2130.8,-0.06748639008822988
2015-10-06,1979.9,1986.6,1991.6,1972.0,,-0.36,-0.003573225968797167,0.3605689939527239,1952.42,1948.4950000000001,2016.7350000000001,0.15416342258614774,2130.8,-0.07081847193542334
2015-10-07,1995.8,1982.3,1999.3,1976.4,,0.8,0.008030708621647564,0.3714953271028063,1967.58,1951.185,2014.85,0.15360980657541337,2130.8,-0.06335648582691955
2015-10-08,2013.4,1994.0,2016.5,1987.5,,0.88,0.008818518889668336,0.3835898845519543,1985.5,1954.2400000000002,2013.2833333333333,0.15287375699216413,2130.8,-0.0550966773042989
2015-10-09,2014.9,2013.7,2020.1,2007.6,,0.07,0.0007450084434290627,0.3846206706981885,1998.2,1956.9350000000002,2011.46,0.15144075275941551,2130.8,-0.05439271635066645
2015-10-12,2017.5,2015.7,2018.7,2010.5,,0.13,0.0012903866196833924,0.38640736668499454,2004.3,1960.1600000000003,2009.6416666666667,0.15098942204470944,2130.8,-0.05317251736437023
2015-10-13,2003.7,2015.0,2022.3,2001.8,,-0.68,-0.006840148698884718,0.3769241341396399,2009.0600000000002,1961.4399999999998,2007.5649999999998,0.15022224185178323,2130.8,-0.0596489581377887
2015-10-14,1994.2,2003.7,2009.6,1990.7,,-0.47,-0.00474122872685534,0.37039582188015663,2008.7400000000002,1961.3850000000002,2005.4816666666666,0.15030133427598882,2130.8,-0.0641073775107941
2015-10-15,2023.9,1996.5,2024.2,1996.5,,1.49,0.01489319025172997,0.3908053875755937,2010.8400000000001,1963.0699999999997,2003.9766666666667,0.1507719990123305,2130.8,-0.05016895062887183
2015-10-16,2033.1,2024.4,2033.5,2020.5,,0.45,0.00454567913434456,0.39712754260583005,2014.48,1966.825,2002.825,0.15082950185483768,2130.8,-0.04585132344659293
2015-10-19,2033.7,2031.7,2034.5,2022.3,,0.03,0.0002951158329644876,0.3975398570643238,2017.72,1970.1599999999999,2002.0583333333334,0.15030720072768938,2130.8,-0.04556973906513995
2015-10-20,2030.8,2033.1,2039.1,2026.6,,-0.14,-0.0014259723656390166,0.3955470038482709,2023.14,1974.565,2001.445,0.1500588763851875,2130.8,-0.046930730242162655
2015-10-21,2018.9,2033.5,2038.0,2017.2,,-0.59,-0.0058597597006104785,0.38736943375481303,2028.08,1978.5699999999997,2000.2066666666665,0.14892817700222194,2130.8,-0.05251548714097998
2015-10-22,2052.5,2021.9,2055.2,2021.9,,1.66,0.016642726237059646,0.4104590434304589,2033.8,1984.5849999999998,1999.2716666666665,0.14963985871041877,2130.8,-0.036746761779613335
2015-10-23,2075.2,2058.2,2079.7,2058.2,,1.11,0.011059683313032753,0.42605827377680283,2042.2199999999998,1991.78,1998.7150000000001,0.14954520214847963,2130.8,-0.026093486014642564
2015-10-26,2071.2,2075.1,2075.1,2066.5,,-0.19,-0.0019275250578257852,0.4233095107201783,2049.72,2001.25,1998.1716666666666,0.14940605056109668,2130.8,-0.027970715224329035
2015-10-27,2065.9,2068.8,2070.4,2058.8,,-0.26,-0.0025589030513710753,0.419667399670151,2056.7400000000002,2010.3400000000001,1997.6366666666665,0.14942196182896478,2130.8,-0.03045804392716356
2015-10-28,2090.3,2066.5,2090.3,2063.1,,1.18,0.011810833050970526,0.4364348543155605,2071.0199999999995,2018.8550000000002,1997.5866666666666,0.14941273227677138,2130.8,-0.01900694574807582
2015-10-29,2089.4,2088.3,2092.5,2082.6,,-0.04,-0.000430560206668984,0.43581638262781985,2078.4,2027.1349999999998,1997.4133333333332,0.14940557001072358,2130.8,-0.019429322320255293
2015-10-30,2079.4,2090.0,2094.3,2079.3,,-0.48,-0.004786062984588835,0.42894447498625854,2079.2400000000002,2033.5349999999999,1997.3433333333335,0.14936820262698478,2130.8,-0.02412239534447158
2015-11-02,2104.1,2080.8,2106.2,2080.8,,1.19,0.011878426469173808,0.44591808686091494,2085.8199999999997,2039.39,1997.785,0.14938355903360656,2130.8,-0.012530504974657575
2015-11-03,2109.8,2102.6,2116.5,2097.5,,0.27,0.0027089967206883614,0.44983507421660507,2094.6,2045.8849999999998,1997.8783333333333,0.14940411789403021,2130.8,-0.009855453350854138
2015-11-04,2102.3,2110.6,2114.6,2097.0,,-0.36,-0.0035548393212626594,0.4446811434854341,2097.0,2051.21,1998.1816666666666,0.14942084199211744,2130.8,-0.013375258119016298
2015-11-05,2099.9,2101.7,2108.8,2090.4,,-0.11,-0.00114160681158737,0.44303188565145923,2099.1,2055.5350000000003,1998.4116666666669,0.14932487205120676,2130.8,-0.014501595644828225
2015-11-06,2099.2,2098.6,2101.9,2083.7,,-0.03,-0.00033334920710526017,0.44255085211654976,2103.06,2059.75,1998.675,0.14928284975725464,2130.8,-0.014830110756523518
2015-11-09,2078.6,2096.6,2096.6,2068.2,,-0.98,-0.009813262195121908,0.4283947223749336,2097.96,2062.805,1998.4599999999998,0.14961646787314126,2130.8,-0.024497841186408964
2015-11-10,2081.7,2077.2,2083.7,2069.9,,0.15,0.001491388434523122,0.43052501374381746,2092.34,2066.7050000000004,1998.115,0.14959210151743182,2130.8,-0.023042988548901966
2015-11-11,2075.0,2083.4,2086.9,2074.8,,-0.32,-0.003218523322284561,0.42592083562397165,2086.88,2070.745,1997.75,0.1496284245348442,2130.8,-0.026187347475126743
2015-11-12,2046.0,2072.3,2072.3,2045.7,,-1.4,-0.013975903614457885,0.40599230346344384,2076.1,2071.85,1997.1899999999998,0.15028810994375405,2130.8,-0.03979725924535393
2015-11-13,2023.0,2044.6,2044.6,2022.0,,-1.12,-0.011241446725317683,0.3901869158878528,2060.8599999999997,2071.345,1996.9783333333335,0.15071151195167787,2130.8,-0.050591327201051306
2015-11-16,2053.2,2022.1,2053.2,2019.4,,1.49,0.014928324270884641,0.4109400769653677,2055.7799999999997,2072.32,1998.35,0.15144767172041657,2130.8,-0.036418246667918375
2015-11-17,2050.4,2053.7,2066.7,2045.9,,-0.14,-0.0013637249172022692,0.4090159428257307,2049.52,2073.3,2000.97,0.15145297858529963,2130.8,-0.03773230711469877
2015-11-18,2083.6,2052.0,2085.3,2052.0,,1.62,0.016191962543893768,0.431830676195714,2051.2400000000002,2076.5350000000003,2004.5700000000002,0.15222608336339646,2130.8,-0.02215130467430082
2015-11-19,2081.2,2083.7,2086.7,2078.8,,-0.12,-0.00115185256287198,0.4301814183617392,2058.2799999999997,2077.97,2006.9150000000002,0.15222267614341123,2130.8,-0.023277642200112858
2015-11-20,2089.2,2082.8,2097.1,2082.8,,0.38,0.0038439361906592584,0.43567894447498823,2071.5199999999995,2078.67,2008.6066666666666,0.1522568310060167,2130.8,-0.019523183780739806
2015-11-23,2086.6,2089.4,2095.6,2081.4,,-0.12,-0.001244495500670073,0.4338922484881824,2078.2,2079.44,2010.2350000000001,0.15217671643502217,2130.8,-0.020743382767036023
2015-11-24,2089.1,2084.4,2094.1,2070.3,,0.12,0.0011981213457299411,0.43561022539857275,2085.9399999999996,2080.6,2012.1833333333334,0.15215543262530887,2130.8,-0.019570114510981895
2015-11-25,2088.9,2089.3,2093.0,2086.3,,-0.01,-9.573500550463798e-05,0.4354727872457418,2086.9999999999995,2080.5299999999997,2015.1016666666667,0.15215042491817354,2130.8,-0.019663975971466185
2015-11-27,2090.1,2088.8,2093.3,2084.1,,0.06,0.0005744650294412512,0.4362974161627291,2088.7799999999997,2080.5649999999996,2017.4550000000002,0.15212675925621644,2130.8,-0.019100807208560333
2015-11-30,2080.4,2090.9,2093.8,2080.4,,-0.46,-0.004640926271470169,0.42963166575041467,2087.02,2080.6150000000002,2019.6100000000001,0.15217810426381043,2130.8,-0.02365308804205002
2015-12-01,2102.6,2082.9,2103.4,2082.9,,1.07,0.01067102480292248,0.44488730071468074,2090.2200000000003,2080.54,2022.6333333333334,0.152385836076033,2130.8,-0.013234465928289918
2015-12-02,2079.5,2101.7,2104.3,2077.1,,-1.1,-0.010986397793208313,0.42901319406267424,2088.3,2079.025,2024.4683333333332,0.15265916317561223,2130.8,-0.02407546461422949
2015-12-03,2049.6,2080.7,2085.0,2042.3,,-1.44,-0.014378456359701919,0.4084661902144058,2080.44,2076.39,2026.2616666666665,0.1532961629742858,2130.8,-0.038107752956636154
2015-12-04,2091.7,2051.2,2093.8,2051.2,,2.05,0.020540593286494824,0.4373969213853788,2080.7599999999998,2075.98,2028.585,0.15466136110411835,2130.8,-0.018349915524685678
2015-12-07,2077.1,2090.4,2090.4,2066.8,,-0.7,-0.006979968446717888,0.4273639362286994,2080.1,2074.875,2030.5200000000002,0.15481397474545008,2130.8,-0.02520180214004142
2015-12-08,2063.6,2073.4,2073.8,2052.3,,-0.65,-0.006499446343459669,0.4180868609125916,2072.3,2074.125,2032.3633333333335,0.15477903518779285,2130.8,-0.031537450722733396
2015-12-09,2047.6,2061.2,2080.3,2036.5,,-0.78,-0.007753440589261529,0.4070918086860935,2065.9199999999996,2072.42,2033.5216666666668,0.1549755836092576,2130.8,-0.03904636756147939
2015-12-10,2052.2,2047.9,2067.7,2045.7,,0.22,0.0022465325258840263,0.4102528862012118,2066.4399999999996,2071.2799999999997,2034.47,0.15411516024210695,2130.8,-0.03688755397033994
2015-12-11,2012.4,2047.3,2047.3,2008.8,,-1.94,-0.01939382126498379,0.38290269378779795,2050.58,2069.5999999999995,2034.84,0.15527658253213902,2130.8,-0.055565984606720464
2015-12-14,2021.9,2013.4,2022.9,1993.3,,0.47,0.0047207314649175824,0.3894310060472812,2039.5400000000002,2069.545,2035.905,0.15449075231365672,2130.8,-0.05110756523371507
2015-12-15,2043.4,2025.5,2053.9,2025.5,,1.06,0.010633562490726556,0.40420560747663803,2035.5,2069.055,2037.1783333333333,0.1547140930213786,2130.8,-0.04101745823165015
2015-12-16,2073.1,2046.5,2076.7,2042.4,,1.45,0.014534599197415954,0.42461517317207487,2040.6,2070.1899999999996,2039.3516666666667,0.15513513565617218,2130.8,-0.02707903134972789
2015-12-17,2041.9,2073.8,2076.4,2041.7,,-1.5,-0.015049925232743178,0.4031748213304036,2038.5400000000002,2068.105,2041.07,0.15456322173223055,2130.8,-0.041721419185282604
2015-12-18,2005.5,2040.8,2040.8,2005.3,,-1.78,-0.017826534110387482,0.3781610775151203,2037.1600000000003,2064.32,2042.2916666666667,0.1537287965595745,2130.8,-0.058804204993429754
2015-12-21,2021.2,2010.3,2022.9,2005.9,,0.78,0.007828471702817197,0.3889499725123715,2037.02,2060.9199999999996,2043.79,0.15386066405151477,2130.8,-0.05143608034541025
2015-12-22,2039.0,2023.2,2042.7,2020.5,,0.88,0.008806649515139542,0.4011819681143507,2036.14,2058.54,2046.4099999999999,0.1540685584383839,2130.8,-0.04308241036230531
2015-12-23,2064.3,2042.2,2064.7,2042.2,,1.24,0.012408043158411042,0.41856789444750087,2034.3800000000003,2057.3,2049.4133333333334,0.1545596469941449,2130.8,-0.031208935611038102
2015-12-24,2061.0,2063.5,2067.4,2058.7,,-0.16,-0.0015986048539456954,0.4163001649257856,2038.2,2055.9049999999997,2051.7633333333333,0.15456797510596518,2130.8,-0.0327576497090295
2015-12-28,2056.5,2057.8,2057.8,2044.2,,-0.22,-0.0021834061135370675,0.413207806487083,2048.4,2054.225,2053.975,0.15454765111448523,2130.8,-0.034869532569926864
2015-12-29,2078.4,2060.5,2081.6,2060.5,,1.06,0.01064916119620718,0.4282572842221024,2059.84,2054.125,2056.0916666666667,0.15491285353794268,2130.8,-0.024591702646893254
2015-12-30,2063.4,2077.3,2077.3,2062.0,,-0.72,-0.00721709006928406,0.41794942275976044,2064.7200000000003,2052.165,2057.365,0.15500324692614653,2130.8,-0.031631312183217575
2015-12-31,2043.9,2060.6,2062.5,2043.6,,-0.95,-0.00945042163419596,0.4045492028587159,2060.64,2050.3849999999998,2058.4316666666664,0.15494967265123946,2130.8,-0.04078280458043926
2016-01-04,2012.7,2038.2,2038.2,1989.7,,-1.53,-0.015264934683692943,0.3831088510170446,2050.9800000000005,2048.54,2058.7133333333336,0.15570131131488646,2130.8,-0.055425192415994085
2016-01-05,2016.7,2013.8,2021.9,2004.2,,0.2,0.0019873801361356414,0.38585761407366936,2043.0200000000004,2044.7899999999997,2058.7683333333334,0.15463447918278728,2130.8,-0.0535479632063075
2016-01-06,1990.3,2011.7,2011.7,1979.0,,-1.31,-0.013090692715822971,0.36771577789994736,2025.4,2040.45,2058.358333333333,0.1549337322934985,2130.8,-0.06593767599023848
2016-01-07,1943.1,1985.3,1985.3,1938.8,,-2.37,-0.02371501783650709,0.335280373831778,2001.3400000000001,2034.425,2057.1183333333333,0.15630051848543222,2130.8,-0.0880889806645393
2016-01-08,1922.0,1946.0,1960.4,1918.5,,-1.09,-0.010858936750553161,0.32078064870808376,1976.9600000000003,2028.145,2055.7566666666667,0.15562014435091184,2130.8,-0.09799136474563552
2016-01-11,1923.7,1926.1,1935.7,1901.1,,0.09,0.0008844953173776648,0.32194887300714914,1959.1599999999999,2021.7199999999998,2054.5816666666665,0.15540821648575168,2130.8,-0.09719354233151878
2016-01-12,1938.7,1927.8,1947.4,1914.3,,0.78,0.007797473618547546,0.3322567344694911,1943.56,2018.0350000000003,2053.161666666667,0.1554109896528883,2130.8,-0.09015393279519435
2016-01-13,1890.3,1940.3,1950.3,1886.4,,-2.5,-0.02496518285449012,0.29899670148433444,1923.56,2011.455,2050.7816666666668,0.15736446003587876,2130.8,-0.11286840623240102
2016-01-14,1921.8,1891.7,1934.5,1878.9,,1.67,0.016664021583875588,0.3206432105552526,1919.3,2005.375,2048.9166666666665,0.15816669411910933,2130.8,-0.09808522620611981
2016-01-15,1880.3,1916.7,1916.7,1857.8,,-2.16,-0.02159433864085758,0.2921247938427731,1910.9599999999998,1995.7350000000001,2046.4083333333333,0.15935858232872757,2130.8,-0.11756147925661731
2016-01-19,1881.3,1888.7,1901.4,1864.6,,0.05,0.0005318300271233145,0.29281198460692925,1902.48,1987.705,2044.1150000000002,0.15877620602645934,2130.8,-0.11709217195419575
2016-01-20,1859.3,1876.2,1876.2,1812.3,,-1.17,-0.011694041354382567,0.27769378779549436,1886.6,1980.395,2040.895,0.15917906892535255,2130.8,-0.12741693260747144
2016-01-21,1869.0,1861.5,1889.8,1849.0,,0.52,0.005217017156994519,0.2843595382078088,1882.3400000000001,1972.7850000000003,2037.4583333333333,0.15919468816392482,2130.8,-0.12286465177398165
2016-01-22,1906.9,1877.4,1908.8,1877.4,,2.03,0.02027822364901022,0.3104040681693263,1879.36,1966.1800000000003,2034.72,0.15976029592394736,2130.8,-0.10507790501220204
2016-01-25,1877.1,1906.3,1906.3,1876.0,,-1.56,-0.01562745817819511,0.2899257833974733,1878.72,1956.8200000000002,2031.5733333333335,0.16041249701289415,2130.8,-0.1190632626243665
2016-01-26,1903.6,1878.8,1906.7,1878.8,,1.41,0.014117521709019254,0.3081363386476108,1883.1799999999998,1948.95,2028.4616666666666,0.16103426924399314,2130.8,-0.10662661911019344
2016-01-27,1883.0,1902.5,1917.0,1872.7,,-1.08,-0.01082160117671771,0.29398020890599463,1887.92,1940.275,2025.0216666666665,0.16084211799891396,2130.8,-0.11629434954007889
2016-01-28,1893.4,1885.2,1903.0,1873.7,,0.55,0.005523101433882127,0.30112699285321853,1892.8,1931.025,2021.9216666666666,0.16039665528135408,2130.8,-0.11141355359489402
2016-01-29,1940.2,1894.0,1940.2,1894.0,,2.47,0.024717439526777296,0.33328752061572553,1899.4599999999998,1924.8649999999998,2019.19,0.1620319706906807,2130.8,-0.08944997184156189
2016-02-01,1939.4,1936.9,1947.2,1920.3,,-0.04,-0.0004123286259147818,0.3327377680044008,1911.92,1919.64,2016.35,0.16151775289955625,2130.8,-0.08982541768349916
2016-02-02,1903.0,1935.3,1935.3,1897.3,,-1.88,-0.01876869134783954,0.3077240241891177,1911.8,1914.155,2013.0283333333332,0.1620675295238233,2130.8,-0.10690820349164643
2016-02-03,1912.5,1907.1,1918.0,1872.2,,0.5,0.00499211770888075,0.31425233644860096,1917.7,1908.9450000000002,2009.9049999999997,0.16148493334629513,2130.8,-0.10244978411864092
2016-02-04,1915.5,1911.7,1927.3,1900.5,,0.16,0.0015686274509802978,0.3163139087410691,1922.1200000000001,1905.205,2006.8433333333332,0.1614466849247584,2130.8,-0.10104186221137612
2016-02-05,1880.0,1913.1,1913.1,1872.7,,-1.85,-0.018533020099190778,0.29191863661352646,1910.08,1902.05,2003.5333333333333,0.16213786780913325,2130.8,-0.1177022714473438
2016-02-08,1853.4,1873.2,1873.2,1828.5,,-1.41,-0.014148936170212734,0.2736393622869735,1892.8799999999999,1898.6200000000001,1999.7283333333332,0.16269861240664474,2130.8,-0.13018584569175895
2016-02-09,1852.2,1848.5,1868.2,1834.9,,-0.06,-0.0006474587245063335,0.2728147333699862,1882.72,1895.045,1996.015,0.16265121804695584,2130.8,-0.1307490144546649
2016-02-10,1851.9,1857.1,1881.6,1850.3,,-0.02,-0.00016196954972458322,0.2726085761407395,1870.6,1890.705,1992.7799999999997,0.1622730023046604,2130.8,-0.1308898066453914
2016-02-11,1829.1,1847.0,1847.0,1810.1,,-1.23,-0.012311679896322758,0.2569406267179797,1853.3200000000002,1887.645,1989.5483333333332,0.16271011060860333,2130.8,-0.1415900131406046
2016-02-12,1864.8,1833.4,1864.8,1833.4,,1.95,0.019517795637198576,0.28147333699835353,1850.28,1884.795,1986.4083333333333,0.16361971301072314,2130.8,-0.12483574244415252
2016-02-16,1895.6,1871.4,1895.8,1871.4,,1.65,0.016516516516516422,0.3026388125343622,1858.72,1885.56,1983.8283333333334,0.16443221752670395,2130.8,-0.1103810775295665
2016-02-17,1926.8,1898.8,1930.7,1898.8,,1.65,0.01645916860097074,0.3240791643760337,1873.64,1887.8350000000003,1981.215,0.1652783796385656,2130.8,-0.09573868969401178
2016-02-18,1917.8,1927.6,1930.0,1915.1,,-0.47,-0.004670957027195333,0.3178944474986285,1886.8200000000002,1890.7599999999998,1978.4916666666666,0.16533648380222757,2130.8,-0.0999624554158064
2016-02-19,1917.8,1916.7,1918.8,1902.2,,0.0,0.0,0.3178944474986285,1904.56,1893.2,1975.635,0.16533485777083287,2130.8,-0.0999624554158064
2016-02-22,1945.5,1924.4,1946.7,1924.4,,1.44,0.014443633329857208,0.3369296316657535,1920.7,1895.1299999999999,1973.2833333333333,0.16586689057664808,2130.8,-0.08696264313872737
2016-02-23,1921.3,1942.4,1942.4,1919.4,,-1.24,-0.01243896170650216,0.3202996151731752,1925.8400000000001,1897.3399999999997,1970.4866666666667,0.16631282304096684,2130.8,-0.0983198798573307
2016-02-24,1929.8,1917.6,1932.1,1891.0,,0.44,0.004424087857179959,0.3261407366685023,1926.44,1898.65,1967.8349999999998,0.16635224759694148,2130.8,-0.09433076778674687
2016-02-25,1951.7,1931.9,1951.8,1925.4,,1.13,0.011348326251425123,0.3411902144035217,1933.22,1902.0849999999998,1965.5283333333332,0.1667595227689241,2130.8,-0.08405293786371326
2016-02-26,1948.0,1955.0,1963.0,1945.8,,-0.19,-0.0018957831633960032,0.33864760857614407,1939.2600000000002,1904.8149999999998,1963.3216666666665,0.16676283979111717,2130.8,-0.08578937488267324
2016-02-29,1932.2,1947.1,1958.3,1931.8,,-0.81,-0.008110882956878784,0.32778999450247737,1936.6,1904.4150000000002,1960.4816666666668,0.16692629927913175,2130.8,-0.09320443026093495
2016-03-01,1978.3,1937.1,1978.3,1937.1,,2.39,0.02385881378739252,0.3594694887300749,1948.0,1906.36,1958.7949999999998,0.1685438412916001,2130.8,-0.071569363619298
2016-03-02,1986.5,1976.6,1986.5,1968.8,,0.41,0.004144972956579007,0.36510445299615535,1959.3400000000001,1910.5349999999999,1957.743333333333,0.16854393121511232,2130.8,-0.06772104373944066
2016-03-03,1993.4,1985.6,1993.7,1977.4,,0.35,0.00347344575887254,0.3698460692688328,1967.6799999999998,1914.58,1956.105,0.16852955442350662,2130.8,-0.06448282335273137
2016-03-04,2000.0,1994.0,2009.1,1986.8,,0.33,0.0033109260559847087,0.3743815283122631,1978.08,1918.8049999999998,1954.82,0.16855978853373904,2130.8,-0.06138539515674868
2016-03-07,2001.8,1996.1,2006.1,1989.4,,0.09,0.0008999999999999009,0.375618471687744,1992.0,1924.895,1953.7900000000002,0.16797587085212448,2130.8,-0.060540642012389845
2016-03-08,1979.3,1996.9,1996.9,1977.4,,-1.12,-0.011239884104306097,0.360156679494231,1992.2,1931.1899999999998,1952.6516666666664,0.1682974807473437,2130.8,-0.07110005631687644
2016-03-09,1989.3,1981.4,1992.7,1979.8,,0.51,0.005052291214065585,0.36702858713579234,1992.7599999999998,1938.045,1951.6033333333332,0.1675297390022849,2130.8,-0.06640698329266015
2016-03-10,1989.6,1991.0,2005.1,1969.2,,0.02,0.00015080681646817418,0.3672347443650392,1992.0,1944.9299999999998,1951.2233333333336,0.16751894394028277,2130.8,-0.06626619110193366
2016-03-11,2022.2,1994.7,2022.4,1994.7,,1.64,0.01638520305589064,0.3896371632765292,1996.4399999999998,1954.5850000000003,1951.2283333333332,0.16784846712212617,2130.8,-0.05096677304298858
2016-03-14,2019.6,2019.3,2024.6,2012.0,,-0.13,-0.001285728414598064,0.38785046728972317,2000.0,1962.325,1950.8316666666667,0.16774444704446276,2130.8,-0.052186972029284906
2016-03-15,2015.9,2015.3,2015.9,2005.2,,-0.18,-0.0018320459496928843,0.38530786146234575,2007.3200000000002,1968.3400000000001,1949.8783333333333,0.16720135115754278,2130.8,-0.053923409048244775
2016-03-16,2027.2,2014.2,2032.0,2010.0,,0.56,0.005605436777617934,0.3930731170973101,2014.9,1973.36,1949.6333333333334,0.1672655382386942,2130.8,-0.048620236530880434
2016-03-17,2040.6,2026.9,2046.2,2022.2,,0.66,0.006610102604577728,0.40228147333700215,2025.1,1979.5,1950.2183333333335,0.1669518772646732,2130.8,-0.04233151867843077
2016-03-18,2049.6,2041.2,2052.4,2041.2,,0.44,0.004410467509555982,0.40846619021440733,2030.58,1986.0899999999997,1950.6916666666666,0.166941590499247,2130.8,-0.038107752956636154
2016-03-21,2051.6,2047.9,2053.9,2043.1,,0.1,0.0009758001561279706,0.4098405717427196,2036.98,1991.395,1950.9016666666669,0.16669902688393554,2130.8,-0.03716913835179292
2016-03-22,2049.8,2048.6,2056.6,2040.6,,-0.09,-0.0008773640085785184,0.40860362836723874,2043.7599999999998,1997.8200000000002,1950.66,0.1666923382835878,2130.8,-0.03801389149615164
2016-03-23,2036.7,2048.6,2048.6,2034.9,,-0.64,-0.006390867401697808,0.3996014293567933,2045.6599999999999,2003.1650000000002,1950.255,0.16670209557292248,2130.8,-0.04416181715787504
2016-03-24,2035.9,2032.5,2036.0,2022.5,,-0.04,-0.0003927922619924029,0.3990516767454684,2044.72,2007.375,1949.9116666666666,0.16606705990816678,2130.8,-0.04453726299981231
2016-03-28,2037.0,2037.9,2042.7,2032.0,,0.05,0.0005403015865219629,0.3998075865860402,2042.2,2011.825,1949.2216666666666,0.1660506532144599,2130.8,-0.04402102496714855
2016-03-29,2055.0,2035.8,2055.9,2028.3,,0.88,0.008836524300441795,0.4121770203408506,2042.8799999999999,2017.9649999999997,1949.0816666666665,0.16626890509679254,2130.8,-0.03557349352355932
2016-03-30,2063.9,2058.3,2072.2,2058.3,,0.43,0.004330900243308955,0.41829301814184006,2045.7,2022.2450000000001,1949.4150000000002,0.16587500948237038,2130.8,-0.031396658532006794
2016-03-31,2059.7,2063.8,2067.9,2057.5,,-0.2,-0.002034982315034739,0.4154068169323841,2050.3,2025.9050000000002,1950.1983333333333,0.1656535017697521,2130.8,-0.03336774920217778
2016-04-01,2072.8,2056.6,2075.1,2044.0,,0.64,0.006360149536340343,0.42440901594282954,2057.68,2029.875,1951.1333333333334,0.16572472579884265,2130.8,-0.02721982354045427
2016-04-04,2066.1,2073.2,2074.0,2062.6,,-0.32,-0.0032323427248167613,0.4198048378229833,2063.5,2033.1799999999998,1952.3966666666665,0.16572103638944513,2130.8,-0.030364182466679268
2016-04-05,2045.2,2062.5,2062.5,2042.6,,-1.01,-0.010115676879144164,0.4054425508521202,2061.54,2035.35,1954.0983333333336,0.16590173765988672,2130.8,-0.040172705087291205
2016-04-06,2066.7,2045.6,2067.3,2043.1,,1.05,0.010512419323293498,0.42021715228147705,2062.1,2039.72,1956.51,0.16622203048763368,2130.8,-0.030082598085226397
2016-04-07,2041.9,2063.0,2063.0,2033.8,,-1.2,-0.011999806454734419,0.40317482133040516,2058.54,2042.35,1958.48,0.1666350483186658,2130.8,-0.041721419185282604
2016-04-08,2047.6,2045.5,2060.6,2041.7,,0.28,0.0027915177040991335,0.40709180868609507,2053.5,2045.25,1960.2949999999998,0.16659814936759038,2130.8,-0.03904636756147939
2016-04-11,2042.0,2050.2,2062.9,2041.9,,-0.27,-0.002734909161945631,0.40324354040682087,2048.68,2046.2399999999998,1962.8233333333335,0.16653668367127708,2130.8,-0.041674488455040404
2016-04-12,2061.7,2043.7,2065.1,2039.7,,0.96,0.009647404505386703,0.4167811984606964,2051.9799999999996,2048.345,1965.155,0.16675564954273767,2130.8,-0.03242913459733454
2016-04-13,2082.4,2065.9,2083.2,2065.9,,1.0,0.010040258039482053,0.4310060472787285,2055.12,2051.6699999999996,1968.5233333333333,0.16705024186148693,2130.8,-0.022714473437206673
2016-04-14,2082.8,2082.9,2087.8,2078.1,,0.02,0.0001920860545525649,0.4312809235843911,2063.3,2054.45,1971.8816666666667,0.1669711290139789,2130.8,-0.02252675051623798
2016-04-15,2080.7,2083.1,2083.2,2076.3,,-0.1,-0.0010082581140773428,0.4298378229796631,2069.92,2056.455,1975.5716666666665,0.16697246533828677,2130.8,-0.02351229585132364
2016-04-18,2094.3,2078.8,2094.7,2073.7,,0.65,0.006536261834959589,0.4391836173721868,2080.38,2058.69,1979.3266666666666,0.1667116033682474,2130.8,-0.01712971653838935
2016-04-19,2100.8,2096.1,2104.1,2091.7,,0.31,0.0031036623215394687,0.44365035733920166,2088.2000000000003,2061.15,1982.5583333333334,0.16648668011418505,2130.8,-0.014079219072648752
2016-04-20,2102.4,2101.5,2111.1,2096.3,,0.08,0.0007616146230007281,0.44474986256185134,2092.2,2063.7799999999997,1986.313333333333,0.166481050780106,2130.8,-0.013328327388774208
2016-04-21,2091.5,2102.1,2103.8,2088.5,,-0.52,-0.00518455098934556,0.4372594832325494,2093.94,2066.5199999999995,1989.445,0.16648635143383786,2130.8,-0.01844377698516997
2016-04-22,2091.6,2091.5,2094.3,2081.2,,0.0,4.781257470720668e-05,0.4373282023089651,2096.12,2069.3050000000003,1992.9216666666666,0.16647032862580155,2130.8,-0.01839684625492788
2016-04-25,2087.8,2089.4,2089.4,2077.5,,-0.18,-0.0018167909734173593,0.43471687740517195,2094.82,2071.8450000000003,1996.1616666666666,0.16646487992288364,2130.8,-0.020180214004129948
2016-04-26,2091.7,2089.8,2096.9,2085.8,,0.19,0.0018679950186797356,0.43739692138538055,2093.0,2073.6800000000003,1998.6866666666667,0.16642294829526474,2130.8,-0.018349915524685678
2016-04-27,2095.2,2092.3,2099.9,2082.3,,0.17,0.0016732801070900027,0.439802089059927,2091.56,2075.245,2001.2833333333333,0.1664079203190455,2130.8,-0.01670733996620999
2016-04-28,2075.8,2090.9,2099.3,2071.6,,-0.93,-0.009259259259259078,0.4264705882352984,2088.42,2076.05,2004.1633333333334,0.16662347098518193,2130.8,-0.02581190163318936
2016-04-29,2065.3,2071.8,2073.8,2052.3,,-0.51,-0.005058290779458519,0.419255085211659,2083.16,2075.675,2006.71,0.16639226339576993,2130.8,-0.03073962830861643
2016-05-02,2081.4,2067.2,2083.4,2066.1,,0.78,0.007795477654577887,0.4303188565145726,2081.88,2076.44,2009.475,0.16621510433310666,2130.8,-0.023183780739628346
2016-05-03,2063.4,2077.2,2077.2,2054.9,,-0.86,-0.008648025367541057,0.4179494227597622,2076.2200000000003,2077.35,2012.5316666666668,0.1664133889553721,2130.8,-0.031631312183217575
2016-05-04,2051.1,2060.3,2060.3,2045.5,,-0.6,-0.005961035184646746,0.40949697636064175,2067.4,2076.57,2015.8266666666666,0.16609969600548005,2130.8,-0.0374037920030037
2016-05-05,2050.6,2052.9,2060.2,2045.8,,-0.02,-0.00024377163473254804,0.4091533809785637,2062.3599999999997,2077.005,2019.1333333333334,0.16604026620234744,2130.8,-0.03763844565421448
2016-05-06,2057.1,2047.8,2057.7,2039.5,,0.32,0.003169803959816697,0.41362012094557854,2060.7200000000003,2077.48,2022.5533333333333,0.16602812363737035,2130.8,-0.03458794818847388
2016-05-09,2058.7,2057.6,2064.2,2054.3,,0.08,0.0007777939818189861,0.4147196261682282,2056.1800000000003,2078.315,2026.38,0.16547915765318752,2130.8,-0.03383705650459934
2016-05-10,2084.4,2062.6,2084.9,2062.6,,1.25,0.012483606159226834,0.432380428807041,2060.38,2079.4500000000003,2030.04,0.16587455757191802,2130.8,-0.021775858832363437
2016-05-11,2064.5,2083.3,2083.3,2064.5,,-0.95,-0.00954711187871815,0.4187053326003338,2063.06,2078.5550000000003,2032.855,0.1661240359480943,2130.8,-0.031115074150553812
2016-05-12,2064.1,2067.2,2074.0,2053.1,,-0.02,-0.00019375151368372645,0.41843045629467124,2065.7599999999998,2077.62,2035.1433333333334,0.16612390870864432,2130.8,-0.0313027970715225
2016-05-13,2046.6,2062.5,2066.8,2043.1,,-0.85,-0.008478271401579418,0.40640461792193894,2063.66,2075.915,2037.29,0.16598486025039205,2130.8,-0.03951567486390106
2016-05-16,2066.7,2046.5,2071.9,2046.5,,0.98,0.009821166813251292,0.42021715228147727,2065.2599999999998,2074.535,2039.7716666666665,0.16627839639145722,2130.8,-0.030082598085226397
2016-05-17,2047.2,2065.0,2065.7,2040.8,,-0.94,-0.009435331688198434,0.4068169323804329,2057.8199999999997,2071.855,2041.4666666666667,0.1665129412574523,2130.8,-0.03923409048244797
2016-05-18,2047.6,2044.4,2060.6,2034.5,,0.02,0.00019538882375913502,0.40709180868609507,2054.4399999999996,2069.1150000000002,2043.5716666666667,0.16651226353017096,2130.8,-0.03904636756147939
2016-05-19,2040.0,2044.2,2044.2,2025.9,,-0.37,-0.003711662434069063,0.4018691588785086,2049.62,2066.54,2045.4083333333333,0.166549405538913,2130.8,-0.04261310305988364
2016-05-20,2052.3,2041.9,2058.3,2041.9,,0.6,0.00602941176470595,0.41032160527762906,2050.7599999999998,2064.575,2047.085,0.16664452243708386,2130.8,-0.036840623240097625
2016-05-23,2048.0,2052.2,2055.6,2047.3,,-0.21,-0.002095210251912616,0.40736668499175743,2047.0199999999998,2062.585,2048.7516666666666,0.16664315280163525,2130.8,-0.0388586446405107
2016-05-24,2076.1,2052.7,2079.7,2052.7,,1.37,0.013720703124999956,0.4266767454645446,2052.8,2061.805,2051.15,0.16689708732221725,2130.8,-0.02567110944246309
2016-05-25,2090.5,2078.9,2094.7,2078.9,,0.69,0.006936082076971273,0.436572292468393,2061.38,2061.57,2053.02,0.16678867915761914,2130.8,-0.01891308428759164
2016-05-26,2090.1,2091.4,2094.3,2087.1,,-0.02,-0.00019134178426216675,0.43629741616273043,2071.4,2062.285,2054.746666666667,0.16678395577010638,2130.8,-0.019100807208560333
2016-05-27,2099.1,2090.1,2099.1,2090.1,,0.43,0.004306014066312702,0.44248213304013584,2080.7599999999998,2063.975,2056.508333333333,0.16671842472995016,2130.8,-0.014877041486765608
2016-05-31,2097.0,2100.1,2103.5,2088.7,,-0.1,-0.0010004287551806934,0.4410390324354081,2090.56,2064.755,2058.125,0.16670951207390647,2130.8,-0.015862586821851044
2016-06-01,2099.3,2093.9,2101.0,2085.1,,0.11,0.001096804959465958,0.44261957119296724,2095.2,2066.55,2059.75,0.16670976082476413,2130.8,-0.014783180026281206
2016-06-02,2105.3,2097.7,2105.3,2088.6,,0.29,0.0028580955556614107,0.44674271577790403,2098.16,2069.2599999999998,2061.85,0.166720495032332,2130.8,-0.0119673362117515
2016-06-03,2099.1,2104.1,2104.1,2085.4,,-0.29,-0.0029449484634019862,0.44248213304013584,2099.96,2071.685,2063.68,0.1665191644766004,2130.8,-0.014877041486765608
2016-06-06,2109.4,2100.8,2113.4,2100.8,,0.49,0.00490686484683911,0.44956019791094404,2102.02,2074.3,2065.6766666666667,0.16658274337230114,2130.8,-0.010043176271822829
2016-06-07,2112.1,2110.2,2119.2,2110.2,,0.13,0.0012799848298092886,0.4514156129741653,2105.04,2076.97,2067.175,0.1664575049484869,2130.8,-0.008776046555284522
2016-06-08,2119.1,2112.7,2120.6,2112.7,,0.33,0.0033142370152927647,0.45622594832325825,2109.0,2078.705,2068.8333333333335,0.16648793084890287,2130.8,-0.005490895438333143
2016-06-09,2115.5,2115.7,2117.6,2107.7,,-0.17,-0.0016988344108347375,0.4537520615722963,2111.04,2081.255,2070.4933333333333,0.16606897759485692,2130.8,-0.007180401727050922
2016-06-10,2096.1,2109.6,2109.6,2090.0,,-0.92,-0.009170408886787995,0.44042056074766744,2110.44,2082.855,2071.641666666667,0.16631711341160227,2130.8,-0.016284963394030516
2016-06-13,2079.1,2091.8,2098.1,2078.5,,-0.81,-0.008110300081103028,0.4287383177570132,2104.38,2084.48,2072.2833333333333,0.16636717449792385,2130.8,-0.024263187535198183
2016-06-14,2075.3,2076.7,2081.3,2064.1,,-0.18,-0.0018277139146745114,0.4261269928532201,2097.02,2084.9100000000003,2072.711666666667,0.16631196594068712,2130.8,-0.026046555284400252
2016-06-15,2071.5,2077.6,2085.7,2069.8,,-0.18,-0.0018310605695562865,0.42351566794942674,2087.5,2086.125,2073.0433333333335,0.16622470347591187,2130.8,-0.027829923033602433
2016-06-16,2078.0,2066.4,2079.6,2050.4,,0.31,0.0031378228336953473,0.4279824079164416,2080.0,2087.645,2073.5133333333333,0.16624281475422376,2130.8,-0.024779425567861946
2016-06-17,2071.2,2078.2,2078.2,2062.8,,-0.33,-0.003272377285851835,0.42330951072017986,2075.02,2089.205,2074.0883333333336,0.16597769886976899,2130.8,-0.027970715224329035
2016-06-20,2083.2,2075.6,2100.7,2075.6,,0.58,0.005793742757821629,0.43155579989005366,2075.84,2090.75,2074.8766666666666,0.16599612031086716,2130.8,-0.02233902759526951
2016-06-21,2088.9,2085.2,2093.7,2083.0,,0.27,0.0027361751152075175,0.4354727872457438,2078.56,2092.795,2075.741666666667,0.16590739117959047,2130.8,-0.019663975971466185
2016-06-22,2085.4,2089.8,2099.7,2084.4,,-0.17,-0.0016755230025372603,0.4330676195711973,2081.3399999999997,2093.2599999999998,2076.2483333333334,0.165914370891686,2130.8,-0.021306551529941875
2016-06-23,2113.3,2092.8,2113.3,2092.8,,1.34,0.013378728301524978,0.4522402418911535,2088.4,2094.4,2077.0716666666667,0.16628950658201655,2130.8,-0.008212877792378448
2016-06-24,2037.4,2103.8,2103.8,2032.6,,-3.59,-0.03591539298727109,0.400082462891703,2081.6400000000003,2091.7650000000003,2076.7,0.17011224118851473,2130.8,-0.043833302046179856
2016-06-27,2000.5,2031.5,2031.5,1991.7,,-1.81,-0.01811131834691282,0.37472512369434163,2065.1,2086.835,2075.495,0.17106640239550264,2130.8,-0.0611507415055379
2016-06-28,2036.1,2006.7,2036.1,2006.7,,1.78,0.017795551112221863,0.3991891148982998,2054.54,2083.79,2074.9950000000003,0.170728584746355,2130.8,-0.04444340153932813
2016-06-29,2070.8,2042.7,2073.1,2042.7,,1.7,0.017042384951623246,0.4230346344145177,2051.62,2082.365,2075.4216666666666,0.17155579479490188,2130.8,-0.028158438145297504
2016-06-30,2098.9,2073.2,2098.9,2070.0,,1.36,0.01356963492370089,0.4423446948873049,2048.7400000000002,2082.045,2075.9583333333335,0.17195021171496977,2130.8,-0.014970902947249898
2016-07-01,2102.9,2099.3,2108.7,2097.9,,0.19,0.0019057601600838137,0.4450934579439294,2061.84,2082.235,2076.975,0.1719592414454053,2130.8,-0.013093673737563427
2016-07-05,2088.6,2095.1,2095.1,2080.9,,-0.68,-0.0068001331494603745,0.43526663001649646,2079.46,2081.195,2077.6583333333333,0.17205265032610195,2130.8,-0.019804768162192676
2016-07-06,2099.7,2084.4,2100.7,2074.0,,0.53,0.005314564780235509,0.4428944474986294,2092.18,2080.575,2078.62,0.1720289433085782,2130.8,-0.014595457105312737
2016-07-07,2097.9,2100.4,2109.1,2089.4,,-0.09,-0.0008572653236175176,0.4416575041231485,2097.6,2079.515,2079.2233333333334,0.17121120808513066,2130.8,-0.015440210249671571
2016-07-08,2129.9,2107.0,2131.7,2107.0,,1.53,0.015253348586681925,0.46364760857614473,2103.8,2080.2349999999997,2080.0150000000003,0.1718634560249999,2130.8,-0.00042237657217947255
2016-07-11,2137.2,2131.7,2143.2,2131.7,,0.34,0.0034273909573219186,0.46866410115448454,2110.66,2082.29,2080.9216666666666,0.17146286776498226,2137.2,0.0
2016-07-12,2152.1,2139.5,2155.4,2139.5,,0.7,0.006971738723563492,0.4789032435404108,2123.36,2085.94,2082.1116666666667,0.17124983241280195,2152.1,0.0
2016-07-13,2152.4,2153.8,2156.4,2146.2,,0.01,0.00013939872682500187,0.4791094007696577,2133.9,2089.7949999999996,2083.08,0.17119608022968713,2152.4,0.0
2016-07-14,2163.8,2157.9,2169.0,2157.9,,0.53,0.005296413306076886,0.4869433754810375,2147.0800000000004,2094.41,2084.13,0.17127151686743583,2163.8,0.0
2016-07-15,2161.7,2165.1,2169.1,2155.8,,-0.1,-0.000970514835012648,0.4855002748763093,2153.4399999999996,2098.595,2085.1183333333333,0.1710933378411212,2163.8,-0.000970514835012648
2016-07-18,2166.9,2162.0,2168.3,2159.6,,0.24,0.0024055141786558654,0.4890736668499214,2159.38,2103.38,2086.375,0.17110586778528303,2166.9,0.0
2016-07-19,2163.8,2163.8,2164.6,2159.0,,-0.14,-0.0014306151645206988,0.4869433754810375,2161.7200000000003,2107.4100000000003,2087.5783333333334,0.1711116728206575,2166.9,-0.0014306151645206988
2016-07-20,2173.0,2166.1,2175.6,2164.9,,0.43,0.004251779277197443,0.49326553051127386,2165.84,2111.6150000000002,2088.9983333333334,0.1711040421187916,2173.0,0.0
2016-07-21,2165.2,2172.9,2174.6,2159.8,,-0.36,-0.0035895075931892118,0.487905442550856,2166.12,2115.605,2090.2233333333334,0.17112662905986292,2173.0,-0.0035895075931892118
2016-07-22,2175.0,2166.5,2175.1,2163.2,,0.45,0.004526140772215026,0.4946399120395861,2168.7799999999997,2118.6899999999996,2091.5533333333333,0.17108186992174892,2175.0,0.0
2016-07-25,2168.5,2173.7,2173.7,2161.9,,-0.3,-0.002988505747126391,0.4901731720725713,2169.1,2125.245,2093.0983333333334,0.17076221200495043,2175.0,-0.002988505747126391
2016-07-26,2169.2,2169.0,2173.5,2160.2,,0.03,0.0003228037814155815,0.4906542056074803,2170.18,2133.68,2094.83,0.1706544568109975,2175.0,-0.002666666666666706
2016-07-27,2166.6,2169.8,2175.0,2159.1,,-0.12,-0.0011985985616816963,0.4888675096206745,2168.9,2140.205,2096.25,0.17022485886887206,2175.0,-0.003862068965517329
2016-07-28,2170.1,2166.1,2172.8,2159.7,,0.16,0.0016154343210559308,0.4912726772952207,2169.88,2145.17,2098.028333333333,0.17007905897070597,2175.0,-0.0022528735632184604
2016-07-29,2173.6,2168.8,2177.1,2163.5,,0.16,0.001612828901893959,0.4936778449697672,2169.6,2148.9049999999997,2100.07,0.1700850744043455,2175.0,-0.0006436781609195918
2016-08-01,2170.8,2173.2,2178.3,2166.2,,-0.13,-0.0012881854987116803,0.4917537108301302,2170.06,2152.3,2102.0733333333333,0.17007362913122234,2175.0,-0.0019310344827585535
2016-08-02,2157.0,2169.9,2170.2,2147.6,,-0.64,-0.006357103372028883,0.4822704782847753,2167.62,2155.7200000000003,2103.7383333333332,0.17017415798894991,2175.0,-0.008275862068965467
2016-08-03,2163.8,2156.8,2163.8,2152.6,,0.32,0.0031525266573946276,0.48694337548103706,2167.0600000000004,2158.925,2105.49,0.17018300398044053,2175.0,-0.005149425287356291
2016-08-04,2164.2,2163.5,2168.2,2159.1,,0.02,0.0001848599685736474,0.4872182517866992,2165.88,2162.2400000000002,2106.82,0.17015781485831355,2175.0,-0.004965517241379391
2016-08-05,2182.9,2168.8,2182.9,2168.8,,0.86,0.008640606228629721,0.5000687190764193,2167.7400000000002,2164.8900000000003,2108.7933333333335,0.17018224050385714,2182.9,0.0
2016-08-08,2180.9,2183.8,2185.4,2177.8,,-0.09,-0.0009162123780291909,0.498694337548107,2169.76,2167.075,2110.74,0.17015740521041484,2182.9,-0.0009162123780291909
2016-08-09,2181.7,2182.2,2187.7,2178.6,,0.04,0.00036682103718632675,0.4992440901594317,2174.7,2168.555,2112.991666666667,0.16969008901460203,2182.9,-0.0005497274268176922
2016-08-10,2175.5,2182.8,2183.4,2172.0,,-0.28,-0.0028418205986157075,0.49498350742166375,2177.04,2169.71,2114.805,0.16943536276970583,2182.9,-0.003389985798708195
2016-08-11,2185.8,2178.0,2188.4,2178.0,,0.47,0.004734543783038392,0.502061572292472,2181.3599999999997,2170.81,2117.115,0.16949378732385306,2185.8,0.0
2016-08-12,2184.1,2183.7,2186.3,2179.4,,-0.08,-0.0007777472778845995,0.5008933479934063,2181.6,2171.9300000000003,2119.3900000000003,0.16948987334932383,2185.8,-0.0007777472778845995
2016-08-15,2190.2,2186.1,2193.8,2186.1,,0.28,0.002792912412435289,0.5050852116547586,2183.46,2173.0950000000003,2121.8933333333334,0.1694697760113127,2190.2,0.0
2016-08-16,2178.2,2186.2,2186.2,2178.1,,-0.55,-0.0054789516939092175,0.49683892248488504,2182.7599999999998,2173.8149999999996,2123.991666666667,0.16949209026065887,2190.2,-0.0054789516939092175
2016-08-17,2182.2,2177.8,2183.1,2168.5,,0.18,0.0018363786612800581,0.4995876855415098,2184.0999999999995,2174.275,2126.2283333333335,0.16947636737766925,2190.2,-0.003652634462606108
2016-08-18,2187.0,2181.9,2187.0,2180.5,,0.22,0.0021996150673633252,0.5028862012094595,2184.3399999999997,2175.3650000000002,2128.0766666666664,0.16927436179523617,2190.2,-0.0014610537850423544
2016-08-19,2183.9,2184.2,2185.0,2175.1,,-0.14,-0.001417466849565563,0.5007559098405756,2184.3,2175.8100000000004,2129.633333333333,0.16791883654746537,2190.2,-0.0028764496393022254
2016-08-22,2182.6,2181.6,2185.2,2176.0,,-0.06,-0.0005952653509776473,0.4998625618471726,2182.7799999999997,2176.5150000000003,2131.175,0.16478746475585598,2190.2,-0.0034700027394758415
2016-08-23,2186.9,2187.8,2193.4,2186.8,,0.2,0.001970127371025532,0.5028174821330442,2184.5199999999995,2177.4,2132.6383333333333,0.15985443628897938,2190.2,-0.0015067117158249488
2016-08-24,2175.4,2185.1,2186.7,2171.2,,-0.53,-0.005258585211943889,0.4949147883452487,2183.1600000000003,2177.8399999999997,2133.945,0.15933304772022547,2190.2,-0.006757373755821305
2016-08-25,2172.5,2173.3,2179.0,2169.7,,-0.13,-0.001333088167693286,0.492921935129196,2180.26,2177.96,2135.165,0.15461479865774494,2190.2,-0.008081453748515988
2016-08-26,2169.0,2175.1,2187.9,2160.4,,-0.16,-0.001611047180667402,0.49051676745464956,2177.28,2177.73,2136.226666666667,0.1527660707881873,2190.2,-0.009679481325906236
2016-08-29,2180.4,2170.2,2183.5,2170.2,,0.53,0.005255878284923909,0.49835074216602937,2176.84,2178.21,2137.5816666666665,0.15284334065671765,2190.2,-0.004474477216692363
2016-08-30,2176.1,2179.4,2182.3,2170.4,,-0.2,-0.0019721152082187166,0.49539582188015796,2174.68,2179.165,2138.6933333333336,0.15260648762405932,2190.2,-0.006437768240343256
2016-08-31,2170.9,2173.6,2173.8,2161.3,,-0.24,-0.002389596066357136,0.49182242990654634,2173.7799999999997,2179.52,2139.673333333333,0.149623914704512,2190.2,-0.008811980641037276
2016-09-01,2170.9,2171.3,2173.6,2157.1,,0.0,0.0,0.49182242990654634,2173.46,2179.855,2140.5366666666664,0.14855409503821299,2190.2,-0.008811980641037276
2016-09-02,2180.0,2177.5,2184.9,2173.6,,0.42,0.004191809848449912,0.498075865860367,2175.66,2179.71,2141.6116666666667,0.14859926562146808,2190.2,-0.0046571089398227405
2016-09-06,2186.5,2181.6,2186.6,2175.1,,0.3,0.002981651376146699,0.5025426058273816,2176.88,2179.9900000000002,2143.1183333333333,0.14776927889539684,2190.2,-0.0016893434389552153
2016-09-07,2186.2,2185.2,2187.9,2179.1,,-0.01,-0.00013720557969365554,0.5023364485981348,2178.9,2180.2149999999997,2144.903333333333,0.14570346071216989,2190.2,-0.0018263172313031095
2016-09-08,2181.3,2182.8,2184.9,2177.5,,-0.22,-0.002241331991583384,0.49896921385377,2180.98,2180.505,2146.67,0.14501365783138526,2190.2,-0.0040635558396492355
2016-09-09,2127.8,2169.1,2169.1,2127.8,,-2.45,-0.024526658414706803,0.462204507971417,2172.36,2177.6050000000005,2147.608333333333,0.14707564963333017,2190.2,-0.028490548808327798
2016-09-12,2159.0,2120.9,2163.3,2119.1,,1.47,0.014663032239871976,0.483644859813088,2168.1600000000003,2176.35,2148.9583333333335,0.1477121372911309,2190.2,-0.014245274404163899
2016-09-13,2127.0,2150.5,2150.5,2120.3,,-1.48,-0.014821676702176934,0.4616547553600918,2156.26,2173.19,2149.8883333333333,0.1484298848204517,2190.2,-0.028855812254588553
2016-09-14,2125.8,2127.9,2141.3,2119.9,,-0.06,-0.0005641748942171176,0.4608301264431045,2144.18,2170.57,2150.5983333333334,0.14790368757177588,2190.2,-0.029403707423979353
2016-09-15,2147.3,2125.4,2151.3,2122.4,,1.01,0.010113839495719201,0.47560472787246133,2137.38,2168.825,2151.5716666666667,0.14799102887537052,2190.2,-0.019587252305725333
2016-09-16,2139.2,2146.5,2146.5,2131.2,,-0.38,-0.0037721790155079704,0.4700384826827966,2139.66,2166.435,2152.4683333333332,0.14801987368269265,2190.2,-0.023285544699114258
2016-09-19,2139.1,2144.0,2153.6,2135.9,,0.0,-4.6746447269985225e-05,0.4699697636063811,2135.68,2164.1949999999997,2152.898333333333,0.14708959616216835,2190.2,-0.02333120262989674
2016-09-20,2139.8,2145.9,2150.8,2139.2,,0.03,0.0003272404282175234,0.47045079714129057,2138.2400000000002,2162.055,2154.605,0.14702907523269595,2190.2,-0.02301159711441858
2016-09-21,2163.1,2144.6,2165.1,2139.6,,1.09,0.010888868118515527,0.48646234194612803,2145.7,2160.865,2157.315,0.146845554403171,2190.2,-0.012373299242078306
2016-09-22,2177.2,2170.9,2180.0,2170.9,,0.65,0.0065184226341823415,0.49615173172072935,2151.68,2160.9550000000004,2159.6666666666665,0.14694865495284,2190.2,-0.0059355310017350504
2016-09-23,2164.7,2173.3,2173.8,2164.0,,-0.57,-0.005741319125482258,0.4875618471687777,2156.7799999999997,2160.565,2161.231666666667,0.14702960849953217,2190.2,-0.011642772349557129
2016-09-26,2146.1,2158.5,2158.5,2145.0,,-0.86,-0.008592414653300628,0.4747800989554738,2158.18,2159.42,2162.018333333333,0.14730718270982623,2190.2,-0.020135147475116355
2016-09-27,2159.9,2146.0,2161.1,2141.6,,0.64,0.006430268859792365,0.4842633315008287,2162.2,2158.395,2162.9683333333332,0.14507783157670834,2190.2,-0.01383435302712066
2016-09-28,2171.4,2161.8,2172.4,2151.8,,0.53,0.005324320570396779,0.4921660252886242,2163.8599999999997,2158.1600000000003,2164.3483333333334,0.14515378806935228,2190.2,-0.008583690987124304
2016-09-29,2151.1,2168.9,2172.7,2145.2,,-0.93,-0.009348807221147726,0.4782160527762547,2158.64,2157.17,2165.205,0.144305767193009,2190.2,-0.017852250935987524
2016-09-30,2168.3,2156.5,2175.3,2156.5,,0.8,0.007995909069778318,0.4900357339197403,2159.36,2157.04,2166.3783333333336,0.14449331751645564,2190.2,-0.009999086841384175
2016-10-03,2161.2,2164.3,2164.4,2154.8,,-0.33,-0.0032744546418854714,0.4851566794942317,2162.38,2156.1,2166.9,0.14387308952036967,2190.2,-0.013240799926947266
2016-10-04,2150.5,2163.4,2165.5,2144.0,,-0.5,-0.004950953174162387,0.47780373831776135,2160.5,2154.3,2167.121666666667,0.14285857446363853,2190.2,-0.01812619852068298
2016-10-05,2159.7,2155.2,2163.9,2155.2,,0.43,0.004278074866310044,0.4841258933479975,2158.16,2152.975,2167.2483333333334,0.1428576149998623,2190.2,-0.01392566888868596
2016-10-06,2160.8,2158.2,2162.9,2150.3,,0.05,0.0005093299995371225,0.48488180318856955,2160.1,2151.95,2167.3883333333333,0.1426513387584165,2190.2,-0.013423431650077422
2016-10-07,2153.7,2164.2,2165.9,2144.8,,-0.33,-0.003285820066642131,0.4800027487630607,2157.18,2153.245,2167.22,0.14244376364172914,2190.2,-0.016665144735640625
2016-10-10,2163.7,2160.4,2169.6,2160.4,,0.46,0.004643172215257563,0.48687465640462224,2157.68,2153.48,2167.253333333333,0.14250910827758576,2190.2,-0.01209935165738285
2016-10-11,2136.7,2161.3,2161.6,2128.8,,-1.25,-0.01247862457826876,0.4683205057724067,2154.92,2153.9649999999997,2166.75,0.14307929623857538,2190.2,-0.024426992968678674
2016-10-12,2139.2,2137.7,2145.4,2132.8,,0.12,0.0011700285486966333,0.470038482682797,2150.8199999999997,2154.635,2166.34,0.14290386179730918,2190.2,-0.023285544699114258
2016-10-13,2132.6,2130.3,2138.2,2114.7,,-0.31,-0.003085265519820468,0.4655030236393667,2145.18,2153.9,2165.6666666666665,0.14285479624159528,2190.2,-0.026298968130764266
2016-10-14,2133.0,2139.7,2149.2,2133.0,,0.02,0.00018756447528844866,0.4657778999450293,2141.04,2153.59,2165.13,0.14210218886639903,2190.2,-0.02611633640763389
2016-10-17,2126.5,2132.9,2135.6,2124.4,,-0.3,-0.0030473511486169835,0.4613111599780144,2133.6,2152.96,2164.3216666666667,0.14207451068949684,2190.2,-0.029084101908501414
2016-10-18,2139.6,2138.3,2144.4,2135.5,,0.62,0.006160357394780158,0.47031335898845983,2134.18,2152.95,2163.84,0.1421987108158149,2190.2,-0.02310291297598388
2016-10-19,2144.3,2140.8,2148.4,2138.2,,0.22,0.0021966722751918244,0.47354315557999405,2135.2,2152.01,2163.425,0.14220220657438173,2190.2,-0.02095699022920261
2016-10-20,2141.3,2142.5,2147.2,2133.4,,-0.14,-0.0013990579676351755,0.47148158328752565,2136.94,2150.2149999999997,2163.003333333333,0.1420795133412665,2190.2,-0.022326728152679998
2016-10-21,2141.2,2139.4,2142.6,2130.1,,0.0,-4.6700602437943495e-05,0.47141286421110973,2138.58,2149.04,2162.5216666666665,0.14112605843643197,2190.2,-0.022372386083462703
2016-10-24,2151.3,2148.5,2154.8,2146.9,,0.47,0.004716981132075748,0.47835349092908697,2143.54,2149.3,2162.15,0.14077847616938752,2190.2,-0.017760935074422224
2016-10-25,2143.2,2149.7,2151.4,2141.9,,-0.38,-0.0037651652489194554,0.472787245739422,2144.2599999999998,2148.465,2161.69,0.14081811272973654,2190.2,-0.02145922746781115
2016-10-26,2139.4,2137.0,2145.7,2131.6,,-0.18,-0.0017730496453899347,0.47017592083562887,2143.28,2146.865,2161.3966666666665,0.14080498792234267,2190.2,-0.023194228837548958
2016-10-27,2133.0,2144.1,2147.1,2132.5,,-0.3,-0.0029914929419463387,0.4657778999450297,2141.62,2145.96,2160.883333333333,0.14035453405136225,2190.2,-0.02611633640763389
2016-10-28,2126.4,2132.2,2140.7,2119.4,,-0.31,-0.0030942334739803012,0.46124244090159916,2138.6600000000003,2143.865,2160.253333333333,0.14039028135928996,2190.2,-0.02912975983928401
2016-10-31,2126.2,2129.8,2133.2,2125.5,,-0.01,-9.405568096321204e-05,0.46110500274876776,2133.64,2142.1150000000002,2159.3083333333334,0.1403044214081469,2190.2,-0.029221075700849197
2016-11-01,2111.7,2128.7,2131.4,2097.8,,-0.68,-0.006819678299313292,0.45114073666850385,2127.34,2140.175,2158.155,0.13997768212982814,2190.2,-0.03584147566432294
2016-11-02,2097.9,2109.4,2111.8,2094.0,,-0.65,-0.006535019178860457,0.4416575041231494,2119.04,2137.085,2156.758333333333,0.14010676449170847,2190.2,-0.042142270112318414
2016-11-03,2088.7,2098.8,2102.6,2085.2,,-0.44,-0.004385337718671223,0.4353353490929128,2110.1800000000003,2133.48,2155.3116666666665,0.1401304772998353,2190.2,-0.046342799744315544
2016-11-04,2085.2,2083.8,2099.1,2083.8,,-0.17,-0.0016756834394598963,0.43293018141836637,2101.9399999999996,2130.0550000000003,2153.635,0.1401359134941225,2190.2,-0.04794082732170579
2016-11-07,2131.5,2100.6,2132.0,2100.6,,2.22,0.022204105121810924,0.4647471137987953,2103.0,2128.4449999999997,2152.758333333333,0.1418817376936538,2190.2,-0.026801205369372583
2016-11-08,2139.6,2129.9,2146.9,2123.6,,0.38,0.003800140745953584,0.47031335898846005,2108.58,2128.59,2151.915,0.14157951268041433,2190.2,-0.02310291297598388
2016-11-09,2163.3,2131.6,2170.1,2125.3,,1.11,0.011076836791923839,0.48659978009896054,2121.66,2129.7949999999996,2151.6666666666665,0.14199426548520527,2190.2,-0.012281983380513006
2016-11-10,2167.5,2167.5,2182.3,2151.2,,0.19,0.001941478297046162,0.48948598130841625,2137.4199999999996,2131.54,2151.4216666666666,0.14196356941044147,2190.2,-0.01036435028764493
2016-11-11,2164.4,2162.7,2165.9,2152.5,,-0.14,-0.0014302191464821146,0.48735568993953216,2153.2599999999998,2133.1099999999997,2151.045,0.1412572562564569,2190.2,-0.01177974614190469
2016-11-14,2164.2,2165.6,2171.4,2156.1,,-0.01,-9.240436148594267e-05,0.48721825178670075,2159.8,2134.995,2150.7166666666667,0.14078483520113422,2190.2,-0.01187106200346999
2016-11-15,2180.4,2168.3,2180.8,2166.4,,0.75,0.007485444968117649,0.49835074216603026,2167.96,2137.035,2150.68,0.14020431402184755,2190.2,-0.004474477216692363
2016-11-16,2176.9,2177.5,2179.2,2172.2,,-0.16,-0.0016052100532012448,0.4959455744914838,2170.6800000000003,2138.665,2150.5133333333333,0.14020735997126144,2190.2,-0.006072504794082612
2016-11-17,2187.1,2178.6,2188.1,2176.7,,0.47,0.004685562037759938,0.5029549202858761,2174.6,2140.955,2150.7083333333335,0.1393656437702658,2190.2,-0.001415395854259871
2016-11-18,2181.9,2186.8,2189.9,2180.4,,-0.24,-0.0023775776141922167,0.49938152831226423,2178.1,2142.99,2150.865,0.13938324214731754,2190.2,-0.00378960825495378
2016-11-21,2198.2,2186.4,2198.7,2186.4,,0.75,0.007470553187588713,0.510582737768009,2184.9,2145.335,2151.351666666667,0.1395248613857959,2198.2,0.0
2016-11-22,2202.9,2201.6,2204.8,2194.5,,0.21,0.0021381130015467598,0.5138125343595428,2189.4,2148.3199999999997,2151.726666666667,0.13952972260113344,2202.9,0.0
2016-11-23,2204.7,2198.6,2204.7,2194.5,,0.08,0.0008171047255889352,0.5150494777350236,2194.96,2151.585,2152.2033333333334,0.13952765385558555,2204.7,0.0
2016-11-25,2213.3,2206.3,2213.3,2206.3,,0.39,0.003900757472672156,0.5209593183067667,2200.2,2155.6,2152.9100000000003,0.13957487355995624,2213.3,0.0
2016-11-28,2201.7,2210.2,2211.1,2200.4,,-0.52,-0.005241042786789163,0.5129879054425552,2204.16,2159.3650000000002,2153.423333333333,0.1396831717135261,2213.3,-0.005241042786789163
2016-11-29,2204.7,2200.8,2210.5,2198.2,,0.14,0.0013625834582369212,0.5150494777350239,2205.46,2163.29,2153.835,0.13960132745943787,2213.3,-0.0038856006867574733
2016-11-30,2198.8,2205.0,2214.1,2198.8,,-0.27,-0.0026761010568329135,0.510995052226503,2204.6400000000003,2167.645,2154.04,0.13924041422168112,2213.3,-0.006551303483486204
2016-12-01,2191.1,2200.2,2202.6,2187.4,,-0.35,-0.003501910132799879,0.5057036833425006,2201.9199999999996,2172.305,2154.121666666667,0.13883643293446082,2213.3,-0.01003027154023417
2016-12-02,2191.9,2191.1,2197.9,2188.4,,0.04,0.0003651134133542122,0.5062534359538258,2197.6400000000003,2177.465,2154.298333333333,0.13805791375114926,2213.3,-0.009668820313558979
2016-12-05,2204.7,2200.7,2209.4,2200.0,,0.58,0.005839682467265739,0.5150494777350241,2198.24,2183.44,2155.58,0.13667020550147851,2213.3,-0.0038856006867574733
2016-12-06,2212.2,2207.3,2212.8,2202.2,,0.34,0.003401823377330304,0.5202034084661951,2199.7400000000002,2187.475,2156.4666666666662,0.13651335523877972,2213.3,-0.0004969954366784712
2016-12-07,2241.3,2210.7,2241.6,2208.9,,1.32,0.013154326010306638,0.5402006597031388,2208.24,2192.56,2158.3716666666664,0.1369465071993514,2241.3,0.0
2016-12-08,2246.2,2241.1,2251.7,2237.6,,0.22,0.0021862312051039723,0.5435678944475035,2219.2599999999998,2196.705,2160.378333333333,0.13671543785978327,2246.2,0.0
2016-12-09,2259.5,2249.7,2259.8,2249.2,,0.59,0.005921111210043684,0.5527075316107801,2232.7799999999997,2201.305,2162.2483333333334,0.13681449238622845,2259.5,0.0
2016-12-12,2257.0,2258.8,2264.0,2252.4,,-0.11,-0.001106439477760568,0.5509895547003898,2243.2400000000002,2205.935,2164.2116666666666,0.13537022194212692,2259.5,-0.001106439477760568
2016-12-13,2271.7,2263.3,2277.5,2263.3,,0.65,0.006513070447496494,0.5610912589334847,2255.14,2211.3100000000004,2166.4216666666666,0.13543828859041865,2271.7,0.0
2016-12-14,2253.3,2268.3,2276.2,2248.4,,-0.81,-0.008099661046792939,0.5484469488730122,2257.54,2214.955,2168.313333333333,0.13532639525409668,2271.7,-0.008099661046792939
2016-12-15,2262.0,2253.8,2272.1,2253.8,,0.39,0.0038610038610038533,0.5544255085211705,2260.7,2219.21,2169.9616666666666,0.13462817210230185,2271.7,-0.0042699300083637315
2016-12-16,2258.1,2266.8,2268.1,2254.2,,-0.17,-0.0017241379310345417,0.5517454645409614,2260.4199999999996,2222.76,2171.31,0.13375125307274163,2271.7,-0.0059867059911079545
2016-12-19,2262.5,2259.2,2267.5,2258.2,,0.19,0.0019485408086443723,0.5547691039032483,2261.5199999999995,2226.79,2172.94,0.13249653675010956,2271.7,-0.004049830523396469
2016-12-20,2270.8,2266.5,2272.6,2266.1,,0.37,0.0036685082872929264,0.5604727872457445,2261.34,2230.42,2175.0183333333334,0.13233115202758708,2271.7,-0.00039617907294076105
2016-12-21,2265.2,2270.5,2271.2,2265.2,,-0.25,-0.002466091245376223,0.5566245189664698,2263.72,2233.5350000000003,2176.773333333333,0.13210039164861992,2271.7,-0.002861293304573631
2016-12-22,2261.0,2262.9,2263.2,2256.1,,-0.19,-0.001854140914709479,0.5537383177570141,2263.5199999999995,2236.35,2178.266666666667,0.13157328455089812,2271.7,-0.004710128978298145
2016-12-23,2263.8,2260.2,2263.8,2258.8,,0.12,0.0012383900928794045,0.5556624518966515,2264.6600000000003,2238.875,2180.145,0.13156070105569775,2271.7,-0.0034775718624816543
2016-12-27,2268.9,2266.2,2273.8,2266.2,,0.23,0.0022528491916247173,0.5591671247938479,2265.9399999999996,2242.2349999999997,2181.8216666666663,0.13154780684754988,2271.7,-0.0012325571158162685
2016-12-28,2249.9,2270.2,2271.3,2249.1,,-0.84,-0.008374101987747351,0.5461105002748814,2261.7599999999998,2244.495,2183.3,0.13143874080186962,2271.7,-0.00959633754457001
2016-12-29,2249.3,2249.5,2254.5,2244.6,,-0.03,-0.0002666785190452714,0.5456981858163878,2258.58,2247.0199999999995,2184.9466666666663,0.13122064809172815,2271.7,-0.009860456926530592
2016-12-30,2238.8,2251.6,2253.6,2233.6,,-0.47,-0.004668118970346358,0.5384826827927485,2254.1400000000003,2249.4049999999997,2186.265,0.13094794433302162,2271.7,-0.014482546110841987
2017-01-03,2257.8,2251.6,2263.9,2245.1,,0.85,0.008486689297838135,0.551539307311715,2252.94,2252.7,2187.8816666666667,0.1302483053768776,2271.7,-0.006118765682088134
2017-01-04,2270.8,2261.6,2272.8,2261.6,,0.58,0.005757817344317573,0.5604727872457449,2253.3200000000006,2256.005,2189.8333333333335,0.13034636965992255,2271.7,-0.00039617907294076105
2017-01-05,2269.0,2268.2,2271.5,2260.4,,-0.08,-0.0007926721860138652,0.5592358438702636,2257.1400000000003,2258.8450000000003,2191.588333333333,0.12963677454848477,2271.7,-0.0011885372188228382
2017-01-06,2277.0,2271.1,2282.1,2264.1,,0.35,0.003525782282943979,0.5647333699835126,2262.6800000000003,2260.63,2193.9266666666667,0.12735894656072097,2277.0,0.0
2017-01-09,2268.9,2273.6,2275.5,2268.9,,-0.36,-0.0035573122529644063,0.5591671247938481,2268.7000000000003,2261.7650000000003,2196.088333333333,0.1269043263595279,2277.0,-0.0035573122529644063
2017-01-10,2268.9,2269.7,2279.3,2265.3,,0.0,0.0,0.5591671247938481,2270.92,2262.235,2198.36,0.1269060514644511,2277.0,-0.0035573122529644063
2017-01-11,2275.3,2268.6,2275.3,2260.8,,0.28,0.002820750143241346,0.5635651456844475,2271.8199999999997,2263.1500000000005,2200.7316666666666,0.12672355040976716,2277.0,-0.0007465963987702828
2017-01-12,2270.4,2271.1,2271.8,2254.2,,-0.22,-0.0021535621676262995,0.5601979109400823,2272.1,2263.085,2203.1299999999997,0.12411741751759268,2277.0,-0.0028985507246376274
2017-01-13,2274.6,2272.7,2278.7,2271.5,,0.18,0.001849894291754639,0.5630841121495378,2271.62,2264.1500000000005,2205.3799999999997,0.12309118759279374,2277.0,-0.001054018445322824
2017-01-17,2267.9,2269.1,2272.1,2262.8,,-0.29,-0.0029455728479731436,0.558479934029692,2271.42,2264.445,2207.44,0.12109672705002274,2277.0,-0.003996486605182259
2017-01-18,2271.9,2269.1,2272.0,2263.3,,0.18,0.0017637461969222112,0.5612286970863165,2272.02,2265.1349999999998,2209.616666666667,0.12110052978455405,2277.0,-0.0022397891963108485
2017-01-19,2263.7,2271.9,2274.3,2258.4,,-0.36,-0.0036093137902197814,0.555593732820236,2269.7,2265.195,2211.6583333333333,0.1205331205272286,2277.0,-0.005841018884497173
2017-01-20,2271.3,2270.0,2277.0,2265.0,,0.34,0.0033573353359546143,0.560816382627823,2269.88,2265.2200000000003,2213.6583333333333,0.1204791886686948,2277.0,-0.0025032938076415823
2017-01-23,2265.2,2267.8,2271.8,2257.0,,-0.27,-0.002685686611191951,0.5566245189664705,2268.0,2265.2200000000003,2215.6916666666666,0.11893081918032404,2277.0,-0.005182257356170505
2017-01-24,2280.1,2267.9,2284.6,2266.7,,0.66,0.006577785625993426,0.566863661352397,2270.4399999999996,2266.175,2218.036666666667,0.11793685395074488,2280.1,0.0
2017-01-25,2298.4,2288.9,2299.6,2288.9,,0.8,0.008025963773518718,0.5794392523364542,2275.7400000000002,2267.905,2220.7933333333335,0.11740233525947844,2298.4,0.0
2017-01-26,2296.7,2298.6,2301.0,2294.1,,-0.07,-0.0007396449704143437,0.5782710280373886,2282.3399999999997,2269.295,2223.6316666666667,0.11683398975947311,2298.4,-0.0007396449704143437
2017-01-27,2294.7,2299.0,2299.0,2291.6,,-0.09,-0.0008708146471023692,0.5768966465090763,2287.0199999999995,2271.535,2226.44,0.11675025725390512,2298.4,-0.0016098155238427614
2017-01-30,2280.9,2286.0,2286.0,2268.0,,-0.6,-0.0060138580206561265,0.5674134139637219,2290.16,2273.115,2229.26,0.1144488404947764,2298.4,-0.007613992342499154
2017-01-31,2278.9,2274.0,2279.1,2267.2,,-0.09,-0.0008768468586961564,0.5660390324354097,2289.92,2275.12,2232.276666666666,0.11445418573197236,2298.4,-0.008484162895927572
2017-02-01,2279.6,2285.6,2289.1,2272.4,,0.03,0.00030716573785594115,0.5665200659703189,2286.1600000000003,2276.21,2235.4583333333335,0.11277951050373711,2298.4,-0.00817960320222777
2017-02-02,2280.8,2276.7,2284.0,2271.7,,0.05,0.0005264081417792887,0.5673446948873062,2282.98,2276.71,2238.7183333333332,0.11269893254302975,2298.4,-0.007657500870170475
2017-02-03,2297.4,2288.5,2298.3,2287.9,,0.73,0.007278148018239117,0.5787520615722979,2283.5200000000004,2278.13,2241.483333333333,0.11288635222361318,2298.4,-0.0004350852767142088
2017-02-06,2292.6,2294.3,2296.2,2288.6,,-0.21,-0.0020893183598851284,0.5754535459043484,2285.8599999999997,2278.9100000000003,2244.0333333333333,0.11125255610656645,2298.4,-0.002523494604942611
2017-02-07,2293.1,2295.9,2299.4,2290.2,,0.02,0.00021809299485298084,0.5757971412864265,2288.7,2280.12,2246.1966666666663,0.1102358258617198,2298.4,-0.002305951966585562
2017-02-08,2294.7,2289.6,2295.9,2285.4,,0.07,0.0006977454101433356,0.5768966465090761,2291.72,2281.41,2248.3166666666666,0.11022545209847996,2298.4,-0.0016098155238427614
2017-02-09,2307.9,2296.7,2311.1,2296.6,,0.58,0.005752385932801696,0.585967564595937,2297.1400000000003,2283.04,2250.7083333333335,0.11032824179270172,2307.9,0.0
2017-02-10,2316.1,2312.3,2319.2,2311.1,,0.36,0.0035530135621126835,0.5916025288620173,2300.8799999999997,2285.325,2253.24,0.10955914142223726,2316.1,0.0
2017-02-13,2328.2,2321.7,2331.6,2321.4,,0.52,0.005224299468934879,0.5999175371083065,2308.0,2288.005,2255.7033333333334,0.10805050169104374,2328.2,0.0
2017-02-14,2337.6,2326.1,2337.6,2322.2,,0.4,0.004037453826990944,0.6063771302913743,2316.9,2291.4900000000002,2258.3816666666667,0.1069552780256452,2337.6,0.0
2017-02-15,2349.2,2335.6,2351.3,2334.8,,0.5,0.0049623545516768175,0.6143485431555853,2327.7999999999997,2295.355,2261.0833333333335,0.10588378086150657,2349.2,0.0
2017-02-16,2347.2,2349.6,2351.3,2338.9,,-0.09,-0.0008513536523071519,0.612974161627273,2335.66,2299.5299999999997,2263.8383333333336,0.10575412345650251,2349.2,-0.0008513536523071519
2017-02-17,2351.2,2343.0,2351.2,2339.6,,0.17,0.001704158145875878,0.6157229246838976,2342.68,2303.525,2266.3883333333333,0.10575451946731775,2351.2,0.0
2017-02-21,2365.4,2354.9,2366.7,2354.9,,0.6,0.006039469207213433,0.6254810335349148,2350.12,2308.535,2269.0966666666664,0.104999670885277,2365.4,0.0
2017-02-22,2362.8,2361.1,2365.1,2358.3,,-0.11,-0.0010991798427326671,0.623694337548109,2355.16,2312.6699999999996,2271.7316666666666,0.10417353469601061,2365.4,-0.0010991798427326671
2017-02-23,2363.8,2367.5,2368.3,2355.1,,0.04,0.0004232266802099982,0.6243815283122653,2358.0800000000004,2315.9399999999996,2274.24,0.10411224823026974,2365.4,-0.0006764183647585131
2017-02-24,2367.3,2355.7,2367.3,2352.9,,0.15,0.0014806667230731207,0.626786695986812,2362.1,2319.4700000000003,2277.0,0.10357730014494365,2367.3,0.0
2017-02-27,2369.8,2365.2,2371.5,2361.9,,0.11,0.0010560554217884377,0.6285046728972021,2365.8200000000006,2323.225,2279.7516666666666,0.10354257831490014,2369.8,0.0
2017-02-28,2363.6,2366.1,2367.8,2359.0,,-0.26,-0.0026162545362479195,0.6242440901594339,2365.46,2327.36,2282.4983333333334,0.10321312872335105,2369.8,-0.0026162545362479195
2017-03-01,2396.0,2380.1,2401.0,2380.1,,1.37,0.013707903198510785,0.6465090709180927,2372.1,2333.215,2285.9133333333334,0.10142199135019762,2396.0,0.0
2017-03-02,2381.9,2394.8,2394.8,2380.2,,-0.59,-0.005884808013355558,0.6368196811434914,2375.7200000000003,2338.33,2289.08,0.10158378234766806,2396.0,-0.005884808013355558
2017-03-03,2383.1,2380.9,2383.9,2375.4,,0.05,0.0005037994878038798,0.6376443100604787,2378.88,2343.445,2292.0533333333337,0.10154698609786453,2396.0,-0.005383973288814681
2017-03-06,2375.3,2375.2,2378.8,2368.0,,-0.33,-0.003273047710964594,0.6322842221000611,2379.98,2347.3399999999997,2294.7716666666665,0.10159236327268464,2396.0,-0.008639398998330439
2017-03-07,2368.4,2370.7,2375.1,2365.5,,-0.29,-0.0029048962236349896,0.6275426058273836,2380.94,2351.13,2296.89,0.1016561918720704,2396.0,-0.011519198664440733
2017-03-08,2363.0,2369.8,2373.1,2361.0,,-0.23,-0.002280020266846816,0.6238317757009406,2374.34,2354.625,2298.8366666666666,0.10099338627044285,2396.0,-0.013772954924874736
2017-03-09,2364.9,2363.5,2369.1,2354.5,,0.08,0.0008040626322471933,0.6251374381528374,2370.9399999999996,2358.135,2300.5933333333332,0.10089988240182933,2396.0,-0.012979966611018301
2017-03-10,2372.6,2372.5,2376.9,2363.0,,0.33,0.003255951625861453,0.6304288070368393,2368.84,2361.37,2302.5199999999995,0.1009304812803557,2396.0,-0.009766277128547607
2017-03-13,2373.5,2371.6,2374.4,2368.5,,0.04,0.0003793306920678585,0.63104727872458,2368.48,2364.2400000000002,2304.2166666666667,0.09969779770385656,2396.0,-0.009390651085141921
2017-03-14,2365.4,2368.6,2368.6,2358.2,,-0.34,-0.003412681693701236,0.6254810335349155,2367.88,2366.1,2306.085,0.09976204497916184,2396.0,-0.012771285475792982
2017-03-15,2385.3,2370.3,2390.0,2368.9,,0.84,0.008412953411685242,0.6391561297416226,2372.34,2368.4849999999997,2308.14,0.10003212391883527,2396.0,-0.004465776293822943
2017-03-16,2381.4,2387.7,2388.1,2377.2,,-0.16,-0.0016350144635894903,0.6364760857614138,2375.6400000000003,2370.0950000000003,2310.1949999999997,0.09993674786856595,2396.0,-0.006093489148580877
2017-03-17,2378.2,2383.7,2385.7,2377.6,,-0.13,-0.001343747375493476,0.634277075316114,2376.7599999999998,2371.645,2312.1233333333334,0.09977761243876401,2396.0,-0.007429048414023476
2017-03-20,2373.5,2378.2,2379.6,2369.7,,-0.2,-0.0019762845849801147,0.6310472787245804,2376.7599999999998,2372.76,2313.835,0.09973889712331167,2396.0,-0.009390651085141921
2017-03-21,2344.0,2379.3,2381.9,2341.9,,-1.24,-0.012428902464714509,0.6107751511819746,2372.4800000000005,2371.69,2315.148333333333,0.10058566067700458,2396.0,-0.02170283806343909
2017-03-22,2348.4,2343.0,2351.8,2336.4,,0.19,0.0018771331058020646,0.6137987905442617,2365.1,2370.97,2316.605,0.10058416252669858,2396.0,-0.019866444073455725
2017-03-23,2346.0,2346.0,2358.9,2342.1,,-0.1,-0.0010219724067450642,0.6121495327102868,2358.02,2370.08,2317.975,0.10035470191086036,2396.0,-0.02086811352253759
2017-03-24,2344.0,2350.4,2356.2,2335.7,,-0.09,-0.0008525149190110604,0.6107751511819746,2351.1800000000003,2368.915,2319.226666666667,0.10036023410930577,2396.0,-0.02170283806343909
2017-03-27,2341.6,2329.1,2344.9,2322.2,,-0.1,-0.0010238907849829948,0.6091258933479997,2344.8,2367.505,2320.755,0.1003730334410238,2396.0,-0.022704507512520955
2017-03-28,2358.6,2339.8,2363.8,2337.6,,0.73,0.00725999316706516,0.6208081363386537,2347.7200000000003,2367.255,2322.576666666667,0.10025503698003113,2396.0,-0.015609348914858101
2017-03-29,2361.1,2356.5,2363.4,2352.9,,0.11,0.0010599508182820294,0.622526113249044,2350.2599999999998,2365.5099999999998,2324.615,0.10018507604075402,2396.0,-0.014565943238731283
2017-03-30,2368.1,2361.3,2370.4,2358.6,,0.3,0.0029647198339757264,0.627336448598137,2354.68,2364.82,2326.453333333333,0.1001801192262813,2396.0,-0.011644407345576036
2017-03-31,2362.7,2364.8,2370.3,2362.6,,-0.23,-0.002280309108568135,0.6236256184716937,2358.4199999999996,2363.8,2327.985,0.10005158959888975,2396.0,-0.013898163606010039
2017-04-03,2358.8,2362.3,2365.9,2344.7,,-0.17,-0.001650653912896094,0.6209455744914851,2361.86,2362.975,2329.4816666666666,0.10000421612197256,2396.0,-0.015525876460767862
2017-04-04,2360.2,2354.8,2360.5,2350.7,,0.06,0.0005935221298964954,0.6219076415613036,2362.18,2362.565,2330.8683333333333,0.09942972726704498,2396.0,-0.014941569282136968
2017-04-05,2352.9,2366.6,2378.4,2350.5,,-0.31,-0.0030929582238792275,0.616891148982964,2360.54,2362.06,2332.2683333333334,0.09899624075810491,2396.0,-0.017988313856427296
2017-04-06,2357.5,2353.8,2364.2,2348.9,,0.2,0.0019550342130987275,0.6200522264980823,2358.4199999999996,2361.6899999999996,2333.7450000000003,0.09820274453781953,2396.0,-0.016068447412353914
2017-04-07,2355.5,2356.6,2363.8,2350.7,,-0.08,-0.0008483563096500779,0.6186778449697701,2356.9800000000005,2360.835,2335.0816666666665,0.09818825988767364,2396.0,-0.016903171953255414
2017-04-10,2357.2,2357.2,2366.4,2351.5,,0.07,0.0007217151347909123,0.6198460692688355,2356.66,2360.02,2336.5283333333336,0.09813209579507313,2396.0,-0.016193656093489217
2017-04-11,2353.8,2353.9,2355.2,2337.2,,-0.14,-0.0014423892754114043,0.6175096206707047,2355.38,2359.4399999999996,2337.8483333333334,0.09773012118240139,2396.0,-0.01761268781302161
2017-04-12,2344.9,2352.2,2352.7,2341.2,,-0.38,-0.003781119891239748,0.611393622869715,2353.7799999999997,2357.42,2339.1316666666667,0.09735852435936011,2396.0,-0.021327212020033404
2017-04-13,2328.9,2342.0,2348.3,2328.9,,-0.68,-0.006823318691628666,0.6003985706432169,2348.0600000000004,2354.795,2340.0816666666665,0.09763244813727917,2396.0,-0.028005008347245397
2017-04-17,2349.0,2332.6,2349.1,2332.5,,0.86,0.008630684013912093,0.614211105002755,2346.7599999999998,2353.335,2341.503333333333,0.09796195407440436,2396.0,-0.01961602671118534
2017-04-18,2342.2,2342.5,2348.3,2334.5,,-0.29,-0.0028948488718604226,0.6095382078064933,2343.7599999999998,2351.7699999999995,2342.685,0.0978324451942226,2396.0,-0.02245409015025046
2017-04-19,2338.2,2346.8,2352.6,2335.1,,-0.17,-0.0017077960891469512,0.6067894447498687,2340.6400000000003,2351.48,2343.9016666666666,0.09782037265582116,2396.0,-0.02412353923205346
2017-04-20,2355.8,2342.7,2361.4,2340.9,,0.75,0.0075271576426312325,0.618884002199017,2342.8199999999997,2351.85,2345.163333333333,0.09807606232330474,2396.0,-0.01677796327212011
2017-04-21,2348.7,2354.7,2356.2,2344.5,,-0.3,-0.0030138381866033903,0.6140049477735083,2346.7799999999997,2351.985,2346.0016666666666,0.09797436456177004,2396.0,-0.019741235392320644
2017-04-24,2374.2,2370.3,2377.0,2369.2,,1.09,0.010857069868437819,0.6315283122594897,2351.8199999999997,2353.495,2347.2933333333335,0.0985213149280665,2396.0,-0.009098497495826474
2017-04-25,2388.6,2381.5,2392.5,2381.2,,0.61,0.006065200909780133,0.6414238592633379,2361.0999999999995,2355.845,2348.858333333333,0.09864864757110883,2396.0,-0.0030884808013356135
2017-04-26,2387.4,2389.0,2398.2,2386.8,,-0.05,-0.0005023863350915869,0.6405992303463508,2370.94,2357.285,2350.633333333333,0.09864541553505149,2396.0,-0.00358931552587638
2017-04-27,2388.8,2389.7,2392.1,2382.7,,0.06,0.0005864119963139292,0.6415612974161693,2377.54,2358.67,2352.4650000000006,0.09863891236525965,2396.0,-0.003005008347245375
2017-04-28,2384.2,2393.7,2393.7,2382.4,,-0.19,-0.0019256530475554312,0.6384002199010508,2384.6400000000003,2359.475,2354.2083333333335,0.09817901550712867,2396.0,-0.004924874791318978
2017-05-01,2388.3,2388.5,2394.5,2384.8,,0.17,0.001719654391410197,0.641217702034091,2387.46,2360.755,2356.0,0.0980228233460767,2396.0,-0.003213689482470694
2017-05-02,2391.2,2391.1,2392.9,2385.8,,0.12,0.001214252815810335,0.6432105552501437,2387.9800000000005,2362.375,2357.563333333333,0.09775808742662243,2396.0,-0.0020033388981637312
2017-05-03,2388.1,2386.5,2389.8,2379.8,,-0.13,-0.0012964202074271514,0.6410802638812598,2388.12,2363.7699999999995,2359.1549999999997,0.09733765801461226,2396.0,-0.003297161936560933
2017-05-04,2389.5,2389.8,2391.4,2380.3,,0.06,0.0005862401071983214,0.6420423309510785,2388.2599999999998,2365.6,2360.7616666666668,0.09711459843269644,2396.0,-0.002712854757929928
2017-05-05,2399.3,2392.4,2399.3,2389.4,,0.41,0.004101276417660671,0.6487768004398087,2391.2799999999997,2367.69,2362.5049999999997,0.0971727645556526,2399.3,0.0
2017-05-08,2399.4,2399.9,2401.4,2393.9,,0.0,4.167882298999892e-05,0.6488455195162242,2393.5,2369.885,2364.03,0.09714141419828329,2399.4,0.0
2017-05-09,2396.9,2401.6,2403.9,2392.4,,-0.1,-0.0010419271484537473,0.6471275426058338,2394.64,2371.87,2365.3766666666666,0.0971556716972221,2399.4,-0.0010419271484537473
2017-05-10,2399.6,2396.8,2399.7,2392.8,,0.11,0.0011264550043805777,0.6489829576690553,2396.94,2374.1600000000003,2366.5666666666666,0.09642467732313324,2399.6,0.0
2017-05-11,2394.4,2394.8,2395.7,2381.7,,-0.22,-0.002167027837972957,0.6454095656954435,2397.92,2376.635,2367.513333333334,0.09592783369704468,2399.6,-0.002167027837972957
2017-05-12,2390.9,2392.4,2392.4,2387.2,,-0.15,-0.0014617440694955075,0.643004398020897,2396.2400000000002,2379.7349999999997,2368.2083333333335,0.09594683448825099,2399.6,-0.003625604267377791
2017-05-15,2402.3,2394.0,2404.1,2393.9,,0.48,0.004768078966079781,0.6508383727322771,2396.82,2382.4,2369.126666666666,0.09560204455140063,2402.3,0.0
2017-05-16,2400.7,2404.6,2405.8,2396.1,,-0.07,-0.0006660283894602825,0.649738867509627,2397.5800000000004,2385.325,2369.951666666667,0.0951666688779272,2402.3,-0.0006660283894602825
2017-05-17,2357.0,2382.9,2384.9,2356.2,,-1.82,-0.018203024117965483,0.619708631116004,2389.06,2386.265,2369.811666666667,0.09649074327747365,2402.3,-0.018856928776589177
2017-05-18,2365.7,2354.7,2375.7,2352.7,,0.37,0.0036911327959270324,0.6256871907641623,2383.32,2386.76,2369.86,0.09654014432580361,2402.3,-0.015235399408899952
2017-05-19,2381.7,2371.4,2389.1,2370.4,,0.68,0.006763325865494441,0.6366822429906607,2381.4800000000005,2388.41,2370.1583333333333,0.09663959250910427,2402.3,-0.008575115514298903
2017-05-22,2394.0,2387.2,2395.5,2386.9,,0.52,0.0051643783851871294,0.6451346893897811,2379.8199999999997,2389.4,2370.603333333333,0.09659495947565143,2402.3,-0.0034550222703243483
2017-05-23,2398.4,2397.0,2400.8,2393.9,,0.18,0.0018379281537177494,0.6481583287520682,2379.3599999999997,2389.8900000000003,2371.08,0.09656362984555597,2402.3,-0.0016234441993090432
2017-05-24,2404.4,2401.4,2405.6,2398.0,,0.25,0.0025016677785190122,0.652281473337005,2388.8399999999997,2390.7400000000002,2371.76,0.09568619713601732,2404.4,0.0
2017-05-25,2415.1,2409.5,2418.7,2408.0,,0.45,0.004450174679753616,0.6596344145134754,2398.7200000000003,2392.055,2372.078333333333,0.09555315383049849,2415.1,0.0
2017-05-26,2415.8,2414.5,2416.7,2412.2,,0.03,0.0002898430706803623,0.6601154480483848,2405.54,2393.635,2372.6433333333334,0.09555040979668461,2415.8,0.0
2017-05-30,2412.9,2411.7,2415.3,2409.4,,-0.12,-0.0012004304992135895,0.6581225948323319,2409.3200000000006,2394.865,2373.14,0.09549422591424088,2415.8,-0.0012004304992135895
2017-05-31,2411.8,2415.6,2416.0,2403.6,,-0.05,-0.00045588296241039217,0.6573666849917601,2412.0,2395.895,2373.7483333333334,0.09548678109972839,2415.8,-0.0016557662058117595
2017-06-01,2430.1,2415.7,2430.1,2413.5,,0.76,0.0075876938386265635,0.6699422759758169,2417.1400000000003,2397.995,2374.7766666666666,0.09574278419254549,2430.1,0.0
2017-06-02,2439.1,2431.3,2440.2,2427.7,,0.37,0.0037035512941854254,0.6761269928532221,2421.94,2400.475,2376.045,0.09576654245121005,2439.1,0.0
2017-06-05,2436.1,2437.8,2439.6,2434.3,,-0.12,-0.0012299618711819615,0.6740654205607537,2426.0,2402.315,2377.2316666666666,0.095718107835972,2439.1,-0.0012299618711819615
2017-06-06,2429.3,2431.9,2436.2,2428.1,,-0.28,-0.002791346824842833,0.6693925233644922,2429.2799999999997,2403.81,2378.1766666666667,0.09568064529814044,2439.1,-0.004017875445861074
2017-06-07,2433.1,2432.0,2435.3,2424.8,,0.16,0.0015642366113695072,0.6720038482682855,2433.54,2405.62,2379.17,0.09568315943588038,2439.1,-0.002459923742364034
2017-06-08,2433.8,2434.3,2439.3,2427.9,,0.03,0.0002876988204350006,0.672484881803195,2434.2799999999997,2407.33,2380.3099999999995,0.09564417875139843,2439.1,-0.002172932639088021
2017-06-09,2431.8,2436.4,2446.2,2415.7,,-0.08,-0.0008217602103706145,0.6711105002748827,2432.8199999999997,2409.2,2381.085,0.09562733103246573,2439.1,-0.0029929072198761064
2017-06-12,2429.4,2425.9,2430.4,2420.0,,-0.1,-0.000986923266716011,0.6694612424409081,2431.4800000000005,2411.125,2381.885,0.09513926471452196,2439.1,-0.003976876716821676
2017-06-13,2440.3,2434.2,2441.5,2431.3,,0.45,0.004486704536099451,0.6769516217702098,2433.68,2413.025,2382.9199999999996,0.09481428740004395,2440.3,0.0
2017-06-14,2437.9,2443.8,2443.8,2428.3,,-0.1,-0.0009834856370118938,0.675302363936235,2434.6400000000003,2414.885,2383.9933333333333,0.09479586169421114,2440.3,-0.0009834856370118938
2017-06-15,2432.5,2424.1,2433.9,2418.5,,-0.22,-0.002215021124738592,0.6715915338097918,2434.38,2418.6600000000003,2385.4683333333332,0.0948067565711038,2440.3,-0.0031963283202885995
2017-06-16,2433.2,2431.2,2433.2,2422.9,,0.03,0.0002877697841725535,0.6720725673447008,2434.6600000000003,2422.035,2386.8816666666667,0.09477466997679881,2440.3,-0.0029094783428268434
2017-06-19,2453.5,2442.6,2453.8,2441.8,,0.83,0.00834292289988503,0.6860225398570705,2439.48,2425.625,2388.673333333333,0.09500424388332553,2453.5,0.0
2017-06-20,2437.0,2450.7,2450.7,2436.6,,-0.67,-0.006725086610963937,0.6746838922484943,2438.82,2427.775,2390.2233333333334,0.09515376976787004,2453.5,-0.006725086610963937
2017-06-21,2435.6,2439.3,2442.2,2430.7,,-0.06,-0.0005744768157570634,0.6737218251786758,2438.36,2429.6349999999998,2391.79,0.09513816105416904,2453.5,-0.007295700020379048
2017-06-22,2434.5,2437.4,2441.6,2433.3,,-0.05,-0.00045163409426829393,0.6729659153381042,2438.7599999999998,2431.14,2393.055,0.09511628621402297,2453.5,-0.0077440391277766585
2017-06-23,2438.3,2434.7,2441.4,2431.1,,0.16,0.0015608954610804027,0.6755772402418978,2439.7799999999997,2432.3,2394.3416666666667,0.09425656083860663,2453.5,-0.006195231302221216
2017-06-26,2439.1,2443.3,2450.4,2437.0,,0.03,0.00032809744494111115,0.6761269928532228,2436.9,2433.4649999999997,2395.525,0.08684188926882239,2453.5,-0.005869166496841327
2017-06-27,2419.4,2436.3,2440.2,2419.4,,-0.81,-0.008076749620761658,0.662589334799347,2433.38,2433.79,2396.47,0.08522080561472485,2453.5,-0.013898512329325374
2017-06-28,2440.7,2428.7,2443.0,2428.0,,0.88,0.00880383566173415,0.6772264980758724,2434.4,2435.2349999999997,2397.835,0.08388100136774519,2453.5,-0.005217036886081217
2017-06-29,2419.7,2442.4,2442.7,2405.7,,-0.86,-0.00860408899086329,0.6627954920285937,2431.4399999999996,2434.715,2398.826666666667,0.08278825527936248,2453.5,-0.013776238027307985
2017-06-30,2423.4,2429.2,2432.7,2421.7,,0.15,0.0015291151795677749,0.6653380978559715,2428.46,2433.9300000000003,2400.0016666666666,0.08176837631778318,2453.5,-0.012268188302425043
2017-07-03,2429.0,2431.4,2439.2,2428.7,,0.23,0.0023108030040439598,0.669186366135246,2426.44,2433.575,2401.1933333333336,0.08177595340138995,2453.5,-0.0099857346647646
2017-07-05,2432.5,2430.8,2434.9,2422.1,,0.14,0.0014409221902016434,0.6715915338097922,2429.06,2433.735,2402.476666666667,0.08144327165711125,2453.5,-0.008559201141226769
2017-07-06,2409.8,2423.4,2424.3,2407.7,,-0.93,-0.009331963001027677,0.6559923034634481,2422.88,2432.57,2403.353333333333,0.08191097020665926,2453.5,-0.01781128999388626
2017-07-07,2425.2,2413.5,2426.9,2413.5,,0.64,0.006390571831687231,0.6665750412314524,2423.9800000000005,2432.1400000000003,2404.5433333333335,0.08210549066700386,2453.5,-0.011534542490320043
2017-07-10,2427.4,2424.5,2432.0,2422.3,,0.09,0.000907141679036938,0.6680868609125961,2424.7799999999997,2431.9199999999996,2405.9183333333335,0.08077553792560227,2453.5,-0.010637864275524711
2017-07-11,2425.5,2427.3,2429.3,2412.8,,-0.08,-0.0007827304935321688,0.6667811984606995,2424.0800000000004,2431.725,2407.5283333333336,0.08073372594056136,2453.5,-0.011412268188302432
2017-07-12,2443.2,2435.8,2445.8,2435.8,,0.73,0.007297464440321422,0.6789444749862628,2426.2200000000003,2431.87,2409.098333333334,0.08076053185817202,2453.5,-0.0041980843692684955
2017-07-13,2447.8,2445.0,2449.3,2441.7,,0.19,0.0018827766863132034,0.6821055525013813,2433.82,2432.365,2410.858333333333,0.0807711764030841,2453.5,-0.002323211738332942
2017-07-14,2459.3,2449.2,2463.5,2446.7,,0.47,0.00469809624969364,0.6900082462891768,2440.6400000000003,2433.705,2412.876666666666,0.08073788813724621,2459.3,0.0
2017-07-17,2459.1,2459.5,2462.8,2457.2,,-0.01,-8.132395397075776e-05,0.6898708081363454,2446.98,2435.0,2414.5983333333334,0.08072629184977138,2459.3,-8.132395397075776e-05
2017-07-18,2460.6,2455.9,2460.9,2450.3,,0.06,0.0006099792607050514,0.6909015942825794,2454.0,2435.355,2416.463333333333,0.08070425310512795,2460.6,0.0
2017-07-19,2473.8,2463.8,2473.8,2463.8,,0.54,0.00536454523287011,0.6999725123694405,2460.12,2437.195,2418.1233333333334,0.08082555932385108,2473.8,0.0
2017-07-20,2473.4,2475.6,2477.6,2468.4,,-0.02,-0.00016169455897807605,0.6996976360637781,2465.2400000000002,2439.085,2419.536666666667,0.08074276602361623,2473.8,-0.00016169455897807605
2017-07-21,2472.5,2467.4,2472.5,2465.1,,-0.04,-0.00036387159375761424,0.6990791643760375,2467.88,2440.985,2420.9550000000004,0.08064203270726696,2473.8,-0.000525507316678886
2017-07-24,2469.9,2472.0,2473.1,2466.3,,-0.11,-0.0010515672396359532,0.6972924683892316,2470.04,2442.565,2422.3066666666664,0.08055805452490486,2473.8,-0.0015765219500364358
2017-07-25,2477.1,2477.9,2481.2,2474.9,,0.29,0.002915097777237863,0.7022402418911557,2473.34,2444.465,2423.8550000000005,0.08051640458853888,2477.1,0.0
2017-07-26,2477.8,2480.0,2481.7,2474.9,,0.03,0.00028258851075868563,0.7027212754260652,2474.1400000000003,2447.3849999999998,2425.3466666666664,0.08051652401998778,2477.8,0.0
2017-07-27,2475.4,2482.8,2484.0,2459.9,,-0.1,-0.0009686011784647564,0.7010720175920906,2474.54,2449.12,2426.75,0.08051186399402332,2477.8,-0.0009686011784647564
2017-07-28,2472.1,2469.1,2473.5,2464.7,,-0.13,-0.0013331178799386167,0.6988042880703753,2474.46,2451.7400000000002,2428.15,0.08052637482982826,2477.8,-0.0023004277988539767
2017-07-31,2470.3,2475.9,2478.0,2468.5,,-0.07,-0.0007281258848751415,0.6975673446948945,2474.54,2454.085,2429.4966666666664,0.0805287973110494,2477.8,-0.0030268786827023497
2017-08-01,2476.3,2477.1,2478.5,2471.1,,0.24,0.0024288547949642414,0.7016904892798315,2474.38,2456.45,2430.78,0.08053075529503424,2477.8,-0.0006053757365405144
2017-08-02,2477.6,2480.4,2480.4,2466.5,,0.05,0.0005249767798731764,0.7025838372732345,2474.34,2458.705,2432.0833333333335,0.08023289401877981,2477.8,-8.071676487220181e-05
2017-08-03,2472.2,2476.0,2476.0,2468.8,,-0.22,-0.002179528576041312,0.6988730071467915,2473.7,2461.825,2433.338333333333,0.08023727684082561,2477.8,-0.002260069416417987
2017-08-04,2476.8,2476.9,2480.0,2472.1,,0.19,0.0018606908826148683,0.70203408466191,2474.6400000000003,2464.4049999999997,2434.625,0.08024729613899642,2477.8,-0.0004035838243603429
2017-08-07,2480.9,2477.1,2480.9,2475.9,,0.17,0.0016553617571060109,0.7048515667949502,2476.76,2467.0800000000004,2436.0666666666666,0.07984308185531404,2480.9,0.0
2017-08-08,2474.9,2478.3,2490.9,2470.3,,-0.24,-0.0024184771655447745,0.7007284222100134,2476.48,2469.55,2437.4666666666667,0.07988434441839407,2480.9,-0.0024184771655447745
2017-08-09,2474.0,2465.3,2474.4,2462.1,,-0.04,-0.000363651056608405,0.7001099505222728,2475.7599999999998,2471.09,2438.661666666667,0.07988904053980361,2480.9,-0.002781248740376552
2017-08-10,2438.2,2465.4,2465.4,2437.8,,-1.45,-0.014470493128536877,0.675508521165483,2468.96,2470.61,2439.286666666667,0.08121446346030722,2480.9,-0.017211495828126977
2017-08-11,2441.3,2441.0,2448.1,2437.8,,0.13,0.0012714297432534494,0.6776388125343673,2461.8599999999997,2469.71,2440.6916666666666,0.08110546406127903,2480.9,-0.015961949292595423
2017-08-14,2465.8,2455.0,2468.2,2455.0,,1.0,0.010035636750911348,0.6944749862561925,2458.84,2470.045,2442.3599999999997,0.08165983513689054,2480.9,-0.006086500866620992
2017-08-15,2464.6,2468.7,2468.9,2461.6,,-0.05,-0.00048665747424780914,0.693650357339205,2456.78,2470.245,2443.741666666667,0.08163301975584333,2480.9,-0.006570196299729991
2017-08-16,2468.1,2468.6,2474.9,2463.9,,0.14,0.001420108739754955,0.6960555250137515,2455.6,2469.96,2444.976666666667,0.08141850925796669,2480.9,-0.005159417953162215
2017-08-17,2430.0,2462.9,2465.0,2430.0,,-1.54,-0.015436975811352838,0.6698735568994028,2453.96,2467.79,2445.5033333333336,0.08295363421190721,2480.9,-0.020516747954371417
2017-08-18,2425.6,2427.6,2440.3,2420.7,,-0.18,-0.0018106995884773491,0.6668499175371159,2450.82,2465.445,2445.8566666666666,0.08296519025217508,2480.9,-0.02229029787577097
2017-08-21,2428.4,2425.5,2430.6,2417.3,,0.12,0.001154353562005328,0.6687740516767531,2443.3399999999997,2463.37,2446.0783333333334,0.08294772053788206,2480.9,-0.02116167519851664
2017-08-22,2452.5,2433.8,2454.8,2433.7,,0.99,0.009924229945643237,0.6853353490929159,2440.9199999999996,2462.1400000000003,2446.69,0.08348189022841526,2480.9,-0.01144745858357854
2017-08-23,2444.0,2444.9,2448.9,2441.4,,-0.35,-0.00346585117227316,0.6794942275975888,2436.1,2460.45,2447.2083333333335,0.08356119386971303,2480.9,-0.014873634568100313
2017-08-24,2439.0,2447.9,2450.4,2436.2,,-0.2,-0.0020458265139116083,0.6760582737768082,2437.9,2458.63,2447.661666666667,0.08340225435606637,2480.9,-0.01688903220605431
2017-08-25,2443.1,2444.7,2454.0,2442.2,,0.17,0.0016810168101679679,0.6788757559098482,2441.4,2457.18,2447.8783333333336,0.08339137772345231,2480.9,-0.01523640614293209
2017-08-28,2444.2,2447.3,2449.1,2439.0,,0.05,0.00045024763619982977,0.6796316657504198,2444.56,2455.875,2447.963333333333,0.08336496389826753,2480.9,-0.014793018662582202
2017-08-29,2446.3,2431.9,2449.2,2428.2,,0.09,0.0008591768267738331,0.681074766355148,2443.32,2454.375,2448.133333333333,0.08322832551440472,2480.9,-0.013946551654641426
2017-08-30,2457.6,2446.1,2460.3,2443.8,,0.46,0.004619220864161999,0.6888400219901119,2446.04,2453.375,2448.6050000000005,0.08329509207460582,2480.9,-0.009391752992865543
2017-08-31,2471.7,2462.7,2475.0,2462.7,,0.57,0.0057373046875,0.6985294117647134,2452.58,2453.35,2449.2483333333334,0.08340875613668214,2480.9,-0.0037083316538354394
2017-09-01,2476.6,2474.4,2480.4,2473.8,,0.2,0.0019824412347777542,0.7018966465090786,2459.2799999999997,2453.34,2449.961666666667,0.0834196952813632,2480.9,-0.0017332419686404421
2017-09-05,2457.8,2470.3,2472.0,2446.6,,-0.76,-0.007591052249050989,0.6889774601429435,2462.0,2452.185,2450.3949999999995,0.0837329260634123,2480.9,-0.009311137087347321
2017-09-06,2465.5,2463.8,2469.6,2459.2,,0.31,0.0031328830661565554,0.6942688290269454,2465.84,2451.7149999999997,2450.9966666666664,0.08373758076030624,2480.9,-0.006207424724898214
2017-09-07,2465.1,2468.1,2468.6,2460.3,,-0.02,-0.00016223889677557946,0.6939939527212828,2467.3399999999997,2451.2699999999995,2451.4100000000003,0.08373777291454546,2480.9,-0.006368656535934658
2017-09-08,2461.4,2462.2,2467.1,2459.4,,-0.15,-0.001500953308182118,0.6914513468939054,2465.28,2452.43,2451.8016666666663,0.08371679378530657,2480.9,-0.007860050788020434
2017-09-11,2488.1,2474.5,2488.9,2474.5,,1.08,0.010847485171040727,0.7097993402968739,2467.58,2454.7699999999995,2452.728333333333,0.08051493267855897,2488.1,0.0
2017-09-12,2496.5,2491.9,2496.8,2490.4,,0.34,0.003376070093645822,0.7155717427157855,2475.3199999999997,2456.305,2453.7833333333333,0.07932270990524952,2496.5,0.0
2017-09-13,2498.4,2493.9,2498.4,2492.1,,0.08,0.0007610654916883064,0.7168774051676821,2481.9,2457.995,2454.5316666666668,0.07779923254605799,2498.4,0.0
2017-09-14,2495.6,2494.6,2498.4,2491.3,,-0.11,-0.0011207172590458336,0.7149532710280448,2488.0,2459.37,2455.508333333333,0.07780994848594373,2498.4,-0.0011207172590458336
2017-09-15,2500.2,2495.7,2500.2,2493.2,,0.18,0.001843244109632991,0.7181143485431631,2495.7599999999998,2462.88,2456.585,0.07723730061988729,2500.2,0.0
2017-09-18,2503.9,2502.5,2508.3,2499.9,,0.15,0.001479881609471434,0.7206569543705412,2498.92,2466.7949999999996,2457.741666666667,0.07711620800967424,2503.9,0.0
2017-09-19,2506.7,2506.3,2507.8,2503.2,,0.11,0.0011182555213864465,0.722581088510178,2500.96,2470.71,2458.881666666667,0.07711464316510423,2506.7,0.0
2017-09-20,2508.2,2506.8,2508.8,2496.7,,0.06,0.0005983962979214663,0.723611874656412,2502.9199999999996,2473.495,2460.0333333333333,0.07711401139440595,2508.2,0.0
2017-09-21,2500.6,2507.2,2507.2,2499.0,,-0.3,-0.0030300613986125047,0.7183892248488255,2503.92,2476.325,2461.3866666666668,0.0765109716516247,2508.2,-0.0030300613986125047
2017-09-22,2502.2,2497.3,2503.5,2496.5,,0.06,0.0006398464368551071,0.7194887300714752,2504.3199999999997,2479.4849999999997,2462.411666666667,0.07627891520594357,2508.2,-0.0023921537357467493
2017-09-25,2496.7,2499.4,2502.5,2488.0,,-0.22,-0.0021980657021820615,0.7157091808686165,2502.88,2482.165,2463.6949999999997,0.07606686932880248,2508.2,-0.004584961326847936
2017-09-26,2496.8,2501.0,2503.5,2495.1,,0.0,4.0052869788365086e-05,0.7157778999450324,2500.9,2484.795,2464.9183333333335,0.07550982691318808,2508.2,-0.004545092097918646
2017-09-27,2507.0,2503.3,2511.8,2495.9,,0.41,0.004085229093239384,0.7227872457394251,2500.66,2487.83,2466.2183333333332,0.07536469088197302,2508.2,-0.00047843074714926104
2017-09-28,2510.1,2503.4,2510.8,2502.9,,0.12,0.0012365376944554196,0.724917537108309,2502.56,2490.455,2467.5116666666663,0.07521829166895243,2510.1,0.0
2017-09-29,2519.4,2510.0,2519.4,2508.0,,0.37,0.003705031672045056,0.7313084112149613,2506.0,2492.84,2469.3383333333336,0.0746175034165168,2519.4,0.0
2017-10-02,2529.1,2521.2,2529.2,2520.4,,0.39,0.003850123045169518,0.7379741616272759,2512.48,2495.4649999999997,2471.0699999999997,0.07432166918266556,2529.1,0.0
2017-10-03,2534.6,2530.3,2535.1,2528.8,,0.22,0.002174686647423929,0.7417537108301346,2520.04,2499.305,2472.8566666666666,0.07423456743861534,2534.6,0.0
2017-10-04,2537.7,2533.5,2540.5,2531.8,,0.12,0.0012230726741890852,0.7438840021990185,2526.18,2502.915,2474.726666666667,0.07402387185458505,2537.7,0.0
2017-10-05,2552.1,2540.9,2552.5,2540.0,,0.57,0.0056744296016078,0.7537795492028669,2534.58,2507.2650000000003,2476.5416666666665,0.07410536706716625,2552.1,0.0
2017-10-06,2549.3,2547.4,2549.4,2543.8,,-0.11,-0.0010971356921749553,0.75185541506323,2540.56,2511.66,2478.233333333333,0.0741263509625907,2552.1,-0.0010971356921749553
2017-10-09,2544.7,2551.4,2551.8,2541.6,,-0.18,-0.0018044168987566556,0.7486943375481114,2543.68,2514.4900000000002,2479.656666666667,0.07406181084830753,2552.1,-0.0028995729007484927
2017-10-10,2550.6,2550.0,2555.2,2544.9,,0.23,0.0023185444256690335,0.7527487630566325,2546.88,2517.195,2481.1816666666664,0.07397313101067936,2552.1,-0.0005877512636651705
2017-10-11,2555.2,2550.6,2555.2,2547.9,,0.18,0.00180349721634121,0.7559098405717506,2550.38,2520.035,2482.758333333333,0.0727949385737199,2555.2,0.0
2017-10-12,2550.9,2552.9,2555.3,2548.3,,-0.17,-0.00168284283030673,0.7529549202858794,2550.1400000000003,2522.8,2484.0433333333335,0.0728331442271133,2555.2,-0.00168284283030673
2017-10-13,2553.2,2555.7,2557.7,2552.1,,0.09,0.0009016425575285592,0.7545354590434383,2550.92,2525.45,2485.3733333333334,0.07273366148058584,2555.2,-0.0007827175954915333
2017-10-16,2557.6,2555.6,2559.5,2552.6,,0.17,0.0017233275889081412,0.7575590984057254,2553.5,2528.135,2486.7916666666665,0.07273848174968484,2557.6,0.0
2017-10-17,2559.4,2557.2,2559.7,2554.7,,0.07,0.0007037847982485079,0.7587960417812067,2555.2599999999998,2530.7699999999995,2488.2833333333333,0.07263950588434144,2559.4,0.0
2017-10-18,2561.3,2562.9,2564.1,2559.7,,0.07,0.000742361490974508,0.7601017042331035,2556.4800000000005,2533.425,2489.6866666666665,0.07243582470968207,2561.3,0.0
2017-10-19,2562.1,2553.4,2562.4,2547.9,,0.03,0.0003123413891381599,0.760651456844428,2558.72,2536.5,2491.0916666666667,0.07242188302203754,2562.1,0.0
2017-10-20,2575.2,2567.6,2575.4,2567.6,,0.51,0.005112993247726516,0.7696536558548734,2563.12,2540.15,2492.755,0.07252355645775323,2575.2,0.0
2017-10-23,2565.0,2578.1,2578.3,2564.3,,-0.4,-0.003960857409133212,0.762644310060481,2564.6,2543.565,2494.3033333333337,0.07267181272930517,2575.2,-0.003960857409133212
2017-10-24,2569.1,2568.7,2572.2,2565.6,,0.16,0.0015984405458089324,0.765461792193521,2566.54,2547.18,2495.95,0.07256676021055168,2575.2,-0.0023687480584031473
2017-10-25,2557.2,2566.5,2567.4,2544.0,,-0.46,-0.004631972286014641,0.7572842221000629,2565.7200000000003,2549.6899999999996,2497.298333333333,0.07262564126240484,2575.2,-0.006989748369058746
2017-10-26,2560.4,2560.1,2567.1,2559.8,,0.13,0.0012513686844988214,0.7594832325453627,2565.38,2552.205,2498.678333333333,0.0725847251712176,2575.2,-0.005747126436781547
2017-10-27,2581.1,2570.3,2583.0,2565.9,,0.81,0.008084674269645209,0.7737080813633943,2566.56,2555.29,2500.4933333333333,0.07286013998712003,2581.1,0.0
2017-10-30,2572.8,2577.8,2580.0,2568.2,,-0.32,-0.0032156832358295473,0.7680043980208986,2568.12,2557.475,2502.093333333333,0.07286670357402913,2581.1,-0.0032156832358295473
2017-10-31,2575.3,2576.0,2578.3,2572.2,,0.1,0.000971703980099603,0.7697223749312891,2569.36,2559.5099999999998,2503.6666666666665,0.07286185359789295,2581.1,-0.002247103947929041
2017-11-01,2579.4,2583.2,2588.4,2574.9,,0.16,0.001592047528443219,0.7725398570643291,2573.8,2561.595,2505.4083333333333,0.07246649672422785,2581.1,-0.0006586339157722554
2017-11-02,2579.8,2579.5,2581.1,2566.2,,0.02,0.00015507482360233027,0.7728147333699915,2577.6800000000003,2562.98,2507.1716666666666,0.07209406304607126,2581.1,-0.00050366122970813
2017-11-03,2587.8,2581.9,2588.4,2576.8,,0.31,0.003101015582603228,0.7783122594832403,2579.02,2564.905,2509.665,0.07193874831599816,2587.8,0.0
2017-11-06,2591.1,2587.5,2593.4,2585.7,,0.13,0.0012752144678875865,0.7805799890049552,2582.68,2567.225,2512.161666666667,0.07189479536911365,2591.1,0.0
2017-11-07,2590.6,2592.1,2597.0,2584.3,,-0.02,-0.00019296823742809277,0.7802363936228771,2585.7400000000002,2569.225,2514.241666666667,0.06863785368305153,2591.1,-0.00019296823742809277
2017-11-08,2594.4,2588.7,2595.5,2585.0,,0.15,0.0014668416583032418,0.7828477185266707,2588.7400000000002,2571.1850000000004,2516.405,0.06857453268566799,2594.4,0.0
2017-11-09,2584.6,2584.0,2586.5,2566.3,,-0.38,-0.0037773666358310587,0.7761132490379405,2589.7,2572.87,2518.3466666666664,0.0679398706347488,2594.4,-0.0037773666358310587
2017-11-10,2582.3,2580.2,2583.8,2575.6,,-0.09,-0.0008898862493228465,0.7745327102803816,2588.6,2574.325,2520.885,0.06794757129892154,2594.4,-0.0046638914585259705
2017-11-13,2584.8,2576.5,2587.7,2574.5,,0.1,0.0009681291871588282,0.7762506871907722,2587.34,2575.685,2523.538333333333,0.06791425030529913,2594.4,-0.0037002775208140326
2017-11-14,2578.9,2577.8,2579.7,2566.6,,-0.23,-0.0022825750541628498,0.7721962616822509,2585.0,2576.6600000000003,2526.0466666666666,0.06797563944455554,2594.4,-0.005974406413814415
2017-11-15,2564.6,2569.4,2572.8,2557.4,,-0.55,-0.005544999806119,0.7623694337548179,2579.04,2576.825,2527.915,0.06791960875288532,2594.4,-0.011486278137527006
2017-11-16,2585.6,2572.9,2590.1,2572.9,,0.82,0.008188411448178945,0.7768004398020965,2579.2400000000002,2578.0,2530.275,0.06829767913351317,2594.4,-0.0033919210607462613
2017-11-17,2578.8,2582.9,2584.0,2577.6,,-0.26,-0.002629950495049438,0.7721275426058349,2578.54,2578.18,2532.605,0.06826001907799718,2594.4,-0.006012950971322817
2017-11-20,2582.1,2579.5,2584.6,2578.2,,0.13,0.0012796649604465138,0.7743952721275498,2578.0,2579.035,2534.9216666666666,0.06819439405255329,2594.4,-0.004740980573543108
2017-11-21,2599.0,2589.2,2601.2,2589.2,,0.65,0.006545060222299615,0.7860087960417883,2582.02,2580.5299999999997,2537.5016666666666,0.06810806376612936,2599.0,0.0
2017-11-22,2597.1,2600.3,2600.9,2595.2,,-0.07,-0.0007310504040015653,0.7847031335898915,2588.5199999999995,2582.525,2540.015,0.06810657516517081,2599.0,-0.0007310504040015653
2017-11-24,2602.4,2600.4,2604.2,2600.4,,0.2,0.002040737745947485,0.7883452446399191,2591.88,2584.625,2542.428333333333,0.06812035212750674,2602.4,0.0
2017-11-27,2601.4,2602.7,2606.4,2598.9,,-0.04,-0.00038426068244701295,0.7876580538757629,2596.4,2585.6400000000003,2544.5899999999997,0.06805089428147973,2602.4,-0.00038426068244701295
2017-11-28,2627.0,2605.9,2627.7,2605.4,,0.98,0.009840854924271447,0.8052501374381598,2605.38,2588.35,2547.0966666666664,0.06841029685137648,2627.0,0.0
2017-11-29,2626.1,2627.8,2634.9,2620.3,,-0.03,-0.0003425961172440761,0.8046316657504191,2610.8,2590.89,2549.9016666666666,0.06841522577032243,2627.0,-0.0003425961172440761
2017-11-30,2647.6,2633.9,2657.7,2633.9,,0.82,0.008187045428582396,0.8194062671797762,2620.9,2594.3,2552.936666666667,0.06873813104501068,2647.6,0.0
2017-12-01,2642.2,2645.1,2650.6,2605.5,,-0.2,-0.002039583018582869,0.8156954370533331,2628.8599999999997,2597.42,2555.888333333334,0.06866290035829906,2647.6,-0.002039583018582869
2017-12-04,2639.4,2657.2,2665.2,2639.0,,-0.11,-0.0010597229581408296,0.8137713029136961,2636.46,2600.0,2558.8550000000005,0.06868575056690476,2647.6,-0.0030971445837739697
2017-12-05,2629.6,2639.8,2648.7,2627.7,,-0.37,-0.0037129650678184856,0.807036833424966,2636.98,2601.925,2561.2133333333336,0.06863889105900983,2647.6,-0.0067986100619429335
2017-12-06,2629.3,2626.2,2634.4,2624.8,,-0.01,-0.00011408579251581674,0.8068306761957194,2637.62,2603.8599999999997,2563.4266666666667,0.06859043354948999,2647.6,-0.006911920229641821
2017-12-07,2637.0,2628.4,2641.0,2626.5,,0.29,0.0029285361122730613,0.8121220450797213,2635.5,2605.99,2565.7366666666667,0.0674787798084252,2647.6,-0.004003625925366294
2017-12-08,2651.5,2646.2,2651.7,2644.1,,0.55,0.005498672734167709,0.8220863111599854,2637.3599999999997,2609.335,2568.335,0.0676353950127997,2651.5,0.0
2017-12-11,2660.0,2652.2,2660.3,2651.5,,0.32,0.0032057326041863288,0.8279274326553125,2641.4800000000005,2613.22,2570.9983333333334,0.06747796233031111,2660.0,0.0
2017-12-12,2664.1,2661.7,2669.7,2659.8,,0.15,0.0015413533834585103,0.8307449147883523,2648.38,2617.1850000000004,2573.6683333333335,0.06746044625695197,2664.1,0.0
2017-12-13,2662.8,2667.6,2671.9,2662.8,,-0.05,-0.00048796967080799725,0.8298515667949495,2655.08,2621.38,2576.2699999999995,0.06721418689135164,2664.1,-0.00048796967080799725
2017-12-14,2652.0,2665.9,2668.1,2652.0,,-0.41,-0.004055881027489883,0.8224299065420633,2658.0800000000004,2625.75,2578.6666666666665,0.06680672931787604,2664.1,-0.004541871551368204
2017-12-15,2675.8,2660.6,2679.6,2659.1,,0.9,0.008974358974358942,0.8387850467289792,2662.94,2630.26,2581.586666666667,0.06724728597885954,2675.8,0.0
2017-12-18,2690.2,2685.9,2695.0,2685.9,,0.54,0.005381568129157577,0.8486805937328274,2668.9800000000005,2635.83,2584.72,0.06736798755190757,2690.2,0.0
2017-12-19,2681.5,2692.7,2694.4,2680.7,,-0.32,-0.003233960300349392,0.8427020340846691,2672.46,2640.8,2587.8,0.06747112909820743,2690.2,-0.003233960300349392
2017-12-20,2679.2,2688.2,2691.0,2676.1,,-0.09,-0.0008577288830878826,0.84112149532711,2675.74,2644.8100000000004,2590.8399999999997,0.06742188330420099,2690.2,-0.004088915322280839
2017-12-21,2684.6,2683.0,2692.6,2682.4,,0.2,0.002015527022992014,0.8448323254535532,2682.2599999999998,2649.1850000000004,2593.8,0.06736181592765499,2690.2,-0.002081629618615688
2017-12-22,2683.3,2684.2,2685.3,2678.1,,-0.05,-0.0004842434627131409,0.8439389774601505,2683.7599999999998,2653.23,2596.686666666667,0.06732392700662179,2690.2,-0.0025648650657942307
2017-12-26,2680.5,2679.1,2682.7,2678.0,,-0.1,-0.0010434912234935645,0.842014843320513,2681.8199999999997,2657.185,2599.3716666666664,0.06734389032825898,2690.2,-0.0036056798751021857
2017-12-27,2682.6,2682.1,2685.6,2678.9,,0.08,0.0007834359261331691,0.8434579439252408,2682.04,2659.965,2601.9300000000003,0.06732545580927543,2690.2,-0.002825068768121275
2017-12-28,2687.5,2686.1,2687.7,2682.7,,0.18,0.0018265861477670953,0.8468251786696057,2683.7,2663.0350000000003,2604.4783333333335,0.06671915247125842,2690.2,-0.0010036428518325202
2017-12-29,2673.6,2689.2,2692.1,2673.6,,-0.52,-0.00517209302325583,0.8372732270478354,2681.5,2664.335,2606.7433333333333,0.06697141975995585,2690.2,-0.006170544940896527
2018-01-02,2695.8,2683.7,2695.9,2682.4,,0.83,0.008303411131059368,0.8525288620121017,2684.0,2667.015,2609.1383333333333,0.06718441517954972,2695.8,0.0
2018-01-03,2713.1,2697.8,2714.4,2697.8,,0.64,0.006417390014095803,0.8644172622320023,2690.52,2670.7,2611.8683333333333,0.06697660586451924,2713.1,0.0
2018-01-04,2724.0,2719.3,2729.3,2719.1,,0.4,0.004017544506284443,0.8719076415613043,2698.8,2675.42,2614.8566666666666,0.06686817889406096,2724.0,0.0
2018-01-05,2743.2,2731.3,2743.4,2727.9,,0.7,0.007048458149779613,0.8851017042331017,2709.94,2681.1150000000002,2618.0666666666666,0.06714792376891426,2743.2,0.0
2018-01-08,2747.7,2742.7,2748.5,2737.6,,0.16,0.0016404199475066328,0.8881940626718046,2724.7599999999998,2686.65,2621.275,0.06709647143653358,2747.7,0.0
2018-01-09,2751.3,2751.2,2759.1,2747.9,,0.13,0.0013101867016052093,0.8906679494227672,2735.86,2691.6400000000003,2624.615,0.06695881586642514,2751.3,0.0
2018-01-10,2748.2,2745.6,2750.8,2736.1,,-0.11,-0.0011267400865047073,0.8885376580538829,2742.88,2696.05,2627.865,0.06698137092833603,2751.3,-0.0011267400865047073
2018-01-11,2767.6,2753.0,2767.6,2752.8,,0.71,0.007059165999563355,0.9018691588785119,2751.6,2701.225,2631.365,0.0672452530758223,2767.6,0.0
2018-01-12,2786.2,2770.2,2787.8,2769.6,,0.67,0.00672062436768317,0.9146509070918158,2760.2,2707.395,2635.1449999999995,0.06744098190044663,2786.2,0.0
2018-01-16,2776.4,2799.0,2807.5,2768.6,,-0.35,-0.003517335438949054,0.9079164376030859,2765.94,2713.6150000000002,2638.7300000000005,0.06757227442280193,2786.2,-0.003517335438949054
2018-01-17,2802.6,2785.0,2807.0,2778.4,,0.94,0.009436680593574387,0.9259208356239765,2776.2,2719.955,2642.7383333333332,0.06801614005591149,2802.6,0.0
2018-01-18,2798.0,2802.4,2805.8,2792.6,,-0.16,-0.0016413330478840527,0.9227597581088585,2786.16,2725.3450000000003,2646.4516666666664,0.06805541317247285,2802.6,-0.0016413330478840527
2018-01-19,2810.3,2802.6,2810.3,2798.1,,0.44,0.004395997140814956,0.9312122045079791,2794.7,2731.785,2650.54,0.06800123404183292,2810.3,0.0
2018-01-22,2833.0,2809.2,2833.0,2808.1,,0.81,0.008077429455929819,0.9468114348543231,2804.06,2739.475,2654.9383333333335,0.06833770824278555,2833.0,0.0
2018-01-23,2839.1,2835.1,2842.2,2830.6,,0.22,0.0021531944934698455,0.9510032985156756,2816.6,2747.2,2659.6366666666668,0.06825502376310678,2839.1,0.0
2018-01-24,2837.5,2845.4,2853.0,2824.8,,-0.06,-0.000563558874291159,0.9499037932930257,2823.5800000000004,2754.9100000000003,2664.255,0.0680324352136881,2839.1,-0.000563558874291159
2018-01-25,2839.2,2846.2,2848.6,2830.9,,0.06,0.000599118942731236,0.951072017592091,2831.82,2762.8450000000003,2668.5566666666664,0.06765326814534126,2839.2,0.0
2018-01-26,2872.9,2847.5,2872.9,2846.2,,1.19,0.011869540715694571,0.9742303463441526,2844.34,2772.3599999999997,2673.5583333333334,0.06852562086127469,2872.9,0.0
2018-01-29,2853.5,2867.2,2870.6,2851.5,,-0.68,-0.006752758536670345,0.9608988455195235,2848.44,2780.66,2678.1949999999997,0.06892930153484532,2872.9,-0.006752758536670345
2018-01-30,2822.4,2832.7,2837.8,2818.3,,-1.09,-0.010898896092517929,0.939527212754268,2845.1,2788.1,2682.2450000000003,0.06958937661622629,2872.9,-0.017578057015559145
2018-01-31,2823.8,2832.4,2839.3,2813.0,,0.05,0.0004960317460318553,0.9404892798240867,2842.3599999999997,2794.5,2686.311666666667,0.06956860856135512,2872.9,-0.01709074454384074
2018-02-01,2822.0,2816.4,2836.0,2812.7,,-0.06,-0.0006374389121043267,0.9392523364486056,2838.92,2799.9449999999997,2690.2149999999997,0.06958256577349375,2872.9,-0.01771728915033588
2018-02-02,2762.1,2808.9,2808.9,2760.0,,-2.12,-0.021226080793763313,0.8980896096756532,2816.76,2801.85,2693.065,0.07300233736954295,2872.9,-0.038567301333147785
2018-02-05,2648.9,2741.1,2763.4,2638.2,,-4.1,-0.04098330980051401,0.8202996151731792,2775.8399999999997,2797.1349999999998,2694.036666666667,0.0838324606694357,2872.9,-0.07796999547495564
2018-02-06,2695.1,2614.8,2701.0,2593.1,,1.74,0.01744120200838073,0.8520478284771924,2750.38,2794.505,2695.7149999999997,0.08546739726785806,2872.9,-0.06188868390824609
2018-02-07,2681.7,2690.9,2727.7,2681.3,,-0.5,-0.004971986197172651,0.8428394722375003,2721.96,2791.025,2697.3333333333335,0.08565152016818545,2872.9,-0.06655296042326575
2018-02-08,2581.0,2685.0,2685.3,2580.6,,-3.76,-0.03755080732371252,0.7736393622869779,2673.7599999999998,2782.665,2697.3116666666665,0.09377842758719909,2872.9,-0.10160465035330157
2018-02-09,2619.6,2601.8,2638.7,2532.7,,1.5,0.014955443626501363,0.8001649257834047,2645.2599999999998,2775.265,2697.891666666667,0.09474408853860895,2872.9,-0.08816874934734942
2018-02-12,2656.0,2636.8,2672.6,2622.4,,1.39,0.013895251183386748,0.8251786695986878,2646.68,2768.755,2699.1766666666667,0.09563668127219462,2872.9,-0.07549862508266914
2018-02-13,2662.9,2646.3,2668.8,2637.1,,0.26,0.002597891566264998,0.829920285871365,2640.2400000000002,2763.08,2700.815,0.09554414666135212,2872.9,-0.07309687075777094
2018-02-14,2698.6,2651.2,2702.1,2648.9,,1.34,0.013406436591685722,0.8544529961517389,2643.62,2757.88,2702.6983333333333,0.09634336588158326,2872.9,-0.06067040272894986
2018-02-15,2731.2,2713.5,2731.5,2689.8,,1.21,0.012080337953012554,0.8768554150632286,2673.66,2754.54,2705.2383333333337,0.09692895982021389,2872.9,-0.049322983744648385
2018-02-16,2732.2,2727.1,2754.4,2725.1,,0.04,0.0003661394258933637,0.8775426058273847,2696.18,2750.635,2707.74,0.09691809106708668,2872.9,-0.048974903407706605
2018-02-20,2716.3,2723.0,2737.6,2706.8,,-0.58,-0.005819486128394558,0.8666162726773026,2708.2400000000002,2744.7999999999997,2709.695,0.09712552464848918,2872.9,-0.054509380765080495
2018-02-21,2701.3,2720.5,2747.8,2701.3,,-0.55,-0.00552221772263739,0.8563084112149606,2715.9199999999996,2737.91,2711.4316666666664,0.0971625911000789,2872.9,-0.059730585819207094
2018-02-22,2704.0,2710.4,2731.3,2697.8,,0.1,0.0009995187502314096,0.8581638262781823,2717.0,2731.2349999999997,2713.125,0.09714958115443405,2872.9,-0.05879076890946433
2018-02-23,2747.3,2715.8,2747.8,2713.7,,1.6,0.01601331360946756,0.8879191863661431,2720.2200000000003,2726.6400000000003,2715.556666666667,0.0983716995979258,2872.9,-0.04371889031988585
2018-02-26,2779.6,2757.4,2780.6,2753.8,,1.18,0.011756997779638123,0.910115448048386,2729.7,2721.975,2718.1,0.0989971439827566,2872.9,-0.032475895436666846
2018-02-27,2744.3,2780.4,2789.2,2744.2,,-1.27,-0.012699669017124715,0.8858576140736745,2735.3,2716.5150000000003,2720.07,0.09989308474380652,2872.9,-0.04476313133071108
2018-02-28,2713.8,2753.8,2761.5,2713.5,,-1.11,-0.011113945268374503,0.8648982957669122,2737.8,2711.085,2721.173333333333,0.10052739546565491,2872.9,-0.05537958160743495
2018-03-01,2677.7,2715.2,2730.9,2659.7,,-1.33,-0.013302380425971094,0.8400907091808756,2732.54,2703.78,2721.765,0.10061157905542732,2872.9,-0.06794528177103287
2018-03-02,2691.2,2658.9,2696.2,2647.3,,0.5,0.005041640213616194,0.8493677844969834,2721.3199999999997,2697.2400000000002,2722.628333333333,0.10051289546287971,2872.9,-0.06324619722231906
2018-03-05,2720.9,2681.1,2728.1,2675.8,,1.1,0.011035969084423503,0.8697773501924209,2709.5800000000004,2695.18,2724.15,0.10106309430787552,2872.9,-0.05290821121514844
2018-03-06,2728.1,2730.2,2732.1,2711.3,,0.26,0.0026461832481898817,0.874725123694345,2706.34,2699.1400000000003,2725.7966666666666,0.10101182254721999,2872.9,-0.05040203278916777
2018-03-07,2726.8,2710.2,2730.6,2701.7,,-0.05,-0.0004765221216229687,0.8738317757009422,2708.94,2700.725,2727.2933333333335,0.10095712598325148,2872.9,-0.05085453722719202
2018-03-08,2739.0,2732.8,2740.4,2722.7,,0.45,0.00447410884553312,0.8822155030236467,2721.2,2703.59,2728.7516666666666,0.10099097216418565,2872.9,-0.04660795711650256
2018-03-09,2786.6,2752.9,2786.6,2751.5,,1.74,0.017378605330412578,0.9149257833974787,2740.2799999999997,2713.87,2730.8616666666667,0.10237415970338477,2872.9,-0.030039333078074493
2018-03-12,2783.0,2790.5,2797.0,2779.3,,-0.13,-0.001291896935333381,0.9124518966465165,2752.7,2722.04,2732.8433333333332,0.10235993886796292,2872.9,-0.03129242229106477
2018-03-13,2765.3,2792.3,2801.9,2758.7,,-0.64,-0.006360043118936343,0.900288620120953,2760.1400000000003,2727.505,2734.5516666666667,0.1025996862152208,2872.9,-0.03745344425493402
2018-03-14,2749.5,2774.1,2777.1,2744.4,,-0.57,-0.005713665786713951,0.8894310060472861,2764.68,2731.835,2736.1766666666667,0.10271638964821153,2872.9,-0.04295311357861398
2018-03-15,2747.3,2754.3,2763.0,2741.5,,-0.08,-0.0008001454809964947,0.8879191863661426,2766.34,2734.27,2737.368333333333,0.10242724214562626,2872.9,-0.04371889031988585
2018-03-16,2752.0,2750.6,2761.8,2750.0,,0.17,0.0017107705747461122,0.8911489829576764,2759.42,2735.3100000000004,2738.398333333333,0.10240918667678017,2872.9,-0.042082912736259526
2018-03-19,2712.9,2741.4,2741.4,2694.6,,-1.42,-0.01420784883720927,0.8642798240791718,2745.4,2734.3450000000003,2738.921666666667,0.10345630181870408,2872.9,-0.05569285391068257
2018-03-20,2716.9,2715.1,2724.2,2710.1,,0.15,0.001474436949389979,0.8670285871357963,2735.7200000000003,2734.3750000000005,2739.55,0.10342945012080444,2872.9,-0.05430053256291556
2018-03-21,2711.9,2715.0,2739.1,2709.8,,-0.18,-0.001840332732158001,0.8635926333150157,2728.2,2734.9049999999997,2740.0049999999997,0.10263359530543523,2872.9,-0.05604093424762435
2018-03-22,2643.7,2691.4,2695.7,2641.6,,-2.51,-0.025148419926988574,0.8167262231995673,2707.48,2731.8900000000003,2739.3450000000003,0.10580506990369802,2872.9,-0.07978001322705286
2018-03-23,2588.3,2646.7,2657.7,2585.9,,-2.1,-0.020955479063433646,0.778655854865318,2674.7400000000002,2723.9399999999996,2737.8083333333334,0.1079475482054435,2872.9,-0.09906366389362664
2018-03-26,2658.6,2619.3,2661.4,2601.8,,2.72,0.027160684619248032,0.8269653655854938,2663.88,2717.8900000000003,2737.4083333333333,0.11120345634630863,2872.9,-0.07459361620662053
2018-03-27,2612.6,2667.6,2674.8,2596.1,,-1.73,-0.01730233957722105,0.7953545904343118,2643.02,2711.305,2736.1600000000003,0.11261353528672291,2872.9,-0.09060531170594177
2018-03-28,2605.0,2611.3,2632.7,2593.1,,-0.29,-0.0029089795605909963,0.7901319406267251,2621.6400000000003,2705.8650000000002,2735.016666666667,0.11245606046080077,2872.9,-0.09325072226669917
2018-03-29,2640.9,2614.4,2659.1,2609.7,,1.38,0.013781190019193978,0.8148020890599306,2621.08,2704.0250000000005,2734.101666666667,0.11324554600463403,2872.9,-0.08075463817048978
2018-04-02,2581.9,2633.4,2638.3,2553.8,,-2.23,-0.022340868643265566,0.7742578339747188,2619.8,2698.56,2731.915,0.11549097141608862,2872.9,-0.10129137805005395
2018-04-03,2614.4,2592.2,2619.1,2575.5,,1.26,0.012587629265269795,0.7965915338097931,2610.96,2693.2349999999997,2730.088333333333,0.11610386868442343,2872.9,-0.08997876709944652
2018-04-04,2644.7,2584.0,2649.9,2573.6,,1.16,0.011589657282741639,0.8174134139637237,2617.38,2689.065,2728.446666666667,0.11661961445957184,2872.9,-0.07943193289011108
2018-04-05,2662.8,2657.4,2672.1,2649.6,,0.68,0.006843876432109708,0.82985156679495,2628.94,2685.865,2727.0316666666668,0.11679302917785513,2872.9,-0.07313167879146498
2018-04-06,2604.5,2645.8,2656.9,2586.3,,-2.19,-0.021894246657653715,0.7897883452446472,2621.6600000000003,2679.1400000000003,2724.585,0.11886954113993836,2872.9,-0.09342476243517006
2018-04-09,2613.2,2617.2,2653.6,2610.8,,0.33,0.0033403724323286532,0.7957669048928055,2627.92,2670.4700000000003,2722.335,0.11889543905248413,2872.9,-0.09039646350377673
2018-04-10,2656.9,2638.4,2665.4,2635.8,,1.67,0.016722791979182805,0.8257971412864289,2636.4199999999996,2664.165,2720.49,0.11999802383212842,2872.9,-0.07518535277942151
2018-04-11,2642.2,2643.9,2661.4,2639.2,,-0.55,-0.005532763747224334,0.8156954370533336,2635.92,2658.01,2718.0900000000006,0.12014966633655035,2872.9,-0.08030213373246553
2018-04-12,2664.0,2653.8,2674.7,2653.8,,0.83,0.008250700174097458,0.8306761957119375,2636.16,2653.735,2716.2166666666667,0.12038458325820023,2872.9,-0.072713982387135
2018-04-13,2656.3,2676.9,2680.3,2645.1,,-0.29,-0.002890390390390296,0.8253848268279356,2646.5199999999995,2649.185,2713.7783333333336,0.1203559225662295,2872.9,-0.07539420098158656
2018-04-16,2677.8,2670.1,2686.5,2665.2,,0.81,0.00809396529006512,0.8401594282572924,2659.44,2645.475,2711.775,0.12036612238029964,2872.9,-0.0679104737373385
2018-04-17,2706.4,2692.7,2713.3,2692.1,,1.07,0.01068040929120917,0.8598130841121578,2669.3399999999997,2645.15,2710.0433333333335,0.12052106669919707,2872.9,-0.057955376100804035
2018-04-18,2708.6,2710.1,2717.5,2703.6,,0.08,0.000812887969257936,0.8613249037933011,2682.62,2644.7349999999997,2707.97,0.12047041961567886,2872.9,-0.05718959935953227
2018-04-19,2693.1,2701.2,2702.8,2681.9,,-0.57,-0.005722513475596269,0.850673446948881,2688.44,2643.795,2705.5366666666664,0.12061463764183164,2872.9,-0.06258484458212965
2018-04-20,2670.1,2692.6,2693.9,2660.6,,-0.85,-0.008540343841669462,0.83486805937329,2691.2,2645.115,2702.7466666666664,0.12075693498335059,2872.9,-0.07059069233179027
2018-04-23,2670.3,2675.4,2682.9,2658.0,,0.01,7.490356166450773e-05,0.8350054975261214,2689.7,2649.215,2699.9316666666664,0.12070552019182258,2872.9,-0.07052107626440174
2018-04-24,2634.6,2680.8,2683.6,2617.3,,-1.34,-0.013369284350073118,0.8104727872457473,2675.34,2648.015,2695.96,0.1210569188981551,2872.9,-0.08294754429322293
2018-04-25,2639.4,2634.9,2645.3,2612.7,,0.18,0.0018219084491004622,0.8137713029136968,2661.5,2649.355,2692.391666666667,0.12093334185522511,2872.9,-0.08127675867590245
2018-04-26,2666.9,2651.7,2676.5,2647.2,,1.04,0.010419034629082446,0.8326690489279907,2656.2599999999998,2652.45,2689.8,0.12134168553673823,2872.9,-0.07170454941000381
2018-04-27,2669.9,2675.5,2677.3,2659.0,,0.11,0.0011249015711125576,0.834730621220459,2656.2200000000003,2653.9,2687.235,0.12134340472201842,2872.9,-0.07066030839917847
2018-04-30,2648.1,2675.1,2682.9,2648.0,,-0.82,-0.00816509981647262,0.8197498625618551,2651.7799999999997,2657.21,2684.336666666667,0.12162720743144222,2872.9,-0.07824845974450911
2018-05-01,2654.8,2643.6,2655.3,2625.4,,0.25,0.002530115932178001,0.8243540406817016,2655.82,2659.23,2682.548333333333,0.12163842726465936,2872.9,-0.07591632148699912
2018-05-02,2635.7,2654.2,2660.9,2631.7,,-0.72,-0.007194515594395212,0.8112286970863192,2655.08,2658.7799999999997,2682.3283333333334,0.12187575162638806,2872.9,-0.082564655922587
2018-05-03,2629.7,2628.1,2637.1,2594.6,,-0.23,-0.002276435102629315,0.8071055525013824,2647.6400000000003,2657.125,2681.2383333333332,0.12189351473953222,2872.9,-0.08465313794423768
2018-05-04,2663.4,2621.4,2670.9,2615.3,,1.28,0.012815150017112309,0.8302638812534442,2646.3399999999997,2660.07,2680.9333333333334,0.12252286374839978,2872.9,-0.07292283058930005
2018-05-07,2672.6,2669.4,2683.3,2664.7,,0.35,0.003454231433505983,0.8365860362836806,2651.2400000000002,2663.04,2682.46,0.12250526789687338,2872.9,-0.06972049148943582
2018-05-08,2671.9,2670.3,2676.3,2655.2,,-0.03,-0.0002619172341539189,0.8361050027487715,2654.66,2663.79,2683.3316666666665,0.12250667998482566,2872.9,-0.06996414772529502
2018-05-09,2697.8,2678.1,2701.3,2674.1,,0.97,0.009693476552266267,0.8539032435404155,2667.0800000000004,2666.57,2684.0283333333336,0.12284473152408666,2872.9,-0.060948866998503215
2018-05-10,2723.1,2705.0,2726.1,2704.5,,0.94,0.009378011713247814,0.8712891698735656,2685.7599999999998,2669.525,2685.031666666667,0.1231637346377884,2872.9,-0.052142434473876675
2018-05-11,2727.7,2722.7,2732.9,2717.4,,0.17,0.0016892512210349153,0.8744502473886839,2698.62,2673.0950000000003,2685.516666666667,0.12313925374639785,2872.9,-0.05054126492394451
2018-05-14,2730.1,2733.4,2742.1,2725.5,,0.09,0.0008798621549290786,0.8760995052226588,2710.12,2675.71,2685.4983333333334,0.12312315740192047,2872.9,-0.04970587211528432
2018-05-15,2711.4,2718.6,2718.6,2701.9,,-0.68,-0.0068495659499651085,0.8632490379329392,2718.02,2675.96,2685.1516666666666,0.12327222090707404,2872.9,-0.05621497441609524
2018-05-16,2722.5,2712.6,2727.8,2712.2,,0.41,0.004093826067714135,0.8708768554150723,2722.96,2676.6549999999997,2685.2549999999997,0.12331849147959908,2872.9,-0.05235128267604161
2018-05-17,2720.1,2719.7,2732.0,2711.4,,-0.09,-0.0008815426997245135,0.8692275975810977,2722.3599999999997,2678.005,2685.5683333333336,0.12188497414775892,2872.9,-0.053186675484701906
2018-05-18,2713.0,2717.3,2719.5,2709.2,,-0.26,-0.002610198154479604,0.8643485431555891,2719.4199999999996,2680.15,2685.7183333333332,0.12188732595868988,2872.9,-0.055658045876988416
2018-05-21,2733.0,2725.9,2739.2,2725.7,,0.74,0.007371913011426479,0.8780923584387117,2720.0,2683.285,2685.48,0.12191987120973931,2872.9,-0.048696439138153136
2018-05-22,2724.4,2738.3,2742.2,2721.9,,-0.31,-0.003146725210391499,0.8721825178669689,2722.6,2687.775,2684.56,0.12188909479562567,2872.9,-0.051689930035852316
2018-05-23,2733.3,2714.0,2733.3,2709.5,,0.33,0.0032667743356336043,0.8782985156679586,2724.7599999999998,2692.4700000000003,2684.3766666666666,0.1219127110447756,2872.9,-0.04859201503707056
2018-05-24,2727.8,2730.9,2732.0,2707.4,,-0.2,-0.002012219661215342,0.8745189664650999,2726.3,2695.515,2684.61,0.1219236654354913,2872.9,-0.05050645689025024
2018-05-25,2721.3,2723.6,2727.4,2715.0,,-0.24,-0.0023828726446220028,0.870052226498085,2727.96,2698.085,2685.3366666666666,0.121894586516448,2872.9,-0.0527689790803717
2018-05-29,2689.9,2705.1,2710.7,2676.8,,-1.15,-0.011538602873626624,0.8484744365035823,2719.34,2700.175,2685.3150000000005,0.1224878501604095,2872.9,-0.0636987016603432
2018-05-30,2724.0,2702.4,2729.3,2702.4,,1.27,0.012677051191493982,0.8719076415613063,2719.2599999999998,2703.635,2685.366666666667,0.12308407319390292,2872.9,-0.05182916217062905
2018-05-31,2705.3,2721.0,2722.5,2700.7,,-0.69,-0.006864904552129181,0.8590571742715867,2713.6600000000003,2707.1150000000002,2684.9866666666667,0.1233013129420039,2872.9,-0.05833826447143997
2018-06-01,2734.6,2718.7,2736.9,2718.7,,1.08,0.010830591801278766,0.8791918636613609,2715.02,2712.36,2685.116666666667,0.12353126517259855,2872.9,-0.04813951059904631
2018-06-04,2746.9,2741.7,2749.2,2740.5,,0.45,0.004497915600087721,0.8876443100604814,2720.1400000000003,2716.535,2685.2483333333334,0.1235545064521289,2872.9,-0.043858122454662585
2018-06-05,2748.8,2748.5,2752.6,2739.5,,0.07,0.0006916888128436494,0.8889499725123782,2731.9199999999996,2720.3450000000003,2684.618333333333,0.12354240389208956,2872.9,-0.04319676981447318
2018-06-06,2772.3,2753.2,2772.4,2748.5,,0.85,0.008549185098952305,0.9050989554700473,2741.58,2725.3650000000002,2684.44,0.12375848959627897,2872.9,-0.03501688189634167
2018-06-07,2770.4,2774.8,2779.9,2760.2,,-0.07,-0.0006853515131840515,0.9037932930181505,2754.6,2728.995,2684.525,0.12376051151569778,2872.9,-0.03567823453653107
2018-06-08,2779.0,2765.8,2779.4,2763.6,,0.31,0.0031042448743863194,0.9097031335898931,2763.48,2731.79,2685.016666666667,0.12378666163879129,2872.9,-0.03268474363883189
2018-06-11,2782.0,2780.2,2790.2,2780.2,,0.11,0.0010795250089961073,0.9117647058823617,2770.5,2734.505,2685.5950000000003,0.12378000226048125,2872.9,-0.03164050262800655
2018-06-12,2786.8,2785.6,2789.8,2778.8,,0.17,0.0017253774263121802,0.9150632215503114,2778.1000000000004,2737.34,2686.175,0.12377558800869987,2872.9,-0.02996971701068607
2018-06-13,2775.6,2787.9,2791.5,2774.7,,-0.4,-0.004018946461891826,0.9073666849917625,2778.7599999999998,2740.55,2687.22,0.12379797402256464,2872.9,-0.03386821678443386
2018-06-14,2782.5,2783.2,2789.1,2776.5,,0.25,0.00248594898400345,0.9121083012644398,2781.1800000000003,2743.55,2688.313333333333,0.12380368122700057,2872.9,-0.03146646245953566
2018-06-15,2779.7,2777.8,2782.8,2761.7,,-0.1,-0.0010062893081761448,0.9101841671248025,2781.32,2746.53,2689.4433333333336,0.12378242506084282,2872.9,-0.03244108740297269
2018-06-18,2773.8,2765.8,2775.0,2757.1,,-0.21,-0.0021225312084036663,0.9061297416162817,2779.6800000000003,2749.57,2691.611666666666,0.12381121184098763,2872.9,-0.034494761390928996
2018-06-19,2762.6,2752.0,2765.1,2743.2,,-0.4,-0.004037782103972987,0.8984332050577328,2774.8399999999997,2751.05,2694.516666666667,0.1236477982671685,2872.9,-0.038393261164676895
2018-06-20,2767.3,2769.7,2774.9,2763.9,,0.17,0.001701295880692122,0.9016630016492666,2773.18,2753.195,2696.328333333333,0.1234403130874338,2872.9,-0.03675728358105046
2018-06-21,2749.8,2769.3,2769.3,2744.4,,-0.63,-0.006323853575687544,0.8896371632765341,2766.6400000000003,2754.02,2698.615,0.1236259377496149,2872.9,-0.0428486894775314
2018-06-22,2754.9,2760.8,2764.2,2752.7,,0.19,0.0018546803403882706,0.8931418361737302,2761.6800000000003,2755.3750000000005,2701.1133333333332,0.12362940180150579,2872.9,-0.04107347975912845
2018-06-25,2717.1,2742.9,2742.9,2698.7,,-1.37,-0.01372100620712191,0.8671660252886284,2750.34,2755.165,2702.383333333333,0.12444219659434101,2872.9,-0.05423091649552725
2018-06-26,2723.1,2722.1,2732.9,2715.6,,0.22,0.002208236722976764,0.8712891698735654,2742.44,2756.825,2704.7366666666667,0.12445439059482814,2872.9,-0.052142434473876675
2018-06-27,2699.6,2728.4,2746.1,2699.4,,-0.86,-0.008629870368330184,0.8551401869158963,2728.9,2755.605,2706.1566666666668,0.12449374064924804,2872.9,-0.06032232239200819
2018-06-28,2716.3,2698.7,2724.3,2692.0,,0.62,0.006186101644688247,0.8666162726773041,2722.2,2756.155,2707.35,0.12434515032703257,2872.9,-0.054509380765080495
2018-06-29,2718.4,2727.1,2743.3,2718.0,,0.08,0.0007731104811692369,0.8680593732820321,2714.9,2755.3450000000003,2708.2766666666666,0.12401236384005845,2872.9,-0.05377841205750289
2018-07-02,2726.7,2704.9,2727.3,2698.9,,0.31,0.0030532666274278863,0.873763056624528,2716.82,2754.335,2710.3133333333335,0.12403451792234141,2872.9,-0.05088934526088629
2018-07-03,2713.2,2733.3,2736.6,2711.2,,-0.5,-0.004951039718340877,0.8644859813084202,2714.84,2752.555,2711.98,0.12414053290674841,2872.9,-0.055588429809600104
2018-07-05,2736.6,2724.2,2737.8,2716.0,,0.86,0.008624502432551973,0.8805662451896739,2722.24,2750.77,2713.3083333333334,0.12440451438542828,2872.9,-0.04744334992516275
2018-07-06,2759.8,2737.7,2764.4,2733.5,,0.85,0.00847767302492164,0.8965090709180965,2730.94,2750.24,2715.268333333333,0.12426634026008813,2872.9,-0.0393678861081137
2018-07-09,2784.2,2768.5,2784.7,2768.5,,0.88,0.008841220378288162,0.913276525563506,2744.0999999999995,2750.5,2717.2716666666665,0.12440569078277271,2872.9,-0.03087472588673479
2018-07-10,2793.8,2788.6,2795.6,2786.2,,0.34,0.0034480281588966655,0.919873556899405,2757.52,2751.0899999999997,2719.563333333333,0.12443836851656867,2872.9,-0.027533154652093716
2018-07-11,2774.0,2779.8,2785.9,2770.8,,-0.71,-0.0070871214832844975,0.9062671797691133,2769.6800000000003,2750.45,2721.1666666666665,0.12466761933851306,2872.9,-0.034425145323540685
2018-07-12,2798.3,2783.1,2799.2,2781.5,,0.88,0.008759913482335957,0.9229659153381073,2782.02,2751.585,2722.6983333333333,0.12475547213497781,2872.9,-0.025966793135855704
2018-07-13,2801.3,2796.9,2804.5,2791.7,,0.11,0.001072079476825305,0.925027487630576,2790.32,2752.525,2724.2433333333333,0.12474953866739208,2872.9,-0.024922552125030473
2018-07-16,2798.4,2801.4,2803.7,2793.4,,-0.1,-0.0010352336415235808,0.9230346344145233,2793.1600000000003,2753.46,2725.9983333333334,0.12469062822732808,2872.9,-0.025931985102161548
2018-07-17,2809.6,2789.3,2814.2,2789.2,,0.4,0.004002287021154904,0.9307311709730719,2796.32,2755.25,2728.3233333333333,0.12473693983207572,2872.9,-0.02203348532841387
2018-07-18,2815.6,2811.3,2816.8,2805.9,,0.21,0.002135535307516978,0.9348543155580085,2804.6400000000003,2757.9,2730.7450000000003,0.12474688405045822,2872.9,-0.019945003306763298
2018-07-19,2804.5,2809.4,2812.1,2799.8,,-0.39,-0.0039423213524648615,0.9272264980758753,2805.88,2759.76,2733.576666666667,0.12473462272069283,2872.9,-0.02380869504681682
2018-07-20,2801.8,2804.6,2809.7,2800.0,,-0.1,-0.0009627384560526586,0.925371083012654,2805.98,2762.3599999999997,2736.2833333333333,0.12474164770266613,2872.9,-0.024748511956559582
2018-07-23,2807.0,2799.2,2808.6,2795.1,,0.19,0.0018559497465913122,0.9289444749862656,2807.7,2764.9649999999997,2738.618333333333,0.12474550416246832,2872.9,-0.022938494204462367
2018-07-24,2820.4,2820.7,2830.0,2811.1,,0.48,0.004773779836124037,0.9381528312259579,2809.8599999999997,2770.13,2741.1266666666666,0.12480713936944443,2872.9,-0.018274217689442707
2018-07-25,2846.1,2817.7,2848.0,2817.7,,0.91,0.009112182669124946,0.9558136338647705,2815.96,2776.2799999999997,2744.4266666666663,0.12507821645739223,2872.9,-0.009328553030039433
2018-07-26,2837.4,2835.5,2845.6,2835.3,,-0.31,-0.003056814588384027,0.9498350742166122,2822.54,2783.17,2747.4700000000003,0.12513081759436456,2872.9,-0.012356851961432658
2018-07-27,2818.8,2842.3,2843.2,2808.3,,-0.66,-0.006555297102981528,0.9370533260033083,2825.94,2788.295,2750.5216666666665,0.12532430671952086,2872.9,-0.018831146228549533
2018-07-30,2802.6,2819.0,2821.7,2798.1,,-0.57,-0.005747126436781658,0.9259208356239788,2825.06,2792.505,2753.4033333333336,0.1254684345241671,2872.9,-0.024470047687006224
2018-07-31,2816.3,2809.7,2824.5,2808.1,,0.49,0.004888317990437541,0.9353353490929179,2824.2400000000002,2796.9849999999997,2755.951666666667,0.12553760804988356,2872.9,-0.019701347070903985
2018-08-01,2813.4,2821.2,2825.8,2805.8,,-0.1,-0.0010297198451869605,0.933342495876865,2817.7,2801.995,2758.298333333333,0.12553332670874584,2872.9,-0.02071078004803506
2018-08-02,2827.2,2800.5,2829.9,2796.3,,0.49,0.004905097035615258,0.9428257284222197,2815.6600000000003,2806.525,2760.8866666666668,0.12560926601176411,2872.9,-0.015907271398238776
2018-08-03,2840.3,2829.6,2840.4,2827.4,,0.46,0.004633559705716106,0.9518279274326653,2819.96,2810.55,2763.2616666666663,0.12564510376895496,2872.9,-0.011347418984301583
2018-08-06,2850.4,2840.3,2853.3,2836.0,,0.36,0.0035559623983381083,0.9587685541506421,2829.5200000000004,2813.8599999999997,2765.383333333333,0.1256738541552909,2872.9,-0.007831807581189731
2018-08-07,2858.4,2855.9,2863.4,2855.9,,0.28,0.002806623631770977,0.9642660802638912,2837.94,2817.09,2767.561666666667,0.12568893337103318,2872.9,-0.005047164885655597
2018-08-08,2857.7,2856.8,2862.4,2853.1,,-0.02,-0.0002448922474111992,0.9637850467289817,2846.8,2821.275,2769.688333333333,0.12565542610095304,2872.9,-0.00529082112151491
2018-08-09,2853.6,2857.2,2862.5,2852.0,,-0.14,-0.001434720229555153,0.9609675645959417,2852.08,2824.04,2772.0583333333334,0.12566825636923837,2872.9,-0.006717950502976189
2018-08-10,2833.3,2839.6,2842.2,2825.8,,-0.71,-0.00711382113821124,0.9470175920835724,2850.6800000000003,2825.6400000000003,2773.905,0.12499615953963036,2872.9,-0.013783981342893936
2018-08-13,2821.9,2835.5,2843.4,2819.9,,-0.4,-0.004023576747961721,0.9391836173721926,2844.98,2826.815,2775.601666666667,0.12508088364744846,2872.9,-0.017752097184030036
2018-08-14,2840.0,2827.9,2843.1,2826.6,,0.64,0.006414118147347603,0.9516217702034186,2841.3,2828.335,2777.7183333333332,0.12485901220861782,2872.9,-0.011451843085384161
2018-08-15,2818.4,2827.9,2827.9,2802.5,,-0.76,-0.007605633802816869,0.9367784496976463,2833.44,2828.475,2779.141666666667,0.12512341609648386,2872.9,-0.018970378363326268
2018-08-16,2840.7,2831.4,2850.5,2831.4,,0.79,0.007912290661368004,0.9521028037383279,2830.8599999999997,2830.285,2781.0800000000004,0.12533628200731176,2872.9,-0.01120818684952496
2018-08-17,2850.1,2838.3,2855.6,2833.7,,0.33,0.003309043545604906,0.9585623969213954,2834.2200000000003,2832.7,2783.026666666666,0.12432756714145553,2872.9,-0.00793623168227231
2018-08-20,2857.1,2853.9,2859.8,2850.6,,0.25,0.0024560541735376695,0.9633727322704881,2841.2599999999998,2835.2050000000004,2785.1816666666664,0.1243155240202275,2872.9,-0.0054996693236799565
2018-08-21,2863.0,2861.5,2873.2,2861.3,,0.21,0.0020650309754646212,0.9674271577790092,2845.8599999999997,2837.335,2787.5433333333335,0.12432234335655189,2872.9,-0.0034459953357235396
2018-08-22,2861.8,2861.0,2867.5,2856.1,,-0.04,-0.00041914076143900747,0.9666025288620219,2854.54,2838.12,2790.4083333333333,0.12398033771532063,2872.9,-0.003863691740053521
2018-08-23,2857.0,2860.3,2868.8,2854.0,,-0.17,-0.0016772660563282304,0.9633040131940724,2857.8,2839.1,2792.625,0.12393371517876087,2872.9,-0.005534477357374112
2018-08-24,2874.7,2862.3,2876.2,2862.3,,0.62,0.006195309765488322,0.9754672897196361,2862.7200000000003,2841.8949999999995,2795.4483333333333,0.12402768404363457,2874.7,0.0
2018-08-27,2896.7,2884.7,2898.2,2884.7,,0.77,0.007652972484085252,0.990585486531071,2870.6400000000003,2846.6,2798.15,0.12421955602241302,2896.7,0.0
2018-08-28,2897.5,2901.4,2903.8,2893.5,,0.03,0.0002761763385923377,0.9911352391423962,2877.54,2850.66,2800.6600000000003,0.12422003882016085,2897.5,0.0
2018-08-29,2914.0,2900.6,2916.5,2898.4,,0.57,0.005694564279551395,1.0024738867509724,2887.9800000000005,2855.69,2803.4133333333334,0.124320094742706,2914.0,0.0
2018-08-30,2901.1,2908.9,2912.5,2895.2,,-0.44,-0.004426904598490045,0.9936091258933584,2896.8,2859.3849999999998,2805.56,0.12436473133583668,2914.0,-0.004426904598490045
2018-08-31,2901.5,2898.4,2906.3,2891.7,,0.01,0.00013787873565207498,0.993884002199021,2902.16,2862.445,2807.7450000000003,0.12426255723541517,2914.0,-0.004289636238846928
2018-09-04,2896.7,2897.0,2900.2,2885.1,,-0.17,-0.0016543167327245367,0.9905854865310713,2902.16,2864.7599999999998,2809.7066666666665,0.12427712532770994,2914.0,-0.005936856554564218
2018-09-05,2888.6,2891.6,2894.2,2876.9,,-0.28,-0.002796285428245948,0.9850192413414065,2900.3799999999997,2866.27,2811.483333333333,0.1240500917452093,2914.0,-0.008716540837336972
2018-09-06,2878.1,2888.6,2892.1,2867.3,,-0.36,-0.0036349788825036367,0.9778037383177671,2893.2,2867.29,2813.005,0.12409988942995046,2914.0,-0.012319835277968427
2018-09-07,2871.7,2868.3,2883.8,2864.1,,-0.22,-0.0022236892394288388,0.9734057174271677,2887.32,2868.1949999999997,2814.6066666666666,0.12413046724542084,2914.0,-0.014516129032258074
2018-09-10,2877.1,2881.4,2886.9,2875.9,,0.19,0.00188041926385063,0.9771165475536108,2882.44,2870.3849999999998,2816.1833333333334,0.124118060132314,2914.0,-0.012663006177076164
2018-09-11,2887.9,2871.6,2892.5,2866.8,,0.38,0.003753779847763372,0.984538207806497,2880.68,2873.685,2817.986666666666,0.12373504883932497,2914.0,-0.008956760466712343
2018-09-12,2888.9,2888.3,2894.7,2879.2,,0.03,0.00034627237785245235,0.9852253985706532,2880.74,2876.13,2819.905,0.12370443206153284,2914.0,-0.008613589567604607
2018-09-13,2904.2,2896.8,2906.8,2896.4,,0.53,0.00529613347640967,0.995739417262242,2885.96,2880.4199999999996,2822.265,0.1237930929307524,2914.0,-0.0033630748112560838
2018-09-14,2905.0,2906.4,2908.3,2895.8,,0.03,0.00027546312237447523,0.996289169873567,2892.62,2883.6349999999998,2824.56,0.12378116556447699,2914.0,-0.00308853809196985
2018-09-17,2888.8,2903.8,2904.7,2886.2,,-0.56,-0.005576592082616072,0.9851566794942379,2894.96,2885.57,2826.8766666666666,0.12393065128270858,2914.0,-0.008647906657515358
2018-09-18,2904.3,2890.7,2911.2,2890.4,,0.54,0.005365549709221762,0.995808136338658,2898.2400000000002,2887.9300000000003,2829.366666666667,0.12401910596963708,2914.0,-0.0033287577213452213
2018-09-19,2907.9,2906.6,2912.4,2903.8,,0.12,0.0012395413696932867,0.9982820230896201,2902.04,2890.175,2832.5466666666666,0.12401965506235473,2914.0,-0.0020933424845572812
2018-09-20,2930.8,2919.7,2934.8,2919.7,,0.79,0.007875098868599384,1.0140186915887957,2907.3599999999997,2893.625,2836.008333333333,0.12423168298654597,2930.8,0.0
2018-09-21,2929.7,2936.8,2940.9,2927.1,,-0.04,-0.0003753241435786592,1.0132627817482236,2912.3,2897.2599999999998,2839.8433333333332,0.12418111040333472,2930.8,-0.0003753241435786592
2018-09-24,2919.4,2921.8,2923.8,2912.6,,-0.35,-0.0035157183329350694,1.0061847168774154,2918.42,2899.495,2843.228333333333,0.12425127485835492,2930.8,-0.003889722942541307
2018-09-25,2915.6,2921.8,2923.9,2913.7,,-0.13,-0.001301637322737581,1.0035733919736218,2920.68,2900.4399999999996,2846.515,0.12423392972989304,2930.8,-0.005186297256721817
2018-09-26,2906.0,2917.0,2931.2,2903.3,,-0.33,-0.0032926327342570616,0.9969763606377231,2920.3,2900.865,2849.503333333333,0.12429494584241305,2930.8,-0.008461853418861853
2018-09-27,2914.0,2911.7,2927.2,2909.3,,0.28,0.002752924982794225,1.0024738867509724,2916.94,2900.865,2852.85,0.12426493276311314,2930.8,-0.005732223283745119
2018-09-28,2914.0,2910.0,2920.5,2907.5,,0.0,0.0,1.0024738867509724,2913.8,2901.5099999999998,2855.8066666666664,0.12426500411741088,2930.8,-0.005732223283745119
2018-10-01,2924.6,2926.3,2937.1,2917.9,,0.36,0.0036376115305420953,1.009758108851027,2914.84,2902.665,2858.5533333333337,0.12426334355035401,2930.8,-0.0021154633547155743
2018-10-02,2923.4,2923.8,2931.4,2919.4,,-0.04,-0.00041031252137035956,1.00893347993404,2916.4,2904.0,2860.8733333333334,0.12422527825460393,2930.8,-0.00252490787498294
2018-10-03,2925.5,2931.7,2939.9,2921.4,,0.07,0.0007183416569747081,1.0103765805387677,2920.3,2905.845,2863.0683333333336,0.12421534834281273,2930.8,-0.0018083799645148835
2018-10-04,2901.6,2919.3,2919.8,2883.9,,-0.82,-0.008169543667749135,0.993952721275436,2917.8199999999997,2907.02,2865.195,0.12452278061865679,2930.8,-0.009963149993176046
2018-10-05,2885.6,2902.5,2909.6,2869.3,,-0.55,-0.005514199062586211,0.9829576690489377,2912.14,2907.715,2866.65,0.12456430795207028,2930.8,-0.015422410263409403
2018-10-08,2884.4,2877.5,2889.4,2862.1,,-0.04,-0.0004158580537841905,0.9821330401319506,2904.1,2908.0800000000004,2868.0350000000003,0.1245573001474336,2930.8,-0.01583185478367688
2018-10-09,2880.3,2882.5,2894.8,2874.3,,-0.14,-0.00142143946748019,0.9793155579989106,2895.48,2907.7,2869.4,0.12455071016710613,2930.8,-0.017230790227924064
2018-10-10,2785.7,2873.9,2874.0,2784.9,,-3.28,-0.032843800992952255,0.91430731170974,2867.5199999999995,2902.54,2869.0016666666666,0.1289281366410062,2930.8,-0.049508666575679094
2018-10-11,2728.4,2776.9,2795.1,2710.5,,-2.06,-0.020569336253006276,0.8749312809235938,2832.88,2893.75,2867.548333333333,0.13061085253749724,2930.8,-0.0690596424184523
2018-10-12,2767.1,2770.5,2775.8,2729.4,,1.42,0.014184137223280935,0.9015255634964361,2809.1800000000003,2886.8550000000005,2866.925,0.13133150865597734,2930.8,-0.05585505663982537
2018-10-15,2750.8,2763.8,2776.0,2749.0,,-0.59,-0.0058906436341295,0.8903243540406913,2782.46,2879.955,2866.075,0.13147880025002323,2930.8,-0.061416678040125516
2018-10-16,2809.9,2767.1,2813.5,2766.9,,2.15,0.021484659008288443,0.9309373282023188,2768.38,2875.2349999999997,2866.123333333334,0.13316329270190078,2930.8,-0.041251535416951035
2018-10-17,2809.2,2811.7,2816.9,2781.8,,-0.02,-0.00024911918573622405,0.9304562946674093,2773.0800000000004,2870.3,2865.9366666666665,0.13316458191798752,2930.8,-0.04149037805377387
2018-10-18,2768.8,2802.0,2806.0,2755.2,,-1.44,-0.014381318524846809,0.9026937877955017,2781.16,2862.2,2864.6483333333335,0.13398239907074172,2930.8,-0.05527501023611303
2018-10-19,2767.8,2775.7,2797.8,2760.3,,-0.04,-0.00036116729268997894,0.9020065970313456,2781.3,2854.1050000000005,2863.4883333333332,0.13398425606048464,2930.8,-0.05561621400300254
2018-10-22,2755.9,2773.9,2778.9,2749.2,,-0.43,-0.0042994436014163195,0.8938290269378875,2782.32,2845.9300000000003,2862.44,0.1339783844087772,2930.8,-0.05967653882898871
2018-10-23,2740.7,2721.0,2753.6,2691.4,,-0.55,-0.005515439602307826,0.8833837273227141,2768.4800000000005,2837.1850000000004,2861.4083333333333,0.13403708383521745,2930.8,-0.06486283608571053
2018-10-24,2656.1,2737.9,2742.6,2651.9,,-3.09,-0.030868026416608907,0.8252473886751053,2737.8599999999997,2824.69,2858.7383333333337,0.13760551566821005,2930.8,-0.09372867476456948
2018-10-25,2705.6,2674.9,2722.7,2667.8,,1.86,0.01863634652309787,0.859263331500834,2725.2200000000003,2814.27,2856.9416666666666,0.1387528082782248,2930.8,-0.07683908830353492
2018-10-26,2658.7,2667.9,2692.4,2628.2,,-1.73,-0.017334417504435318,0.8270340846619113,2703.4,2801.505,2854.133333333333,0.13986013411746653,2930.8,-0.09284154497065655
2018-10-29,2641.2,2682.7,2706.8,2603.5,,-0.66,-0.0065821642155941,0.815008246289179,2680.46,2787.335,2850.8150000000005,0.13979779871650191,2930.8,-0.0988126108912244
2018-10-30,2682.6,2640.7,2685.4,2635.3,,1.57,0.015674693321217736,0.8434579439252432,2668.8399999999997,2775.295,2848.018333333333,0.14061776641103788,2930.8,-0.0846867749419955
2018-10-31,2711.7,2705.6,2736.7,2705.6,,1.08,0.010847685081637248,0.8634551951621867,2679.96,2764.6050000000005,2845.5733333333333,0.14101805465830997,2930.8,-0.0747577453255085
2018-11-01,2740.4,2717.6,2741.7,2708.8,,1.06,0.01058376664085281,0.8831775700934681,2686.9199999999996,2756.5449999999996,2843.6183333333333,0.14139050543218248,2930.8,-0.06496519721577731
2018-11-02,2723.1,2745.4,2756.6,2700.4,,-0.63,-0.006312947015034376,0.8712891698735667,2699.7999999999997,2748.42,2841.4433333333336,0.14154410475484158,2930.8,-0.07086802238296719
2018-11-05,2738.3,2726.4,2744.3,2717.9,,0.56,0.005581873599941334,0.8817344694887401,2719.2200000000003,2741.115,2839.8599999999997,0.14161591947734106,2930.8,-0.06568172512624537
2018-11-06,2755.4,2738.4,2756.8,2737.1,,0.62,0.0062447503925793235,0.8934854315558101,2733.7799999999997,2734.87,2838.7516666666666,0.14173867903877382,2930.8,-0.059847140712433466
2018-11-07,2813.9,2774.1,2815.2,2774.1,,2.12,0.02123103723597297,0.9336860912589438,2754.2200000000003,2736.2799999999997,2838.3166666666666,0.14327708947217263,2930.8,-0.03988672034939267
2018-11-08,2806.8,2806.4,2814.8,2795.0,,-0.25,-0.002523188457301262,0.9288070368334351,2767.5000000000005,2740.2,2838.1233333333334,0.1433019495911158,2930.8,-0.04230926709430871
2018-11-09,2781.0,2794.1,2794.1,2764.2,,-0.92,-0.009191962377084306,0.9110775151182067,2779.0800000000004,2740.8949999999995,2837.128333333333,0.1435607009899139,2930.8,-0.05111232428006007
2018-11-12,2726.2,2773.9,2776.0,2722.0,,-1.97,-0.01970514203523921,0.8734194612424504,2776.66,2739.665,2835.0633333333335,0.14494771145949567,2930.8,-0.06981029070560951
2018-11-13,2722.2,2730.1,2754.6,2715.0,,-0.15,-0.0014672437825544726,0.8706706981858259,2770.02,2735.2799999999997,2832.815,0.14495617449530096,2930.8,-0.07117510577316788
2018-11-14,2701.6,2737.9,2746.8,2685.8,,-0.76,-0.007567408713540447,0.8565145684442097,2747.56,2729.9,2830.125,0.14514499214382112,2930.8,-0.07820390337109329
2018-11-15,2730.2,2693.5,2735.4,2670.8,,1.06,0.010586319218240936,0.8761682242990749,2732.24,2727.9700000000003,2827.9316666666664,0.14539720505254997,2930.8,-0.06844547563805115
2018-11-16,2736.3,2718.5,2746.8,2712.2,,0.22,0.002234268551754681,0.8803600879604279,2723.3,2726.3949999999995,2825.9199999999996,0.14519425673402264,2930.8,-0.06636413266002461
2018-11-19,2690.7,2730.7,2733.2,2681.1,,-1.67,-0.016664839381646868,0.849024189114908,2716.2,2723.135,2822.8533333333335,0.14615055153156772,2930.8,-0.08192302443018984
2018-11-20,2641.9,2654.6,2669.4,2631.5,,-1.81,-0.018136544393652088,0.8154892798240889,2700.14,2718.195,2818.6066666666666,0.14729328069319364,2930.8,-0.09857376825440156
2018-11-21,2649.9,2657.7,2670.7,2649.8,,0.3,0.003028123698853191,0.8209868059373382,2689.8,2717.8849999999998,2814.48,0.14718153798497577,2930.8,-0.09584413811928483
2018-11-23,2632.6,2633.4,2647.6,2631.1,,-0.65,-0.006528548247103694,0.8090984057174371,2670.2799999999997,2714.235,2809.79,0.14732930406053013,2930.8,-0.10174696328647481
2018-11-26,2673.4,2650.0,2674.3,2650.0,,1.55,0.015497986781128903,0.8371357888950073,2657.7,2714.97,2805.995,0.14812003092440248,2930.8,-0.0878258495973796
2018-11-27,2682.2,2663.8,2682.5,2655.9,,0.33,0.0032916884865712426,0.8431830676195811,2656.0,2717.02,2802.3399999999997,0.14815231841593612,2930.8,-0.08482325644875133
2018-11-28,2743.8,2691.4,2744.0,2684.4,,2.3,0.022966221758258243,0.8855140186915991,2676.38,2720.08,2799.7916666666665,0.14958741351843477,2930.8,-0.06380510440835263
2018-11-29,2737.8,2737.0,2753.8,2722.9,,-0.22,-0.002186748305270103,0.8813908741066623,2693.96,2721.3849999999998,2797.2783333333336,0.1496057076812608,2930.8,-0.06585232700969024
2018-11-30,2760.2,2737.8,2760.9,2732.8,,0.82,0.008181751771495271,0.8967839472237595,2719.4800000000005,2722.375,2795.313333333333,0.1496054243824663,2930.8,-0.05820936263136356
2018-12-03,2790.4,2790.5,2800.2,2773.4,,1.09,0.010941236142308686,0.9175371083012751,2742.88,2725.74,2793.9583333333335,0.1499721811038333,2930.8,-0.047905008871298005
2018-12-04,2700.1,2782.4,2785.9,2697.2,,-3.24,-0.03236095183486243,0.8554837822979762,2746.46,2723.83,2791.008333333333,0.15347458962763544,2930.8,-0.07871570902142766
2018-12-06,2695.9,2663.5,2696.2,2621.5,,-0.16,-0.0015554979445204786,0.8525975810885207,2736.88,2720.855,2787.8083333333334,0.15343541145613415,2930.8,-0.08014876484236388
2018-12-07,2633.1,2691.3,2708.5,2623.1,,-2.33,-0.02329463259022968,0.8094420010995154,2715.94,2711.8149999999996,2783.5449999999996,0.1552155018493995,2930.8,-0.10157636140302995
2018-12-10,2637.7,2630.9,2647.5,2583.2,,0.17,0.0017469902396414216,0.8126030786146334,2691.4399999999996,2703.36,2779.1033333333335,0.15519802630557264,2930.8,-0.1000068240753379
2018-12-11,2636.8,2664.4,2674.3,2621.3,,-0.03,-0.0003412063540204624,0.811984606926893,2660.72,2696.15,2774.633333333333,0.15510198775376752,2930.8,-0.10031390746553837
2018-12-12,2651.1,2658.2,2685.4,2650.3,,0.54,0.005423240291261955,0.8218114348543253,2650.92,2692.395,2770.6716666666666,0.15516347269483727,2930.8,-0.09543469359901746
2018-12-13,2650.5,2658.7,2670.2,2637.3,,-0.02,-0.00022632114971143924,0.8213991203958315,2641.8399999999997,2688.8100000000004,2766.4416666666666,0.15515630747218379,2930.8,-0.09563941585915114
2018-12-14,2599.9,2629.7,2635.1,2593.8,,-1.91,-0.019090737596679785,0.7866272677295314,2635.2,2683.725,2761.3083333333334,0.15632913994924036,2930.8,-0.11290432646376414
2018-12-17,2545.9,2590.8,2601.1,2530.5,,-2.08,-0.020770029616523744,0.7495189664651001,2616.84,2674.5099999999998,2754.893333333333,0.15764749227134275,2930.8,-0.13132932987580181
2018-12-18,2546.2,2559.9,2574.0,2528.7,,0.01,0.00011783652146579726,0.7497251236943467,2598.7200000000003,2665.005,2748.5016666666666,0.1573835163361321,2930.8,-0.13122696874573503
2018-12-19,2507.0,2547.1,2585.3,2489.0,,-1.54,-0.015395491320398969,0.7227872457394264,2569.9,2655.82,2741.6283333333336,0.15802081248606814,2930.8,-0.14460215640780683
2018-12-20,2467.4,2496.8,2509.6,2441.2,,-1.58,-0.01579577183885117,0.6955744914788435,2533.28,2647.095,2734.1583333333333,0.15875812733062766,2930.8,-0.15811382557663434
2018-12-21,2416.6,2465.4,2504.4,2408.6,,-2.06,-0.020588473697009113,0.6606652006597118,2496.62,2635.4300000000003,2726.0016666666666,0.1600510335598781,2930.8,-0.1754469769346254
2018-12-24,2351.1,2400.6,2410.3,2351.1,,-2.71,-0.0271041959778201,0.615654205607485,2457.66,2621.355,2716.6200000000003,0.16225131568710752,2930.8,-0.19779582366589332
2018-12-26,2467.7,2363.1,2467.8,2346.6,,4.96,0.049593807154098,0.69578064870809,2441.96,2611.07,2709.1816666666664,0.16980064089296013,2930.8,-0.15801146444656755
2018-12-27,2488.8,2442.5,2489.1,2397.9,,0.86,0.008550472099525974,0.7102803738317847,2438.32,2601.4,2701.9183333333335,0.17002793932665522,2930.8,-0.15081206496519717
2018-12-28,2485.7,2498.8,2520.3,2472.9,,-0.12,-0.001245580199292995,0.7081500824629003,2441.9800000000005,2588.495,2694.6233333333334,0.17002781913899637,2930.8,-0.15186979664255507
2018-12-31,2506.8,2498.9,2509.2,2482.8,,0.85,0.008488554531922654,0.7226498075865948,2460.02,2576.945,2687.645,0.17023969715081788,2930.8,-0.14467039716118468
2019-01-02,2510.0,2477.0,2519.5,2467.5,,0.13,0.0012765278442634642,0.7248488180318942,2491.8,2564.4350000000004,2681.1183333333333,0.1701734394036334,2930.8,-0.14357854510713808
2019-01-03,2447.9,2491.9,2493.1,2444.0,,-2.47,-0.024741035856573723,0.6821742715777983,2487.8399999999997,2547.3100000000004,2673.8233333333333,0.17171829418465817,2930.8,-0.1647672990309813
2019-01-04,2531.9,2474.3,2538.1,2474.3,,3.43,0.0343151272519302,0.7398982957669133,2496.46,2538.9,2667.9483333333333,0.17505172641146946,2930.8,-0.13610618261225604
2019-01-07,2549.7,2535.6,2566.2,2524.6,,0.7,0.007030293455507541,0.7521302913688923,2509.2599999999998,2531.59,2662.4383333333335,0.1751507335358305,2930.8,-0.13003275556162153
2019-01-08,2574.4,2568.1,2579.8,2547.6,,0.97,0.009687414205592937,0.7691039032435489,2522.7799999999997,2528.655,2658.9166666666665,0.17528023567002318,2930.8,-0.1216050225194486
2019-01-09,2585.0,2580.0,2595.3,2568.9,,0.41,0.004117464263517778,0.776388125343604,2537.7799999999997,2526.02,2656.5266666666666,0.17532371894223212,2930.8,-0.11798826259041906
2019-01-10,2596.6,2573.5,2597.8,2562.0,,0.45,0.0044874274661508284,0.784359538207815,2567.52,2524.01,2653.685,0.17537963529018766,2930.8,-0.11403029889449989
2019-01-11,2596.3,2588.1,2596.3,2577.4,,-0.01,-0.00011553570053135509,0.7841533809785683,2580.4,2521.2699999999995,2651.11,0.17537700437402828,2930.8,-0.11413266002456668
2019-01-14,2582.6,2580.3,2589.3,2570.4,,-0.53,-0.005276739976119993,0.7747388675096292,2586.98,2517.875,2647.3216666666663,0.1753006947354552,2930.8,-0.11880715163095412
2019-01-15,2610.3,2585.1,2613.1,2585.1,,1.07,0.010725625338805944,0.7937740516767542,2594.1600000000003,2518.395,2644.0066666666667,0.17550537898919383,2930.8,-0.10935580728811245
2019-01-16,2616.1,2614.8,2625.8,2612.7,,0.22,0.002221966823736654,0.7977597581088596,2600.38,2521.9049999999997,2641.4616666666666,0.1754902309099699,2930.8,-0.10737682544015292
2019-01-17,2636.0,2609.3,2645.1,2606.4,,0.76,0.007606742861511417,0.8114348543155667,2608.2599999999998,2526.3949999999995,2639.265,0.1753991230275627,2930.8,-0.10058687047905013
2019-01-18,2670.7,2651.3,2675.5,2647.6,,1.32,0.013163884673748072,0.8352803738317844,2623.1400000000003,2534.58,2637.8450000000003,0.17589959914338751,2930.8,-0.08874709976798156
2019-01-22,2632.9,2657.9,2657.9,2617.3,,-1.42,-0.01415359269105465,0.8093045629466828,2633.2,2542.8550000000005,2636.048333333333,0.17639847138012352,2930.8,-0.1016446021564078
2019-01-23,2638.7,2643.5,2653.2,2612.9,,0.22,0.0022028941471379238,0.813290269378788,2638.88,2553.96,2635.758333333333,0.1762195393975916,2930.8,-0.09966562030844828
2019-01-24,2642.3,2638.8,2647.2,2627.0,,0.14,0.0013643081820595704,0.8157641561297504,2644.12,2568.52,2634.7033333333334,0.1762106368800521,2930.8,-0.09843728674764574
2019-01-25,2664.8,2657.4,2672.4,2657.3,,0.85,0.008515308632630614,0.8312259483232634,2649.88,2578.375,2634.805,0.17642679786711274,2930.8,-0.09076020199263002
2019-01-28,2643.8,2645.0,2645.0,2624.1,,-0.79,-0.007880516361453038,0.8167949422759846,2644.5,2586.125,2634.8483333333334,0.17659254266910554,2930.8,-0.09792548109731136
2019-01-29,2640.0,2644.9,2650.9,2631.1,,-0.14,-0.001437325062410233,0.8141836173721912,2645.92,2593.84,2634.138333333334,0.176178714047007,2930.8,-0.09922205541149176
2019-01-30,2681.1,2653.6,2690.4,2648.3,,1.56,0.01556818181818187,0.8424271577790083,2654.4,2602.555,2633.6283333333336,0.1767675986884066,2930.8,-0.08519858059232988
2019-01-31,2704.1,2685.5,2708.9,2678.7,,0.86,0.008578568498004646,0.8582325453545996,2666.76,2612.2599999999998,2633.023333333333,0.17665544802788521,2930.8,-0.07735089395386929
2019-02-01,2706.5,2702.3,2716.7,2696.9,,0.09,0.0008875411412299083,0.8598818031885742,2675.1,2625.1899999999996,2632.7466666666664,0.17665722598904057,2930.8,-0.07653200491333434
2019-02-04,2724.9,2706.5,2725.0,2698.8,,0.68,0.0067984481803067265,0.8725261132490472,2691.32,2634.84,2632.5233333333335,0.1767912341877179,2930.8,-0.07025385560256592
2019-02-05,2737.7,2728.3,2739.0,2724.0,,0.47,0.004697420088810578,0.8813221550302457,2710.8599999999997,2644.24,2632.228333333333,0.17557415271094254,2930.8,-0.06588644738637928
2019-02-06,2731.6,2735.1,2738.1,2724.2,,-0.22,-0.0022281477152353846,0.8771302913688934,2720.96,2652.1,2630.8566666666666,0.17069547888222314,2930.8,-0.0679677903644057
2019-02-07,2706.1,2717.5,2719.3,2687.3,,-0.93,-0.009335188168106634,0.8596069268829121,2721.3599999999997,2658.1549999999997,2629.1783333333337,0.17007596971921848,2930.8,-0.07666848642009017
2019-02-08,2707.9,2692.4,2708.1,2681.8,,0.07,0.0006651638889916267,0.8608438702583934,2721.64,2663.7200000000003,2627.96,0.17000147937283058,2930.8,-0.0760543196396889
2019-02-11,2709.8,2712.4,2718.1,2703.8,,0.07,0.0007016507256545346,0.8621495327102899,2718.62,2669.395,2627.6866666666665,0.1657471863792968,2930.8,-0.07540603248259858
2019-02-12,2744.7,2722.6,2748.2,2722.6,,1.29,0.012879179275223196,0.8861324903793388,2720.02,2677.5,2628.061666666667,0.165575126446566,2930.8,-0.06349802101815216
2019-02-13,2753.0,2750.3,2761.8,2748.6,,0.3,0.003024009910008507,0.891836173721835,2724.3,2684.635,2628.9183333333335,0.16503093644403136,2930.8,-0.06066602975296853
2019-02-14,2745.7,2743.5,2757.9,2731.2,,-0.27,-0.002651652742462818,0.8868196811434952,2732.2200000000003,2691.1150000000002,2629.1766666666667,0.16503772791258242,2930.8,-0.06315681725126254
2019-02-15,2775.6,2760.2,2775.7,2760.2,,1.09,0.010889754889463532,0.9073666849917637,2745.7599999999998,2698.0950000000003,2629.8316666666665,0.16485424837231727,2930.8,-0.052954824621263885
2019-02-19,2779.8,2769.3,2787.3,2767.3,,0.15,0.0015131863380890564,0.9102528862012194,2759.7599999999998,2703.55,2631.3166666666666,0.1644255767588262,2930.8,-0.05152176880032755
2019-02-20,2784.7,2779.1,2789.9,2774.1,,0.18,0.001762716742211623,0.9136201209455843,2767.7599999999998,2711.14,2633.6966666666663,0.16443357717635743,2930.8,-0.049849870342568714
2019-02-21,2774.9,2780.2,2781.6,2764.6,,-0.35,-0.0035192300786439645,0.9068856514568544,2772.1400000000003,2717.95,2635.78,0.16436610790568618,2930.8,-0.05319366725808661
2019-02-22,2792.7,2780.7,2794.2,2779.1,,0.64,0.006414645572813349,0.9191176470588334,2781.54,2725.47,2638.4483333333333,0.16438684407939055,2930.8,-0.04712024020745198
2019-02-25,2796.1,2804.3,2813.5,2795.0,,0.12,0.0012174598059226938,0.9214540956569643,2785.64,2732.035,2640.4933333333333,0.16438807207796854,2930.8,-0.04596014740002741
2019-02-26,2793.9,2792.4,2803.1,2789.5,,-0.08,-0.0007868101999212174,0.9199422759758211,2788.46,2739.54,2642.355,0.163620823189624,2930.8,-0.04671079568718439
2019-02-27,2792.4,2787.5,2795.8,2775.1,,-0.05,-0.0005368839256952862,0.9189114898295869,2790.0,2747.16,2643.165,0.16320428227025335,2930.8,-0.047222601337518766
2019-02-28,2784.5,2788.1,2793.7,2782.5,,-0.28,-0.002829107577710932,0.9134826827927536,2791.9199999999996,2752.33,2643.943333333333,0.16272662974755456,2930.8,-0.04991811109594657
2019-03-01,2803.7,2798.2,2808.0,2787.4,,0.69,0.006895313341712894,0.926676745464551,2794.12,2757.31,2644.6683333333335,0.16247586454384944,2930.8,-0.04336699877166661
2019-03-04,2792.8,2814.4,2816.9,2767.7,,-0.39,-0.0038877197988371748,0.9191863661352493,2793.46,2761.625,2644.7083333333335,0.1619633846744639,2930.8,-0.04708611983076294
2019-03-05,2789.7,2794.4,2796.4,2783.0,,-0.11,-0.001109997135491425,0.917056074766365,2792.62,2764.8650000000002,2646.201666666667,0.16189628965718683,2930.8,-0.04814385150812073
2019-03-06,2771.4,2790.3,2790.3,2768.7,,-0.66,-0.006559845144639143,0.9044804837823079,2788.42,2766.55,2647.46,0.16166932782333807,2930.8,-0.05438788044220011
2019-03-07,2748.9,2766.5,2767.2,2739.1,,-0.81,-0.008118640398354637,0.889018691588795,2781.3,2767.415,2649.39,0.161859040763361,2930.8,-0.06206496519721583
2019-03-08,2743.1,2730.8,2744.1,2722.3,,-0.21,-0.002109934883044229,0.8850329851566892,2769.18,2769.265,2651.1466666666665,0.1618729402057892,2930.8,-0.06404394704517546
2019-03-11,2783.3,2747.6,2784.0,2747.6,,1.47,0.014654952426087275,0.9126580538757658,2767.2799999999997,2773.035,2653.5883333333336,0.16246974852661225,2930.8,-0.05032755561621405
2019-03-12,2791.5,2787.3,2798.3,2786.7,,0.29,0.0029461430675816747,0.9182930181418463,2767.6400000000003,2777.12,2655.9283333333337,0.1615686911682791,2930.8,-0.04752968472771946
2019-03-13,2810.9,2799.8,2821.2,2799.8,,0.69,0.00694966863693347,0.9316245189664751,2775.54,2780.43,2658.601666666667,0.16170966741257473,2930.8,-0.040910331650061416
2019-03-14,2808.5,2810.4,2815.0,2803.5,,-0.09,-0.0008538190615106078,0.9299752611325003,2787.46,2783.205,2662.0783333333334,0.1615828178932833,2930.8,-0.04172922069059648
2019-03-15,2822.5,2810.8,2830.7,2810.8,,0.5,0.004984867366921941,0.9395959318306863,2803.34,2787.045,2666.6883333333335,0.16154965928827958,2930.8,-0.03695236795414225
2019-03-18,2832.9,2822.6,2835.4,2822.0,,0.37,0.003684676705048684,0.94674271577791,2813.2599999999998,2789.9100000000003,2671.4666666666667,0.16158526931408324,2930.8,-0.033403848778490564
2019-03-19,2832.6,2840.8,2852.4,2823.3,,-0.01,-0.00010589854918996444,0.9465365585486629,2821.48,2792.55,2676.8933333333334,0.16157812805959063,2930.8,-0.03350620990855746
2019-03-20,2824.2,2831.3,2843.5,2812.4,,-0.3,-0.0029654734166491004,0.9407641561297513,2824.1400000000003,2794.525,2682.8399999999997,0.1609639660384826,2930.8,-0.03637232155043002
2019-03-21,2854.9,2819.7,2860.3,2817.4,,1.09,0.010870334962113315,0.9618609125893449,2833.42,2798.525,2690.145,0.1613118780527809,2930.8,-0.0258973659069196
2019-03-22,2800.7,2844.5,2846.2,2800.5,,-1.9,-0.018984903148972054,0.9246151731720822,2829.06,2798.925,2697.6383333333333,0.16244184629164723,2930.8,-0.04439061007233536
2019-03-25,2798.4,2796.0,2809.8,2785.0,,-0.08,-0.0008212232656120699,0.9230346344145233,2822.16,2799.04,2703.15,0.1604428718272018,2930.8,-0.04517537873618127
2019-03-26,2818.5,2812.7,2829.9,2804.0,,0.72,0.007182675814751294,0.9368471687740616,2819.34,2800.27,2708.6449999999995,0.15916673168699644,2930.8,-0.03831718302170062
2019-03-27,2805.4,2819.7,2825.6,2787.7,,-0.46,-0.004647862338123088,0.9278449697636164,2815.58,2800.92,2713.973333333334,0.15695815189354942,2930.8,-0.042786952367954156
2019-03-28,2815.4,2809.4,2819.7,2798.8,,0.36,0.003564554074285242,0.9347168774051777,2807.68,2802.465,2719.116666666667,0.15599788840069903,2930.8,-0.039374914699058294
2019-03-29,2834.4,2828.3,2836.0,2819.2,,0.67,0.006748597002202095,0.947773501924144,2814.42,2804.0000000000005,2724.523333333333,0.15609456082987355,2930.8,-0.03289204312815619
2019-04-01,2867.2,2848.6,2869.4,2848.6,,1.16,0.011572114027660119,0.9703133589884652,2828.1800000000003,2807.7200000000003,2731.5116666666668,0.1559197277543997,2930.8,-0.021700559574177825
2019-04-02,2867.2,2868.2,2872.9,2858.8,,0.0,0.0,0.9703133589884652,2837.92,2811.595,2737.1,0.15424355916678553,2930.8,-0.021700559574177825
2019-04-03,2873.4,2876.1,2885.2,2865.2,,0.22,0.0021623883928572063,0.9745739417262334,2851.5199999999995,2816.695,2742.495,0.1537723978261577,2930.8,-0.01958509621946225
2019-04-04,2879.4,2874.0,2881.3,2867.1,,0.21,0.0020881186051366907,0.9786970863111699,2864.32,2823.2200000000003,2747.5783333333334,0.1533726109469718,2930.8,-0.017537873618124755
2019-04-05,2892.7,2884.2,2893.2,2883.0,,0.46,0.004619017850941098,0.9878367234744463,2875.98,2830.7,2752.7066666666665,0.1532946458803531,2930.8,-0.01299986351849336
2019-04-08,2895.8,2888.5,2895.9,2880.8,,0.11,0.0010716631520726327,0.9899670148433306,2881.7,2836.325,2757.6933333333336,0.15165662959424145,2930.8,-0.011942131841135573
2019-04-09,2878.2,2886.6,2886.9,2873.3,,-0.61,-0.00607776780164393,0.9778724573941824,2883.9,2840.66,2762.391666666667,0.1517698305675739,2930.8,-0.017947318138392343
2019-04-10,2888.2,2881.4,2889.7,2879.1,,0.35,0.003474393718296165,0.9847443650357437,2886.8599999999997,2844.525,2767.485,0.15091767714727145,2930.8,-0.014535280469496481
2019-04-11,2888.3,2891.9,2893.4,2882.0,,0.0,3.462364102224669e-05,0.9848130841121596,2888.64,2848.515,2772.1183333333333,0.15080146766655822,2930.8,-0.014501160092807441
2019-04-12,2907.4,2900.9,2910.5,2898.4,,0.66,0.006612886473011725,0.9979384277075416,2891.5800000000004,2852.7599999999998,2776.9733333333334,0.15072472071310897,2930.8,-0.007984168145216408
2019-04-15,2905.6,2908.3,2909.6,2896.5,,-0.06,-0.0006191098576048271,0.9967014843320603,2893.54,2856.3949999999995,2781.4666666666667,0.15069217196374626,2930.8,-0.008598334925617679
2019-04-16,2907.1,2912.3,2916.1,2900.7,,0.05,0.0005162444933921595,0.9977322704782947,2899.32,2860.12,2785.4066666666668,0.15049417464376952,2930.8,-0.008086529275283305
2019-04-17,2900.4,2916.0,2918.0,2895.4,,-0.23,-0.002304702280623294,0.9931280923584487,2901.7599999999998,2863.93,2789.865,0.1501609189232676,2930.8,-0.010372594513443412
2019-04-18,2905.0,2904.8,2908.4,2891.9,,0.16,0.0015859881395670072,0.996289169873567,2905.1,2866.435,2794.303333333333,0.1501654602174436,2930.8,-0.008803057185751362
2019-04-22,2908.0,2898.8,2909.5,2896.3,,0.1,0.00103270223752161,0.9983507421660356,2905.22,2871.8,2798.7316666666666,0.1500443391265207,2930.8,-0.007779445885082614
2019-04-23,2933.7,2910.0,2936.3,2908.5,,0.88,0.008837689133424975,1.0160115448048481,2910.84,2878.565,2803.2133333333336,0.15001700978326085,2933.7,0.0
2019-04-24,2927.2,2934.0,2936.8,2926.1,,-0.22,-0.0022156321368920207,1.011544804837833,2914.8599999999997,2884.0,2807.9366666666665,0.15003975648862197,2933.7,-0.0022156321368920207
2019-04-25,2926.2,2929.0,2933.1,2912.8,,-0.03,-0.00034162339437004974,1.010857614073677,2920.02,2890.04,2812.7066666666665,0.14940287385577747,2933.7,-0.002556498619490699
2019-04-26,2939.9,2925.8,2939.9,2917.6,,0.47,0.00468183992891813,1.0202721275426163,2927.0,2896.265,2817.0199999999995,0.14945639658102544,2939.9,0.0
2019-04-29,2943.0,2940.6,2949.5,2939.3,,0.11,0.001054457634613426,1.0224024189115002,2934.0,2901.6949999999997,2821.0016666666666,0.1491236742060375,2943.0,0.0
2019-04-30,2945.8,2937.1,2948.2,2924.1,,0.1,0.0009514101257221963,1.0243265530511376,2936.4199999999996,2905.625,2824.9900000000002,0.14912296923979027,2945.8,0.0
2019-05-01,2923.7,2952.3,2954.1,2923.4,,-0.75,-0.007502206531332822,1.0091396371632868,2935.7200000000003,2908.45,2828.303333333333,0.14908605915596854,2945.8,-0.007502206531332822
2019-05-02,2917.5,2922.2,2931.7,2900.5,,-0.21,-0.00212060060881758,1.0048790544255186,2933.98,2910.6549999999997,2831.3,0.14909304042611957,2945.8,-0.009606897956412563
2019-05-03,2945.6,2929.2,2947.8,2929.2,,0.96,0.009631533847472173,1.0241891148983062,2935.12,2913.9649999999997,2834.866666666667,0.14917988446318187,2945.8,-6.789327177680882e-05
2019-05-06,2932.5,2908.9,2937.3,2898.2,,-0.44,-0.004447311243889196,1.015186915887861,2933.02,2915.955,2838.64,0.14923601707866943,2945.8,-0.004514902573155011
2019-05-07,2884.1,2913.0,2913.0,2862.6,,-1.65,-0.01650468883205458,0.9819268829027041,2920.6799999999994,2915.37,2841.576666666667,0.14968176395841082,2945.8,-0.02094507434313264
2019-05-08,2879.4,2879.6,2898.0,2873.3,,-0.16,-0.0016296244929093762,0.9786970863111704,2911.82,2915.43,2844.4033333333336,0.14966259387229539,2945.8,-0.02254056622988665
2019-05-09,2870.7,2859.8,2876.0,2836.4,,-0.3,-0.0030214628047511294,0.9727185266630116,2902.46,2914.555,2846.5033333333336,0.14969917430280608,2945.8,-0.025493923552176057
2019-05-10,2881.4,2863.1,2891.3,2825.4,,0.37,0.003727313895565576,0.9800714678394824,2889.62,2914.21,2848.6433333333334,0.14944314712500542,2945.8,-0.021861633512119005
2019-05-13,2811.9,2840.2,2840.2,2801.4,,-2.41,-0.024120219337821935,0.932311709730631,2865.5,2909.435,2849.7466666666664,0.15114607016862758,2945.8,-0.045454545454545525
2019-05-14,2834.4,2820.1,2852.5,2820.1,,0.8,0.008001707030833138,0.9477735019241438,2855.5600000000004,2905.875,2850.726666666667,0.15134135755980876,2945.8,-0.037816552379659196
2019-05-15,2851.0,2820.4,2858.7,2815.1,,0.59,0.005856618684730419,0.9591808686091354,2849.88,2903.0699999999997,2851.913333333333,0.15144567632051464,2945.8,-0.03218141082218762
2019-05-16,2876.3,2855.8,2892.2,2855.8,,0.89,0.0088740792704316,0.976566794942286,2851.0,2901.8650000000002,2853.4400000000005,0.15152526562033847,2945.8,-0.02359291194242652
2019-05-17,2859.5,2858.6,2885.5,2854.2,,-0.58,-0.005840837186663506,0.9650219901044628,2846.62,2899.59,2854.85,0.1515998611293081,2945.8,-0.02929594677167502
2019-05-20,2840.2,2841.9,2853.9,2831.3,,-0.67,-0.006749431718832022,0.9517592083562494,2852.2799999999997,2896.2,2855.641666666667,0.15175693743450758,2945.8,-0.03584764749813307
2019-05-21,2864.4,2854.0,2868.9,2854.0,,0.85,0.008520526723470256,0.968389224848828,2858.2799999999997,2892.7349999999997,2856.7799999999997,0.1519568119290248,2945.8,-0.027632561613144202
2019-05-22,2856.3,2856.1,2865.5,2851.1,,-0.28,-0.002827817343946326,0.9628229796591634,2859.34,2889.19,2857.82,0.15181987375171718,2945.8,-0.030382239120103183
2019-05-23,2822.2,2836.7,2836.7,2805.5,,-1.19,-0.011938521863949947,0.939389774601439,2848.52,2883.9900000000002,2858.3166666666666,0.15226955406142026,2945.8,-0.04195804195804209
2019-05-24,2826.1,2832.4,2841.4,2820.2,,0.14,0.0013819006448869686,0.9420698185816478,2841.8399999999997,2878.3,2859.01,0.15224292798235428,2945.8,-0.0406341231583951
2019-05-28,2802.4,2830.0,2840.5,2801.6,,-0.84,-0.008386115141006956,0.9257833974711476,2834.2799999999997,2871.27,2858.9883333333332,0.1524682642963803,2945.8,-0.048679475863941946
2019-05-29,2783.0,2790.2,2792.0,2766.1,,-0.69,-0.006922637739080861,0.9124518966465185,2818.0,2863.13,2858.825,0.1526115909914714,2945.8,-0.05526512322628829
2019-05-30,2788.9,2786.9,2799.0,2776.7,,0.21,0.002120014372978929,0.91650632215504,2804.5199999999995,2856.3900000000003,2858.811666666667,0.15217323627637006,2945.8,-0.053262271708873654
2019-05-31,2752.1,2766.2,2769.0,2750.5,,-1.32,-0.013195166553121362,0.8912177020340941,2790.5,2848.12,2858.49,0.15224097862321392,2945.8,-0.06575463371579882
2019-06-03,2744.4,2751.5,2763.1,2728.8,,-0.28,-0.00279786344972921,0.885926333150092,2774.16,2838.0600000000004,2858.4150000000004,0.1521088010518956,2945.8,-0.06836852467920429
2019-06-04,2803.3,2762.6,2804.5,2762.6,,2.15,0.02146188602244581,0.9264018691588884,2774.34,2831.6,2859.4183333333335,0.15322898998293663,2945.8,-0.04837395614094642
2019-06-05,2826.2,2818.1,2827.3,2800.9,,0.82,0.008168943744871981,0.9421385376580635,2782.9800000000005,2828.705,2860.133333333333,0.1533775972931027,2945.8,-0.04060017652250669
2019-06-06,2843.5,2828.5,2852.1,2822.4,,0.61,0.006121293609794076,0.9540269378779647,2793.9,2826.9100000000003,2861.0,0.15349257525730994,2945.8,-0.034727408513816393
2019-06-07,2873.3,2852.9,2885.0,2852.9,,1.05,0.01048004220151233,0.9745052226498176,2818.1400000000003,2827.04,2862.04,0.15361036150891225,2945.8,-0.024611311019077986
2019-06-10,2886.7,2885.8,2904.8,2885.5,,0.47,0.004663627188250308,0.9837135788895095,2846.6,2827.305,2863.3433333333332,0.15367292327005258,2945.8,-0.020062461810034793
2019-06-11,2885.7,2903.3,2910.6,2878.5,,-0.03,-0.0003464163231371442,0.9830263881253534,2863.08,2830.995,2864.3966666666665,0.15364641201446325,2945.8,-0.020401928168918615
2019-06-12,2879.8,2882.7,2888.6,2874.7,,-0.2,-0.002044564577052266,0.9789719626168323,2873.8,2833.2650000000003,2865.1783333333337,0.15366014009899473,2945.8,-0.022404779686333032
2019-06-13,2891.6,2886.2,2895.2,2882.0,,0.41,0.004097506771303383,0.9870808136338742,2883.42,2835.295,2866.1616666666664,0.15370233717411855,2945.8,-0.018399076651503976
2019-06-14,2887.0,2886.8,2894.4,2879.6,,-0.16,-0.001590814773827609,0.9839197361187562,2886.16,2835.83,2867.2083333333335,0.15365470199230127,2945.8,-0.01996062190236958
2019-06-17,2889.7,2889.8,2897.3,2887.3,,0.09,0.0009352268791131824,0.9857751511819774,2886.7599999999998,2837.3399999999997,2867.788333333333,0.1536393929022164,2945.8,-0.019044062733383216
2019-06-18,2917.8,2906.7,2930.8,2905.4,,0.97,0.009724192822784472,1.005085211654765,2893.18,2841.2200000000003,2869.74,0.153929484918063,2945.8,-0.00950505804874735
2019-06-19,2926.5,2920.6,2931.7,2911.4,,0.3,0.0029816985399957474,1.011063771302923,2902.5199999999995,2844.325,2871.875,0.15393548342602692,2945.8,-0.006551700726458054
2019-06-20,2954.2,2949.6,2958.1,2931.5,,0.95,0.009465231505210836,1.0300989554700473,2915.04,2849.22,2874.1366666666668,0.154149112303756,2954.2,0.0
2019-06-21,2950.5,2952.7,2964.2,2946.9,,-0.13,-0.0012524541330986017,1.0275563496426696,2927.7400000000002,2855.6349999999998,2876.555,0.15415070575638434,2954.2,-0.0012524541330986017
2019-06-24,2945.3,2951.4,2954.9,2944.1,,-0.18,-0.0017624131503134466,1.023982957669058,2938.8599999999997,2861.5950000000003,2878.72,0.1540213125574361,2954.2,-0.0030126599417776845
2019-06-25,2917.4,2945.8,2946.5,2916.0,,-0.95,-0.009472719247614836,1.0048103353491018,2938.78,2867.3450000000003,2880.1033333333335,0.15432419354559782,2954.2,-0.012456841107575611
2019-06-26,2913.8,2926.1,2932.6,2913.0,,-0.12,-0.001233975457599179,1.0023364485981396,2936.2400000000002,2873.8849999999998,2880.8799999999997,0.15369113339285398,2954.2,-0.013675445128968788
2019-06-27,2924.9,2919.7,2929.3,2918.6,,0.38,0.003809458439151703,1.009964266080273,2930.38,2880.685,2881.8416666666667,0.15371918000479812,2954.2,-0.009918082729672872
2019-06-28,2941.8,2932.9,2944.0,2929.1,,0.58,0.005777975315395478,1.0215777899945118,2928.6400000000003,2890.17,2882.981666666667,0.15355111831265114,2954.2,-0.004197413851465548
2019-07-01,2964.3,2971.4,2977.9,2952.2,,0.76,0.0076483785437486684,1.0370395821880245,2932.44,2901.165,2884.3966666666665,0.15361350761683745,2964.3,0.0
2019-07-02,2973.0,2964.7,2973.2,2955.9,,0.29,0.0029349256148163416,1.0430181418361828,2943.56,2909.65,2885.735,0.15363408260410752,2973.0,0.0
2019-07-03,2995.8,2978.1,2995.8,2978.0,,0.77,0.007669021190716441,1.0586860912589424,2959.96,2918.13,2887.401666666666,0.15378331905517592,2995.8,0.0
2019-07-05,2990.4,2984.2,2994.0,2968.0,,-0.18,-0.0018025235329461875,1.054975261132499,2973.0600000000004,2925.475,2889.271666666667,0.15370512030192238,2995.8,-0.0018025235329461875
2019-07-08,2975.9,2979.8,2980.8,2970.1,,-0.48,-0.004848849652220433,1.0450109950522348,2979.88,2930.605,2890.733333333333,0.1535746617130773,2995.8,-0.006642633019560695
2019-07-09,2979.6,2965.5,2981.9,2963.4,,0.12,0.0012433213481635175,1.0475536008796125,2982.94,2935.25,2892.255,0.15336190352441492,2995.8,-0.0054075705988384515
2019-07-10,2993.1,2989.3,3003.0,2984.6,,0.45,0.004530809504631472,1.05683067619572,2986.96,2940.62,2893.6833333333334,0.15318278520660675,2995.8,-0.0009012617664732048
2019-07-11,2999.9,2999.6,3002.3,2988.8,,0.23,0.0022718920183089075,1.061503573391982,2987.7799999999997,2946.625,2895.255,0.15316329081319047,2999.9,0.0
2019-07-12,3013.8,3003.4,3013.9,3001.9,,0.46,0.00463348778292616,1.0710555250137523,2992.46,2952.735,2897.0333333333333,0.15304193528002988,3013.8,0.0
2019-07-15,3014.3,3017.8,3017.8,3008.8,,0.02,0.0001659035105183726,1.0713991203958306,3000.1400000000003,2959.1,2898.9316666666664,0.15281035049508968,3014.3,0.0
2019-07-16,3004.0,3012.1,3015.0,3001.2,,-0.34,-0.003417045416846398,1.0643210555250224,3005.02,2964.815,2900.5816666666665,0.15285472829159852,3014.3,-0.003417045416846398
2019-07-17,2984.4,3005.1,3005.3,2984.2,,-0.65,-0.006524633821571202,1.0508521165475622,3003.2799999999997,2968.145,2901.8550000000005,0.15300221477378032,3014.3,-0.009919384268321063
2019-07-18,2995.1,2978.9,2998.3,2973.1,,0.36,0.0035853102801233216,1.0582050577240327,3002.32,2971.575,2902.878333333333,0.15299265721793018,3014.3,-0.006369638058587479
2019-07-19,2976.6,3004.3,3006.0,2975.9,,-0.62,-0.006176755367099607,1.045492028587144,2994.88,2972.695,2903.701666666667,0.15311829125803542,3014.3,-0.012507049729622244
2019-07-22,2985.0,2981.9,2990.7,2976.7,,0.28,0.0028220116911912285,1.0512644310060555,2989.02,2974.42,2904.6816666666664,0.1530810028904858,3014.3,-0.009720333078990229
2019-07-23,3005.5,2994.7,3005.9,2988.6,,0.69,0.006867671691792365,1.0653518416712564,2989.32,2977.43,2905.775,0.15321667894517335,3014.3,-0.002919417443519312
2019-07-24,3019.6,2998.8,3019.6,2996.8,,0.47,0.004691399101646843,1.0750412314458577,2996.3599999999997,2982.54,2907.0516666666667,0.15327135154413143,3019.6,0.0
2019-07-25,3003.7,3016.3,3016.3,2997.2,,-0.53,-0.005265598092462631,1.064114898295775,2998.08,2987.035,2908.016666666667,0.1533083178442231,3019.6,-0.005265598092462631
2019-07-26,3025.9,3013.2,3028.0,3012.6,,0.74,0.007390884575690038,1.0793705332600414,3007.9399999999996,2992.085,2909.7200000000003,0.15321857907237174,3025.9,0.0
2019-07-29,3021.0,3024.5,3025.6,3014.3,,-0.16,-0.0016193529197925383,1.0760032985156762,3015.14,2996.045,2911.445,0.1531938002787521,3025.9,-0.0016193529197925383
2019-07-30,3013.2,3007.7,3017.2,3000.9,,-0.26,-0.0025819265143992576,1.0706432105552581,3016.68,2998.49,2912.5716666666663,0.15306688666760587,3025.9,-0.0041970983839519915
2019-07-31,2980.4,3016.2,3017.4,2958.1,,-1.09,-0.010885437408734822,1.0481033534909372,3008.8399999999997,2998.8599999999997,2913.3700000000003,0.1533570318091947,3025.9,-0.015036848540930015
2019-08-01,2953.6,2980.3,3013.6,2945.2,,-0.9,-0.008992081599785373,1.0296866410115526,2998.82,2996.75,2914.528333333333,0.15356725008705976,3025.9,-0.023893717571631612
2019-08-02,2932.1,2943.9,2945.5,2914.1,,-0.73,-0.00727925243770311,1.014912039582196,2980.06,2993.835,2915.4066666666668,0.15374600633142607,3025.9,-0.030999041607455702
2019-08-05,2844.7,2898.1,2898.1,2822.1,,-2.98,-0.02980798744926849,0.95485156679495,2944.8,2987.275,2914.9733333333334,0.15657465527932612,3025.9,-0.05988301001354979
2019-08-06,2881.8,2861.2,2884.4,2847.4,,1.3,0.013041797026048574,0.9803463441451428,2918.5199999999995,2982.3849999999998,2914.98,0.157045596797492,3025.9,-0.04762219504940679
2019-08-07,2884.0,2858.7,2892.2,2825.7,,0.08,0.0007634117565409326,0.981858163826286,2899.2400000000002,2976.93,2916.1816666666664,0.1570088361313087,3025.9,-0.04689513863643879
2019-08-08,2938.1,2896.2,2938.7,2894.5,,1.88,0.018758668515949983,1.0190351841671328,2896.14,2973.84,2917.9100000000003,0.15809203107637726,3025.9,-0.029016160481179165
2019-08-09,2918.7,2930.5,2935.8,2900.2,,-0.66,-0.006602906640345796,1.005703683342504,2893.46,2969.085,2919.0383333333334,0.15823610689868073,3025.9,-0.0354274761228065
2019-08-12,2883.8,2907.1,2907.6,2873.1,,-1.2,-0.011957378284852771,0.981720725673455,2901.2799999999997,2962.5600000000004,2919.163333333333,0.1586900238608497,3025.9,-0.04696123467398128
2019-08-13,2926.3,2880.7,2943.3,2877.1,,1.47,0.014737499133088194,1.0109263331500906,2910.18,2958.675,2920.276666666666,0.15919753160997527,3025.9,-0.03291582669618953
2019-08-14,2840.6,2894.2,2894.2,2839.6,,-2.93,-0.029286129241704595,0.95203408466191,2901.5,2951.4849999999997,2920.2833333333333,0.16184930180419496,3025.9,-0.06123797878317205
2019-08-15,2847.6,2846.2,2856.7,2825.5,,0.25,0.002464268112370549,0.9568444200110027,2883.4,2944.11,2920.0033333333336,0.16174221878527975,3025.9,-0.05892461746918276
2019-08-16,2888.7,2864.7,2893.6,2864.7,,1.44,0.014433206911083074,0.9850879604178198,2877.4,2939.715,2920.5433333333335,0.16219408524574735,3025.9,-0.04534188175418896
2019-08-19,2923.7,2913.5,2931.0,2913.5,,1.21,0.012116176826946434,1.0091396371632846,2885.38,2936.65,2922.235,0.16245035849784226,3025.9,-0.03377507518424283
2019-08-20,2900.5,2919.0,2923.6,2899.6,,-0.79,-0.007935150665252855,0.9931968114348624,2880.22,2931.4,2923.475,0.1626210282781102,3025.9,-0.041442215539178484
2019-08-21,2924.4,2922.0,2928.7,2917.9,,0.82,0.008239958627822785,1.0096206706981938,2896.9800000000005,2926.64,2925.508333333333,0.16280712856366233,3025.9,-0.0335437390528438
2019-08-22,2922.9,2930.9,2939.1,2904.5,,-0.05,-0.0005129257283544852,1.0085898845519599,2912.04,2922.6,2927.8400000000006,0.162797012282204,3025.9,-0.03403945933441288
2019-08-23,2847.1,2911.1,2927.0,2835.0,,-2.59,-0.02593314858530915,0.9565008246289248,2903.72,2913.66,2928.8099999999995,0.16487025614777265,3025.9,-0.059089857563039194
2019-08-26,2878.4,2866.7,2879.3,2856.0,,1.1,0.010993642653928548,0.9780098955470118,2894.6600000000003,2906.5299999999997,2930.9150000000004,0.16522478632633514,3025.9,-0.04874582768763014
2019-08-27,2869.2,2893.1,2898.8,2860.6,,-0.32,-0.003196220122290261,0.9716877405167752,2888.4,2899.33,2932.995,0.16514290116169755,3025.9,-0.05178624541458754
2019-08-28,2887.9,2861.3,2890.0,2853.1,,0.65,0.0065174961661789155,0.9845382078064953,2881.1,2894.705,2934.4049999999997,0.16509428845268695,3025.9,-0.04560626590435901
2019-08-29,2924.6,2910.4,2930.5,2905.7,,1.27,0.01270819626718378,1.0097581088510252,2881.4399999999996,2893.255,2936.0449999999996,0.1655793709587736,3025.9,-0.03347764301530132
2019-08-30,2926.5,2937.1,2940.4,2913.3,,0.06,0.0006496614921698285,1.011063771302922,2897.3199999999997,2892.975,2937.428333333333,0.1654847942071639,3025.9,-0.03284973065864705
2019-09-03,2906.3,2909.0,2914.4,2891.8,,-0.69,-0.0069024431915256645,0.9971825178669682,2902.9,2896.055,2937.9783333333335,0.165570844475051,3025.9,-0.03952543045044443
2019-09-04,2937.8,2924.7,2938.8,2921.9,,1.08,0.010838523208202888,1.0188290269378864,2916.62,2898.8550000000005,2938.83,0.16592122329745507,3025.9,-0.029115304537492892
2019-09-05,2976.0,2960.6,2985.9,2960.6,,1.3,0.013002927360609817,1.0450797141286503,2934.2400000000002,2903.4550000000004,2940.335,0.16641196678496914,3025.9,-0.01649096136686612
2019-09-06,2978.7,2980.3,2985.0,2972.5,,0.09,0.00090725806451597,1.0469351291918714,2945.0600000000004,2905.4849999999997,2941.983333333333,0.16638707704113193,3025.9,-0.015598664860041689
2019-09-09,2978.4,2988.4,2989.4,2969.4,,-0.01,-0.00010071507704689786,1.046728971962625,2955.44,2908.4700000000003,2943.4300000000003,0.1663433203001596,3025.9,-0.015697808916355416
2019-09-10,2979.4,2971.0,2979.4,2957.0,,0.03,0.0003357507386516634,1.047416162726781,2970.06,2913.25,2944.9700000000003,0.16632571257957862,3025.9,-0.01536732872864277
2019-09-11,3000.9,2981.4,3000.9,2975.3,,0.72,0.007216218030476007,1.0621907641561381,2982.6800000000003,2916.98,2946.8233333333333,0.16646533662238203,3025.9,-0.00826200469281868
2019-09-12,3009.6,3009.1,3020.7,3000.9,,0.29,0.0028991302609215897,1.068169323804296,2989.4,2925.4300000000003,2948.3533333333335,0.1664493252556476,3025.9,-0.005386827059717825
2019-09-13,3007.4,3012.2,3017.3,3002.9,,-0.07,-0.0007309941520466934,1.0666575041231527,2995.1400000000003,2933.4199999999996,2949.701666666667,0.1664519820366813,3025.9,-0.0061138834726858216
2019-09-16,2998.0,2996.4,3002.2,2990.7,,-0.31,-0.0031256234621267476,1.0601979109400852,2999.06,2938.8849999999998,2950.4316666666664,0.16640688888913246,3025.9,-0.009220397237185707
2019-09-17,3005.7,2995.7,3006.2,2993.7,,0.26,0.0025683789192794126,1.0654892798240874,3004.32,2942.985,2951.351666666667,0.166423992396662,3025.9,-0.006675699791797607
2019-09-18,3006.7,3001.5,3007.8,2978.6,,0.03,0.0003327012010514441,1.066176470588244,3005.4800000000005,2948.295,2952.375,0.16632329911262148,3025.9,-0.006345219604084851
2019-09-19,3006.8,3010.4,3022.0,3003.2,,0.0,3.325905477780111e-05,1.0662451896646599,3004.92,2952.415,2953.865,0.16624292424590323,3025.9,-0.006312171585313386
2019-09-20,2992.1,3008.4,3016.4,2984.7,,-0.49,-0.00488891845150996,1.0561434854315648,3001.86,2955.875,2955.17,0.16631711084025647,3025.9,-0.01117023034469089
2019-09-23,2991.8,2983.5,2999.2,2982.2,,-0.01,-0.00010026402860863204,1.055937328202318,3000.62,2963.11,2956.2850000000003,0.1661371861041575,3025.9,-0.011269374401004617
2019-09-24,2966.6,3002.4,3008.0,2957.7,,-0.84,-0.008423022929340274,1.0386201209455832,2992.8,2967.52,2956.6983333333333,0.1663568421680809,3025.9,-0.019597475131365893
2019-09-25,2984.9,2968.3,2989.8,2952.9,,0.62,0.006168677947819168,1.0511957119296405,2988.4399999999996,2973.3050000000003,2957.0416666666665,0.1664271280492809,3025.9,-0.013549687696222557
2019-09-26,2977.6,2985.7,2987.3,2963.7,,-0.24,-0.0024456430701196297,1.0461792193513006,2982.6,2977.79,2957.1183333333333,0.16644102837008617,3025.9,-0.015962193066525687
2019-09-27,2961.8,2985.5,2987.3,2945.5,,-0.53,-0.005306286942503902,1.035321605277634,2976.54,2979.65,2956.5516666666667,0.16649487481220002,3025.9,-0.02118378003238708
2019-09-30,2976.7,2967.1,2983.8,2967.1,,0.5,0.005030724559389466,1.04556074766356,2973.52,2982.1600000000003,2956.3233333333333,0.16654647021354999,3025.9,-0.0162596252354672
2019-10-01,2940.2,2983.7,2992.5,2938.7,,-1.23,-0.012261900762589484,1.020478284771861,2968.2400000000002,2983.855,2955.728333333333,0.1670075230230977,3025.9,-0.02832215208698252
2019-10-02,2887.6,2924.8,2924.8,2874.9,,-1.79,-0.017889939459900694,0.9843320505772484,2948.7799999999997,2981.345,2954.1949999999997,0.16793340396562723,3025.9,-0.04570540996067296
2019-10-03,2910.6,2885.4,2911.1,2855.9,,0.8,0.007965092118021877,1.0001374381528394,2935.38,2978.075,2952.82,0.16812134320172767,3025.9,-0.03810436564327979
2019-10-04,2952.0,2918.6,2953.7,2918.6,,1.42,0.014223871366728646,1.0285871357889036,2933.4199999999996,2976.7400000000002,2952.0216666666665,0.1687175773042986,3025.9,-0.024422485871972044
2019-10-07,2938.8,2944.2,2959.8,2935.7,,-0.45,-0.004471544715447084,1.019516217702043,2925.84,2974.7599999999998,2950.7716666666665,0.1685762419698605,3025.9,-0.028784824349780247
2019-10-08,2893.1,2920.4,2925.5,2892.7,,-1.56,-0.015550564856404048,0.9881115997801075,2916.4199999999996,2970.4449999999997,2948.7516666666666,0.16920979974518646,3025.9,-0.04388776892825286
2019-10-09,2919.4,2911.1,2929.3,2907.4,,0.91,0.009090594863641055,1.0061847168774136,2922.78,2966.37,2947.3416666666667,0.16944943897012366,3025.9,-0.03519613999140747
2019-10-10,2938.1,2918.6,2948.5,2917.1,,0.64,0.006405425772418871,1.0190351841671332,2928.2799999999997,2962.7949999999996,2946.5699999999997,0.16955939156366256,3025.9,-0.029016160481179165
2019-10-11,2970.3,2963.1,2993.3,2963.1,,1.1,0.010959463598924524,1.0411627267729608,2931.94,2960.94,2946.156666666667,0.1666384643839086,3025.9,-0.018374698436828707
2019-10-14,2966.2,2965.8,2972.8,2962.9,,-0.14,-0.001380331953001468,1.0383452446399204,2937.42,2959.35,2945.983333333333,0.1653242635082883,3025.9,-0.019729667206451085
2019-10-15,2995.7,2973.6,3003.3,2973.6,,0.99,0.009945384667251034,1.0586173721825265,2957.94,2958.85,2946.161666666667,0.16502314076089739,3025.9,-0.009980501668925057
2019-10-16,2989.7,2989.7,2997.5,2985.2,,-0.2,-0.0020028707814534474,1.0544942275975897,2971.9999999999995,2958.0,2945.898333333333,0.16492084902421825,3025.9,-0.011963382795201483
2019-10-17,2997.9,3000.8,3008.3,2991.8,,0.27,0.0027427501087067263,1.0601291918636702,2983.96,2957.555,2945.536666666667,0.16357283927756627,3025.9,-0.009253445255956949
2019-10-18,2986.2,2996.8,3000.0,2976.3,,-0.39,-0.003902731912338697,1.0520890599230435,2987.14,2957.2599999999998,2945.245,0.16362617221553444,3025.9,-0.013120063452196185
2019-10-21,3006.7,2996.5,3007.3,2995.3,,0.69,0.0068649119282031545,1.0661764705882444,2995.2400000000002,2958.005,2944.925,0.16309135274473385,3025.9,-0.006345219604084851
2019-10-22,2996.0,3010.7,3014.6,2995.0,,-0.36,-0.003558718861209953,1.0588235294117738,2995.3,2959.475,2944.508333333333,0.16313727636993808,3025.9,-0.009881357612611108
2019-10-23,3004.5,2994.0,3004.8,2991.2,,0.28,0.0028371161548732537,1.0646646509071012,2998.2599999999998,2960.455,2944.3633333333337,0.16308841209347788,3025.9,-0.007072276017052848
2019-10-24,3010.3,3014.8,3016.1,3000.4,,0.19,0.0019304376768181086,1.0686503573392065,3000.74,2962.0899999999997,2944.861666666666,0.1629874158720639,3025.9,-0.0051554909283187955
2019-10-25,3022.6,3003.3,3027.4,3001.9,,0.41,0.004085971497857166,1.0771028037383266,3008.02,2965.13,2946.0116666666668,0.15996979318352897,3025.9,-0.0010905846194521063
2019-10-28,3039.4,3032.1,3044.1,3032.1,,0.56,0.005558128763316406,1.0886476085761498,3014.5600000000004,2968.265,2947.8,0.15901815632145289,3039.4,0.0
2019-10-29,3036.9,3035.4,3047.9,3034.8,,-0.08,-0.0008225307626504863,1.0869296316657597,3022.74,2973.1,2951.003333333333,0.15801177278813222,3039.4,-0.0008225307626504863
2019-10-30,3046.8,3039.7,3050.1,3026.0,,0.33,0.0032599031907538656,1.0937328202309056,3031.2000000000003,2981.0600000000004,2953.7533333333336,0.15787050911058945,3046.8,0.0
2019-10-31,3037.6,3046.9,3046.9,3023.2,,-0.3,-0.0030195615071550996,1.087410665200669,3036.66,2987.4100000000003,2956.3133333333335,0.15718562371705755,3046.8,-0.0030195615071550996
2019-11-01,3066.9,3050.7,3066.9,3050.7,,0.96,0.009645772978667422,1.1075453545904437,3045.52,2993.1549999999997,2958.46,0.1571110865517943,3066.9,0.0
2019-11-04,3078.3,3079.0,3085.2,3074.9,,0.37,0.0037171084808764743,1.1153793293018235,3053.3,3000.13,2961.12,0.15682003921828966,3078.3,0.0
2019-11-05,3074.6,3080.8,3083.9,3072.2,,-0.12,-0.0012019621219505616,1.1128367234744454,3060.84,3009.2050000000004,2964.3,0.15668000395544904,3078.3,-0.0012019621219505616
2019-11-06,3076.8,3075.1,3078.3,3065.9,,0.07,0.0007155402328760108,1.1143485431555895,3066.84,3017.075,2966.8083333333334,0.15659803587105964,3078.3,-0.00048728194133129676
2019-11-07,3085.2,3087.0,3097.8,3080.2,,0.27,0.002730109204368114,1.120120945574501,3076.36,3024.4300000000003,2970.885,0.156508254021234,3085.2,0.0
2019-11-08,3093.1,3081.2,3093.1,3073.6,,0.26,0.0025606119538441607,1.1255497526113345,3081.6,3030.57,2974.976666666667,0.15513256662987507,3093.1,0.0
2019-11-11,3087.0,3080.3,3088.3,3075.8,,-0.2,-0.0019721315185412536,1.1213578889499822,3083.34,3036.61,2978.2816666666668,0.15512303775372732,3093.1,-0.0019721315185412536
2019-11-12,3091.8,3089.3,3102.6,3084.7,,0.16,0.001554907677356665,1.1246564046179315,3086.7799999999997,3041.415,2981.0833333333335,0.15482609103774458,3093.1,-0.0004202903236234512
2019-11-13,3094.0,3084.2,3098.1,3078.8,,0.07,0.0007115596092890364,1.1261682242990747,3090.22,3046.63,2984.3083333333334,0.1534957465394506,3094.0,0.0
2019-11-14,3096.6,3090.8,3098.2,3083.3,,0.08,0.0008403361344537785,1.1279549202858807,3092.5,3051.565,2987.1783333333337,0.1534826606664867,3096.6,0.0
